timestamp,total_load
2013-01-01 00:00:00,3121.888000000009
2013-01-01 00:30:00,2974.3760000000016
2013-01-01 01:00:00,2802.0600000000027
2013-01-01 01:30:00,2710.423999999994
2013-01-01 02:00:00,2500.3699999999985
2013-01-01 02:30:00,2408.3679999999995
2013-01-01 03:00:00,2288.023999999999
2013-01-01 03:30:00,2238.9300000000094
2013-01-01 04:00:00,2160.992
2013-01-01 04:30:00,2132.1539999999936
2013-01-01 05:00:00,2109.88
2013-01-01 05:30:00,2158.115999999998
2013-01-01 06:00:00,2217.2560000000026
2013-01-01 06:30:00,2380.528000000002
2013-01-01 07:00:00,2602.1839999999934
2013-01-01 07:30:00,2874.449999999997
2013-01-01 08:00:00,3196.961999999999
2013-01-01 08:30:00,3534.9579999999905
2013-01-01 09:00:00,3920.069999999988
2013-01-01 09:30:00,4337.5800000000045
2013-01-01 10:00:00,4774.2560000000185
2013-01-01 10:30:00,5206.882
2013-01-01 11:00:00,5534.264000000011
2013-01-01 11:30:00,5835.637999999999
2013-01-01 12:00:00,6086.626000000004
2013-01-01 12:30:00,6119.248000000005
2013-01-01 13:00:00,6221.547999999997
2013-01-01 13:30:00,6274.17000000001
2013-01-01 14:00:00,6306.3820000000105
2013-01-01 14:30:00,6250.3460000000005
2013-01-01 15:00:00,6221.417999999995
2013-01-01 15:30:00,6198.161999999999
2013-01-01 16:00:00,6288.539999999989
2013-01-01 16:30:00,6426.727999999987
2013-01-01 17:00:00,6664.816000000007
2013-01-01 17:30:00,6866.591999999982
2013-01-01 18:00:00,6905.256000000008
2013-01-01 18:30:00,6628.89400000001
2013-01-01 19:00:00,6354.077999999995
2013-01-01 19:30:00,6224.0900000000065
2013-01-01 20:00:00,6132.12
2013-01-01 20:30:00,5882.746000000007
2013-01-01 21:00:00,5447.358000000003
2013-01-01 21:30:00,5048.494000000014
2013-01-01 22:00:00,4638.136000000003
2013-01-01 22:30:00,4185.128000000004
2013-01-01 23:00:00,3735.0919999999956
2013-01-01 23:30:00,3313.1600000000017
2013-01-02 00:00:00,3016.1239999999925
2013-01-02 00:30:00,2777.949999999992
2013-01-02 01:00:00,2626.2499999999945
2013-01-02 01:30:00,2465.2219999999984
2013-01-02 02:00:00,2395.5019999999995
2013-01-02 02:30:00,2306.709999999988
2013-01-02 03:00:00,2220.7860000000046
2013-01-02 03:30:00,2187.3720000000067
2013-01-02 04:00:00,2193.131999999994
2013-01-02 04:30:00,2197.656000000004
2013-01-02 05:00:00,2219.9919999999975
2013-01-02 05:30:00,2311.7279999999996
2013-01-02 06:00:00,2410.776000000004
2013-01-02 06:30:00,2517.561999999998
2013-01-02 07:00:00,2757.232000000003
2013-01-02 07:30:00,2953.079999999993
2013-01-02 08:00:00,3089.8960000000015
2013-01-02 08:30:00,3117.634000000001
2013-01-02 09:00:00,3139.784000000009
2013-01-02 09:30:00,3196.4299999999944
2013-01-02 10:00:00,3223.6599999999953
2013-01-02 10:30:00,3274.8659999999973
2013-01-02 11:00:00,3335.0880000000056
2013-01-02 11:30:00,3369.1579999999954
2013-01-02 12:00:00,3442.995999999998
2013-01-02 12:30:00,3441.3779999999974
2013-01-02 13:00:00,3471.345999999996
2013-01-02 13:30:00,3470.0279999999952
2013-01-02 14:00:00,3468.334000000002
2013-01-02 14:30:00,3510.4820000000063
2013-01-02 15:00:00,3547.531999999988
2013-01-02 15:30:00,3583.004000000004
2013-01-02 16:00:00,3758.751999999987
2013-01-02 16:30:00,3980.415999999993
2013-01-02 17:00:00,4181.316000000003
2013-01-02 17:30:00,4520.060000000005
2013-01-02 18:00:00,4601.565999999975
2013-01-02 18:30:00,4507.138000000001
2013-01-02 19:00:00,4381.952000000014
2013-01-02 19:30:00,4193.794000000009
2013-01-02 20:00:00,4115.357999999999
2013-01-02 20:30:00,3961.3520000000067
2013-01-02 21:00:00,3789.666000000008
2013-01-02 21:30:00,3535.6779999999953
2013-01-02 22:00:00,3263.346000000003
2013-01-02 22:30:00,3012.241999999991
2013-01-02 23:00:00,2706.599999999995
2013-01-02 23:30:00,2449.882000000009
2013-01-03 00:00:00,2268.4820000000027
2013-01-03 00:30:00,2126.2639999999983
2013-01-03 01:00:00,2015.4619999999977
2013-01-03 01:30:00,1941.2
2013-01-03 02:00:00,1882.104
2013-01-03 02:30:00,1843.001999999997
2013-01-03 03:00:00,1808.7999999999972
2013-01-03 03:30:00,1811.9879999999966
2013-01-03 04:00:00,1829.4640000000013
2013-01-03 04:30:00,1889.1700000000028
2013-01-03 05:00:00,1939.5119999999965
2013-01-03 05:30:00,2086.3380000000006
2013-01-03 06:00:00,2221.554000000002
2013-01-03 06:30:00,2378.8440000000037
2013-01-03 07:00:00,2629.868
2013-01-03 07:30:00,2791.808000000005
2013-01-03 08:00:00,2866.76399999999
2013-01-03 08:30:00,2927.9099999999885
2013-01-03 09:00:00,2958.306000000001
2013-01-03 09:30:00,2966.9899999999934
2013-01-03 10:00:00,2992.3140000000026
2013-01-03 10:30:00,2965.533999999998
2013-01-03 11:00:00,2966.8700000000013
2013-01-03 11:30:00,2995.4719999999993
2013-01-03 12:00:00,3034.5199999999963
2013-01-03 12:30:00,3022.6980000000035
2013-01-03 13:00:00,3042.022000000017
2013-01-03 13:30:00,3063.1179999999918
2013-01-03 14:00:00,3087.701999999992
2013-01-03 14:30:00,3121.0520000000038
2013-01-03 15:00:00,3252.3380000000166
2013-01-03 15:30:00,3413.9239999999936
2013-01-03 16:00:00,3586.362000000003
2013-01-03 16:30:00,3807.4399999999982
2013-01-03 17:00:00,4033.4459999999995
2013-01-03 17:30:00,4240.168000000002
2013-01-03 18:00:00,4514.171999999981
2013-01-03 18:30:00,4423.201999999997
2013-01-03 19:00:00,4268.229999999998
2013-01-03 19:30:00,4161.2560000000085
2013-01-03 20:00:00,4226.56599999999
2013-01-03 20:30:00,4174.605999999996
2013-01-03 21:00:00,4011.6379999999976
2013-01-03 21:30:00,3797.735999999997
2013-01-03 22:00:00,3574.956000000004
2013-01-03 22:30:00,3208.2540000000076
2013-01-03 23:00:00,2894.546000000008
2013-01-03 23:30:00,2628.869999999993
2013-01-04 00:00:00,2351.356000000001
2013-01-04 00:30:00,2207.655999999996
2013-01-04 01:00:00,2088.3219999999915
2013-01-04 01:30:00,1992.5400000000009
2013-01-04 02:00:00,1970.1059999999911
2013-01-04 02:30:00,1914.2579999999969
2013-01-04 03:00:00,1870.9579999999967
2013-01-04 03:30:00,1854.1119999999985
2013-01-04 04:00:00,1893.3540000000016
2013-01-04 04:30:00,1905.2319999999966
2013-01-04 05:00:00,1982.9959999999983
2013-01-04 05:30:00,2119.5119999999943
2013-01-04 06:00:00,2252.678
2013-01-04 06:30:00,2450.6579999999976
2013-01-04 07:00:00,2681.703999999992
2013-01-04 07:30:00,2823.6780000000085
2013-01-04 08:00:00,2945.843999999984
2013-01-04 08:30:00,2985.623999999997
2013-01-04 09:00:00,3033.9900000000052
2013-01-04 09:30:00,3105.201999999996
2013-01-04 10:00:00,3139.923999999996
2013-01-04 10:30:00,3226.3340000000017
2013-01-04 11:00:00,3354.6840000000007
2013-01-04 11:30:00,3541.844000000004
2013-01-04 12:00:00,3613.689999999998
2013-01-04 12:30:00,3711.1160000000004
2013-01-04 13:00:00,3775.3799999999956
2013-01-04 13:30:00,3879.790000000002
2013-01-04 14:00:00,3952.5280000000075
2013-01-04 14:30:00,4079.296000000004
2013-01-04 15:00:00,4209.325999999997
2013-01-04 15:30:00,4337.842000000008
2013-01-04 16:00:00,4548.565999999982
2013-01-04 16:30:00,4750.226000000001
2013-01-04 17:00:00,5032.751999999987
2013-01-04 17:30:00,5117.554000000007
2013-01-04 18:00:00,5035.4219999999905
2013-01-04 18:30:00,4964.746000000004
2013-01-04 19:00:00,4787.797999999996
2013-01-04 19:30:00,4683.989999999996
2013-01-04 20:00:00,4688.754000000012
2013-01-04 20:30:00,4626.703999999999
2013-01-04 21:00:00,4379.417999999993
2013-01-04 21:30:00,4124.758000000003
2013-01-04 22:00:00,3875.7760000000058
2013-01-04 22:30:00,3489.3639999999937
2013-01-04 23:00:00,3144.121999999989
2013-01-04 23:30:00,2893.6820000000034
2013-01-05 00:00:00,2705.351999999998
2013-01-05 00:30:00,2490.998000000002
2013-01-05 01:00:00,2332.812000000003
2013-01-05 01:30:00,2243.1559999999968
2013-01-05 02:00:00,2148.452000000004
2013-01-05 02:30:00,2085.435999999996
2013-01-05 03:00:00,2020.1679999999994
2013-01-05 03:30:00,1999.1980000000028
2013-01-05 04:00:00,1976.232000000004
2013-01-05 04:30:00,1963.3380000000018
2013-01-05 05:00:00,2026.944000000004
2013-01-05 05:30:00,2107.3500000000017
2013-01-05 06:00:00,2151.0760000000046
2013-01-05 06:30:00,2358.3560000000016
2013-01-05 07:00:00,2623.117999999998
2013-01-05 07:30:00,2866.5979999999954
2013-01-05 08:00:00,3028.865999999994
2013-01-05 08:30:00,3234.902000000001
2013-01-05 09:00:00,3439.7019999999925
2013-01-05 09:30:00,3583.3140000000094
2013-01-05 10:00:00,3770.477999999991
2013-01-05 10:30:00,3910.962000000004
2013-01-05 11:00:00,4209.007999999994
2013-01-05 11:30:00,4504.749999999993
2013-01-05 12:00:00,4785.154000000008
2013-01-05 12:30:00,4988.836
2013-01-05 13:00:00,5133.294000000006
2013-01-05 13:30:00,5373.591999999989
2013-01-05 14:00:00,5557.7699999999895
2013-01-05 14:30:00,5746.653999999993
2013-01-05 15:00:00,5978.609999999991
2013-01-05 15:30:00,6148.943999999977
2013-01-05 16:00:00,6285.567999999989
2013-01-05 16:30:00,6497.942000000008
2013-01-05 17:00:00,6585.241999999998
2013-01-05 17:30:00,6541.232
2013-01-05 18:00:00,6446.0700000000015
2013-01-05 18:30:00,6289.460000000003
2013-01-05 19:00:00,6096.275999999994
2013-01-05 19:30:00,5804.581999999982
2013-01-05 20:00:00,5754.152000000003
2013-01-05 20:30:00,5517.685999999992
2013-01-05 21:00:00,5104.170000000011
2013-01-05 21:30:00,4809.044000000002
2013-01-05 22:00:00,4462.412000000001
2013-01-05 22:30:00,4114.238000000005
2013-01-05 23:00:00,3687.257999999994
2013-01-05 23:30:00,3308.4699999999903
2013-01-06 00:00:00,3043.0740000000087
2013-01-06 00:30:00,2812.240000000002
2013-01-06 01:00:00,2615.2040000000084
2013-01-06 01:30:00,2477.560000000001
2013-01-06 02:00:00,2382.366000000004
2013-01-06 02:30:00,2282.492000000004
2013-01-06 03:00:00,2207.336000000003
2013-01-06 03:30:00,2159.6919999999955
2013-01-06 04:00:00,2111.7260000000015
2013-01-06 04:30:00,2103.044000000001
2013-01-06 05:00:00,2131.2139999999977
2013-01-06 05:30:00,2169.072
2013-01-06 06:00:00,2244.898000000002
2013-01-06 06:30:00,2437.88399999999
2013-01-06 07:00:00,2696.100000000006
2013-01-06 07:30:00,2901.4559999999947
2013-01-06 08:00:00,3186.0139999999938
2013-01-06 08:30:00,3412.07399999999
2013-01-06 09:00:00,3622.555999999998
2013-01-06 09:30:00,3844.370000000009
2013-01-06 10:00:00,4010.2719999999963
2013-01-06 10:30:00,4160.630000000005
2013-01-06 11:00:00,4403.78000000001
2013-01-06 11:30:00,4666.9899999999925
2013-01-06 12:00:00,4897.866000000016
2013-01-06 12:30:00,5020.721999999996
2013-01-06 13:00:00,5099.828000000007
2013-01-06 13:30:00,5223.140000000014
2013-01-06 14:00:00,5275.027999999983
2013-01-06 14:30:00,5366.741999999993
2013-01-06 15:00:00,5459.0040000000035
2013-01-06 15:30:00,5514.259999999991
2013-01-06 16:00:00,5550.7419999999975
2013-01-06 16:30:00,5752.393999999997
2013-01-06 17:00:00,5927.355999999999
2013-01-06 17:30:00,5983.368000000018
2013-01-06 18:00:00,5943.266
2013-01-06 18:30:00,5712.528
2013-01-06 19:00:00,5400.202000000021
2013-01-06 19:30:00,5285.373999999995
2013-01-06 20:00:00,5313.929999999989
2013-01-06 20:30:00,5228.160000000003
2013-01-06 21:00:00,4993.356000000001
2013-01-06 21:30:00,4616.124
2013-01-06 22:00:00,4208.781999999993
2013-01-06 22:30:00,3734.510000000002
2013-01-06 23:00:00,3422.670000000002
2013-01-06 23:30:00,3042.8360000000057
2013-01-07 00:00:00,2819.8640000000046
2013-01-07 00:30:00,2614.129999999996
2013-01-07 01:00:00,2504.1899999999973
2013-01-07 01:30:00,2400.870000000013
2013-01-07 02:00:00,2329.5320000000006
2013-01-07 02:30:00,2276.6659999999965
2013-01-07 03:00:00,2216.3320000000012
2013-01-07 03:30:00,2194.670000000001
2013-01-07 04:00:00,2175.4339999999984
2013-01-07 04:30:00,2203.1300000000006
2013-01-07 05:00:00,2278.083999999995
2013-01-07 05:30:00,2439.186000000013
2013-01-07 06:00:00,2535.1959999999963
2013-01-07 06:30:00,2770.6980000000026
2013-01-07 07:00:00,2934.517999999998
2013-01-07 07:30:00,3024.9159999999943
2013-01-07 08:00:00,3104.064000000002
2013-01-07 08:30:00,3120.373999999991
2013-01-07 09:00:00,3270.5359999999932
2013-01-07 09:30:00,3426.7159999999935
2013-01-07 10:00:00,3438.2599999999907
2013-01-07 10:30:00,3500.609999999989
2013-01-07 11:00:00,3642.140000000004
2013-01-07 11:30:00,3765.676000000001
2013-01-07 12:00:00,3897.6260000000057
2013-01-07 12:30:00,4049.738000000007
2013-01-07 13:00:00,4177.548000000008
2013-01-07 13:30:00,4276.22399999999
2013-01-07 14:00:00,4417.891999999997
2013-01-07 14:30:00,4573.8120000000035
2013-01-07 15:00:00,4720.315999999984
2013-01-07 15:30:00,4988.168
2013-01-07 16:00:00,5264.83600000002
2013-01-07 16:30:00,5551.595999999993
2013-01-07 17:00:00,5819.328000000003
2013-01-07 17:30:00,6116.414
2013-01-07 18:00:00,6175.916000000019
2013-01-07 18:30:00,6064.134000000008
2013-01-07 19:00:00,5713.762000000003
2013-01-07 19:30:00,5516.144000000017
2013-01-07 20:00:00,5472.706000000005
2013-01-07 20:30:00,5276.617999999993
2013-01-07 21:00:00,4950.640000000004
2013-01-07 21:30:00,4614.971999999995
2013-01-07 22:00:00,4170.261999999998
2013-01-07 22:30:00,3756.9119999999934
2013-01-07 23:00:00,3384.674000000008
2013-01-07 23:30:00,3058.2579999999984
2013-01-08 00:00:00,2798.044000000001
2013-01-08 00:30:00,2622.874000000004
2013-01-08 01:00:00,2491.705999999999
2013-01-08 01:30:00,2362.3860000000027
2013-01-08 02:00:00,2318.817999999991
2013-01-08 02:30:00,2243.122000000002
2013-01-08 03:00:00,2177.9160000000006
2013-01-08 03:30:00,2146.3539999999966
2013-01-08 04:00:00,2156.914000000005
2013-01-08 04:30:00,2196.1600000000076
2013-01-08 05:00:00,2295.326000000001
2013-01-08 05:30:00,2443.9319999999975
2013-01-08 06:00:00,2623.877999999993
2013-01-08 06:30:00,2875.8340000000126
2013-01-08 07:00:00,3187.7099999999973
2013-01-08 07:30:00,3397.4499999999966
2013-01-08 08:00:00,3574.75
2013-01-08 08:30:00,3833.3639999999923
2013-01-08 09:00:00,4131.594000000002
2013-01-08 09:30:00,4478.748000000009
2013-01-08 10:00:00,4893.591999999995
2013-01-08 10:30:00,5190.557999999987
2013-01-08 11:00:00,5595.593999999992
2013-01-08 11:30:00,6008.826000000009
2013-01-08 12:00:00,6441.9320000000025
2013-01-08 12:30:00,6725.474000000022
2013-01-08 13:00:00,7100.9259999999895
2013-01-08 13:30:00,7376.026000000004
2013-01-08 14:00:00,7511.956000000034
2013-01-08 14:30:00,7823.463999999987
2013-01-08 15:00:00,8205.945999999998
2013-01-08 15:30:00,8569.853999999972
2013-01-08 16:00:00,8966.08799999997
2013-01-08 16:30:00,9428.582000000011
2013-01-08 17:00:00,9837.842000000004
2013-01-08 17:30:00,10310.46000000001
2013-01-08 18:00:00,10450.079999999947
2013-01-08 18:30:00,10306.756000000016
2013-01-08 19:00:00,10181.460000000005
2013-01-08 19:30:00,10091.091999999995
2013-01-08 20:00:00,10014.372000000027
2013-01-08 20:30:00,9758.166000000016
2013-01-08 21:00:00,9279.69599999999
2013-01-08 21:30:00,8598.022000000004
2013-01-08 22:00:00,7901.882000000014
2013-01-08 22:30:00,7064.564000000009
2013-01-08 23:00:00,6375.828
2013-01-08 23:30:00,5856.645999999987
2013-01-09 00:00:00,5417.106000000003
2013-01-09 00:30:00,5177.86599999999
2013-01-09 01:00:00,4924.184000000013
2013-01-09 01:30:00,4646.230000000007
2013-01-09 02:00:00,4449.19200000001
2013-01-09 02:30:00,4224.96599999999
2013-01-09 03:00:00,4045.854000000002
2013-01-09 03:30:00,3934.5200000000104
2013-01-09 04:00:00,3816.174000000003
2013-01-09 04:30:00,3671.4640000000136
2013-01-09 05:00:00,3621.943999999998
2013-01-09 05:30:00,3539.601999999997
2013-01-09 06:00:00,3555.8019999999988
2013-01-09 06:30:00,3688.103999999994
2013-01-09 07:00:00,3734.9039999999973
2013-01-09 07:30:00,3733.125999999998
2013-01-09 08:00:00,3731.2459999999987
2013-01-09 08:30:00,3692.987999999999
2013-01-09 09:00:00,3707.046000000006
2013-01-09 09:30:00,3627.716000000001
2013-01-09 10:00:00,3520.1119999999914
2013-01-09 10:30:00,3537.432000000002
2013-01-09 11:00:00,3564.053999999995
2013-01-09 11:30:00,3534.7579999999975
2013-01-09 12:00:00,3576.5539999999983
2013-01-09 12:30:00,3527.6040000000003
2013-01-09 13:00:00,3508.7080000000065
2013-01-09 13:30:00,3507.6359999999927
2013-01-09 14:00:00,3452.5199999999977
2013-01-09 14:30:00,3418.1840000000057
2013-01-09 15:00:00,3476.086000000001
2013-01-09 15:30:00,3568.593999999986
2013-01-09 16:00:00,3633.9920000000056
2013-01-09 16:30:00,3748.8479999999972
2013-01-09 17:00:00,4070.460000000008
2013-01-09 17:30:00,4431.0760000000055
2013-01-09 18:00:00,4622.465999999991
2013-01-09 18:30:00,4457.839999999997
2013-01-09 19:00:00,4325.585999999988
2013-01-09 19:30:00,4297.889999999991
2013-01-09 20:00:00,4261.565999999996
2013-01-09 20:30:00,4120.480000000007
2013-01-09 21:00:00,3945.888
2013-01-09 21:30:00,3663.0680000000075
2013-01-09 22:00:00,3406.108000000005
2013-01-09 22:30:00,3051.6100000000065
2013-01-09 23:00:00,2736.652000000013
2013-01-09 23:30:00,2497.2799999999966
2013-01-10 00:00:00,2328.6840000000097
2013-01-10 00:30:00,2186.450000000004
2013-01-10 01:00:00,2103.5300000000007
2013-01-10 01:30:00,2030.3999999999996
2013-01-10 02:00:00,1978.1320000000046
2013-01-10 02:30:00,1955.3500000000045
2013-01-10 03:00:00,1942.6020000000008
2013-01-10 03:30:00,1918.2139999999995
2013-01-10 04:00:00,1938.3260000000016
2013-01-10 04:30:00,1978.5639999999994
2013-01-10 05:00:00,2084.3180000000025
2013-01-10 05:30:00,2269.2919999999967
2013-01-10 06:00:00,2398.239999999997
2013-01-10 06:30:00,2613.0820000000044
2013-01-10 07:00:00,2830.311999999998
2013-01-10 07:30:00,2902.5599999999936
2013-01-10 08:00:00,2889.2859999999855
2013-01-10 08:30:00,2885.0519999999938
2013-01-10 09:00:00,2872.1479999999997
2013-01-10 09:30:00,2860.0899999999956
2013-01-10 10:00:00,2782.0639999999994
2013-01-10 10:30:00,2834.263999999996
2013-01-10 11:00:00,2878.1960000000117
2013-01-10 11:30:00,2928.7839999999924
2013-01-10 12:00:00,2899.91400000001
2013-01-10 12:30:00,2899.1699999999933
2013-01-10 13:00:00,2901.3959999999934
2013-01-10 13:30:00,2928.628000000008
2013-01-10 14:00:00,2942.7299999999927
2013-01-10 14:30:00,2982.632000000005
2013-01-10 15:00:00,3080.4499999999925
2013-01-10 15:30:00,3179.7039999999984
2013-01-10 16:00:00,3279.0579999999895
2013-01-10 16:30:00,3573.3460000000005
2013-01-10 17:00:00,3910.776000000004
2013-01-10 17:30:00,4141.463999999998
2013-01-10 18:00:00,4209.578000000004
2013-01-10 18:30:00,4169.919999999999
2013-01-10 19:00:00,4100.949999999994
2013-01-10 19:30:00,4164.608000000011
2013-01-10 20:00:00,4287.822000000003
2013-01-10 20:30:00,4201.27
2013-01-10 21:00:00,4050.3979999999897
2013-01-10 21:30:00,3759.6640000000043
2013-01-10 22:00:00,3460.3060000000137
2013-01-10 22:30:00,3192.6480000000006
2013-01-10 23:00:00,2883.4260000000017
2013-01-10 23:30:00,2621.550000000001
2013-01-11 00:00:00,2379.0480000000052
2013-01-11 00:30:00,2241.802000000004
2013-01-11 01:00:00,2138.033999999997
2013-01-11 01:30:00,2088.302000000004
2013-01-11 02:00:00,2030.5860000000032
2013-01-11 02:30:00,1988.6500000000024
2013-01-11 03:00:00,1950.5760000000043
2013-01-11 03:30:00,1929.3120000000038
2013-01-11 04:00:00,1942.8180000000004
2013-01-11 04:30:00,1999.5599999999986
2013-01-11 05:00:00,2094.449999999992
2013-01-11 05:30:00,2266.6260000000025
2013-01-11 06:00:00,2392.3179999999966
2013-01-11 06:30:00,2635.46800000001
2013-01-11 07:00:00,2868.6319999999955
2013-01-11 07:30:00,2969.2659999999937
2013-01-11 08:00:00,3017.9659999999894
2013-01-11 08:30:00,3091.0539999999996
2013-01-11 09:00:00,3183.5819999999926
2013-01-11 09:30:00,3345.067999999996
2013-01-11 10:00:00,3426.814000000002
2013-01-11 10:30:00,3560.2239999999933
2013-01-11 11:00:00,3798.629999999992
2013-01-11 11:30:00,4032.330000000002
2013-01-11 12:00:00,4297.830000000008
2013-01-11 12:30:00,4587.801999999999
2013-01-11 13:00:00,4913.173999999978
2013-01-11 13:30:00,5152.070000000017
2013-01-11 14:00:00,5375.65599999999
2013-01-11 14:30:00,5672.427999999992
2013-01-11 15:00:00,5924.012000000011
2013-01-11 15:30:00,6292.081999999995
2013-01-11 16:00:00,6709.758000000023
2013-01-11 16:30:00,7080.844000000011
2013-01-11 17:00:00,7390.976000000008
2013-01-11 17:30:00,7679.4639999999945
2013-01-11 18:00:00,7801.698000000002
2013-01-11 18:30:00,7793.293999999996
2013-01-11 19:00:00,7689.858
2013-01-11 19:30:00,7653.729999999977
2013-01-11 20:00:00,7683.260000000004
2013-01-11 20:30:00,7624.9619999999795
2013-01-11 21:00:00,7260.552000000002
2013-01-11 21:30:00,6767.7640000000065
2013-01-11 22:00:00,6217.232000000006
2013-01-11 22:30:00,5672.722000000006
2013-01-11 23:00:00,5065.711999999988
2013-01-11 23:30:00,4483.016000000007
2013-01-12 00:00:00,4121.451999999987
2013-01-12 00:30:00,3816.8759999999997
2013-01-12 01:00:00,3577.2879999999914
2013-01-12 01:30:00,3363.139999999998
2013-01-12 02:00:00,3225.8960000000025
2013-01-12 02:30:00,3054.361999999995
2013-01-12 03:00:00,2968.968000000004
2013-01-12 03:30:00,2840.501999999996
2013-01-12 04:00:00,2763.1020000000008
2013-01-12 04:30:00,2751.2720000000086
2013-01-12 05:00:00,2725.7099999999978
2013-01-12 05:30:00,2770.919999999994
2013-01-12 06:00:00,2933.1000000000013
2013-01-12 06:30:00,3216.1000000000026
2013-01-12 07:00:00,3650.3299999999954
2013-01-12 07:30:00,4181.726000000009
2013-01-12 08:00:00,4889.134000000002
2013-01-12 08:30:00,5552.758000000005
2013-01-12 09:00:00,6035.8420000000015
2013-01-12 09:30:00,6551.77199999999
2013-01-12 10:00:00,6930.434000000017
2013-01-12 10:30:00,7227.898000000015
2013-01-12 11:00:00,7466.426000000001
2013-01-12 11:30:00,7526.954000000012
2013-01-12 12:00:00,7580.449999999987
2013-01-12 12:30:00,7620.50200000001
2013-01-12 13:00:00,7659.913999999987
2013-01-12 13:30:00,7808.19800000001
2013-01-12 14:00:00,7990.943999999991
2013-01-12 14:30:00,7890.662000000002
2013-01-12 15:00:00,7850.089999999997
2013-01-12 15:30:00,7843.242000000013
2013-01-12 16:00:00,7470.616000000002
2013-01-12 16:30:00,7108.01600000001
2013-01-12 17:00:00,6751.236000000001
2013-01-12 17:30:00,6315.113999999986
2013-01-12 18:00:00,5935.013999999998
2013-01-12 18:30:00,5579.802000000015
2013-01-12 19:00:00,5268.655999999998
2013-01-12 19:30:00,5171.648000000005
2013-01-12 20:00:00,5161.417999999997
2013-01-12 20:30:00,5005.395999999997
2013-01-12 21:00:00,4713.971999999999
2013-01-12 21:30:00,4489.050000000003
2013-01-12 22:00:00,4209.7699999999895
2013-01-12 22:30:00,3839.687999999991
2013-01-12 23:00:00,3561.167999999991
2013-01-12 23:30:00,3248.2700000000073
2013-01-13 00:00:00,3027.8179999999993
2013-01-13 00:30:00,2804.9960000000033
2013-01-13 01:00:00,2675.0420000000036
2013-01-13 01:30:00,2531.4579999999987
2013-01-13 02:00:00,2445.1079999999934
2013-01-13 02:30:00,2374.305999999992
2013-01-13 03:00:00,2309.9379999999965
2013-01-13 03:30:00,2247.2659999999987
2013-01-13 04:00:00,2219.3159999999957
2013-01-13 04:30:00,2192.894000000003
2013-01-13 05:00:00,2228.692000000002
2013-01-13 05:30:00,2278.8919999999935
2013-01-13 06:00:00,2341.206
2013-01-13 06:30:00,2501.4459999999963
2013-01-13 07:00:00,2712.4579999999974
2013-01-13 07:30:00,2977.5979999999977
2013-01-13 08:00:00,3145.2300000000046
2013-01-13 08:30:00,3274.5220000000018
2013-01-13 09:00:00,3417.2079999999946
2013-01-13 09:30:00,3474.0000000000005
2013-01-13 10:00:00,3629.361999999993
2013-01-13 10:30:00,3683.1479999999897
2013-01-13 11:00:00,3856.6180000000136
2013-01-13 11:30:00,3973.7220000000098
2013-01-13 12:00:00,4074.9740000000033
2013-01-13 12:30:00,4096.362000000009
2013-01-13 13:00:00,4247.998000000001
2013-01-13 13:30:00,4339.350000000005
2013-01-13 14:00:00,4444.274000000013
2013-01-13 14:30:00,4546.022000000007
2013-01-13 15:00:00,4570.222000000002
2013-01-13 15:30:00,4655.552000000003
2013-01-13 16:00:00,4732.960000000008
2013-01-13 16:30:00,4855.5679999999975
2013-01-13 17:00:00,5016.972000000006
2013-01-13 17:30:00,5180.451999999984
2013-01-13 18:00:00,5173.0520000000015
2013-01-13 18:30:00,5010.468
2013-01-13 19:00:00,4867.914000000008
2013-01-13 19:30:00,4762.164000000002
2013-01-13 20:00:00,4621.781999999994
2013-01-13 20:30:00,4420.988000000008
2013-01-13 21:00:00,4088.5559999999946
2013-01-13 21:30:00,3750.920000000001
2013-01-13 22:00:00,3403.8939999999902
2013-01-13 22:30:00,3078.163999999999
2013-01-13 23:00:00,2777.715999999998
2013-01-13 23:30:00,2550.178000000003
2013-01-14 00:00:00,2373.0220000000004
2013-01-14 00:30:00,2225.387999999999
2013-01-14 01:00:00,2110.934000000005
2013-01-14 01:30:00,2064.342000000003
2013-01-14 02:00:00,1981.0180000000028
2013-01-14 02:30:00,1930.2999999999972
2013-01-14 03:00:00,1908.6300000000056
2013-01-14 03:30:00,1871.8279999999963
2013-01-14 04:00:00,1874.0999999999997
2013-01-14 04:30:00,1946.8540000000044
2013-01-14 05:00:00,2065.9520000000043
2013-01-14 05:30:00,2242.486000000003
2013-01-14 06:00:00,2473.536000000008
2013-01-14 06:30:00,2645.9340000000084
2013-01-14 07:00:00,2814.282000000001
2013-01-14 07:30:00,2887.8879999999904
2013-01-14 08:00:00,2901.806000000003
2013-01-14 08:30:00,2907.9859999999844
2013-01-14 09:00:00,2869.0199999999945
2013-01-14 09:30:00,2850.6499999999915
2013-01-14 10:00:00,2838.054000000008
2013-01-14 10:30:00,2831.7699999999927
2013-01-14 11:00:00,2891.937999999993
2013-01-14 11:30:00,2883.0860000000057
2013-01-14 12:00:00,2910.791999999997
2013-01-14 12:30:00,2807.443999999994
2013-01-14 13:00:00,2822.203999999993
2013-01-14 13:30:00,2810.117999999997
2013-01-14 14:00:00,2727.9879999999935
2013-01-14 14:30:00,2718.1540000000045
2013-01-14 15:00:00,2801.304000000008
2013-01-14 15:30:00,2914.1959999999935
2013-01-14 16:00:00,3156.5920000000147
2013-01-14 16:30:00,3426.569999999996
2013-01-14 17:00:00,3704.704000000008
2013-01-14 17:30:00,4047.679999999995
2013-01-14 18:00:00,4248.423999999997
2013-01-14 18:30:00,4255.150000000007
2013-01-14 19:00:00,4147.564000000005
2013-01-14 19:30:00,4131.0720000000065
2013-01-14 20:00:00,4198.4640000000045
2013-01-14 20:30:00,4065.677999999995
2013-01-14 21:00:00,3846.3500000000104
2013-01-14 21:30:00,3505.617999999994
2013-01-14 22:00:00,3190.288000000004
2013-01-14 22:30:00,2928.6799999999944
2013-01-14 23:00:00,2566.7140000000018
2013-01-14 23:30:00,2344.883999999988
2013-01-15 00:00:00,2153.9740000000006
2013-01-15 00:30:00,2001.2339999999979
2013-01-15 01:00:00,1931.9180000000008
2013-01-15 01:30:00,1889.8299999999938
2013-01-15 02:00:00,1821.1999999999973
2013-01-15 02:30:00,1767.1999999999953
2013-01-15 03:00:00,1742.0660000000034
2013-01-15 03:30:00,1739.6379999999974
2013-01-15 04:00:00,1766.9640000000015
2013-01-15 04:30:00,1812.7520000000027
2013-01-15 05:00:00,1978.9659999999894
2013-01-15 05:30:00,2156.342000000003
2013-01-15 06:00:00,2352.773999999993
2013-01-15 06:30:00,2618.883999999997
2013-01-15 07:00:00,2783.995999999991
2013-01-15 07:30:00,2876.695999999998
2013-01-15 08:00:00,2806.335999999998
2013-01-15 08:30:00,2710.1299999999933
2013-01-15 09:00:00,2816.987999999994
2013-01-15 09:30:00,2738.1560000000004
2013-01-15 10:00:00,2730.4620000000073
2013-01-15 10:30:00,2800.2939999999967
2013-01-15 11:00:00,2776.220000000002
2013-01-15 11:30:00,2817.2600000000048
2013-01-15 12:00:00,2821.649999999984
2013-01-15 12:30:00,2826.026000000007
2013-01-15 13:00:00,2826.6739999999904
2013-01-15 13:30:00,2793.227999999998
2013-01-15 14:00:00,2802.7
2013-01-15 14:30:00,2815.2839999999983
2013-01-15 15:00:00,2928.952000000001
2013-01-15 15:30:00,3106.872000000004
2013-01-15 16:00:00,3322.2759999999885
2013-01-15 16:30:00,3578.4740000000083
2013-01-15 17:00:00,3878.5840000000094
2013-01-15 17:30:00,4179.333999999998
2013-01-15 18:00:00,4220.856000000019
2013-01-15 18:30:00,4290.532000000006
2013-01-15 19:00:00,4171.169999999995
2013-01-15 19:30:00,4196.267999999991
2013-01-15 20:00:00,4266.976000000004
2013-01-15 20:30:00,4155.606000000006
2013-01-15 21:00:00,3995.4600000000064
2013-01-15 21:30:00,3714.0900000000006
2013-01-15 22:00:00,3350.777999999998
2013-01-15 22:30:00,3025.1080000000084
2013-01-15 23:00:00,2737.577999999997
2013-01-15 23:30:00,2468.546
2013-01-16 00:00:00,2283.0300000000047
2013-01-16 00:30:00,2165.4939999999974
2013-01-16 01:00:00,2043.4979999999973
2013-01-16 01:30:00,1979.9260000000022
2013-01-16 02:00:00,1923.1760000000033
2013-01-16 02:30:00,1898.0559999999991
2013-01-16 03:00:00,1846.6279999999972
2013-01-16 03:30:00,1843.4119999999987
2013-01-16 04:00:00,1856.2859999999985
2013-01-16 04:30:00,1883.016000000001
2013-01-16 05:00:00,2045.822000000001
2013-01-16 05:30:00,2241.6560000000004
2013-01-16 06:00:00,2408.967999999994
2013-01-16 06:30:00,2651.328000000007
2013-01-16 07:00:00,2818.1779999999953
2013-01-16 07:30:00,2905.151999999995
2013-01-16 08:00:00,2885.9139999999884
2013-01-16 08:30:00,2867.848000000004
2013-01-16 09:00:00,2816.2520000000027
2013-01-16 09:30:00,2839.866000000003
2013-01-16 10:00:00,2930.5179999999996
2013-01-16 10:30:00,3018.113999999996
2013-01-16 11:00:00,3096.581999999998
2013-01-16 11:30:00,3235.2879999999914
2013-01-16 12:00:00,3312.409999999999
2013-01-16 12:30:00,3430.9279999999953
2013-01-16 13:00:00,3581.872000000001
2013-01-16 13:30:00,3754.279999999993
2013-01-16 14:00:00,3829.821999999995
2013-01-16 14:30:00,3975.422000000003
2013-01-16 15:00:00,4238.6720000000005
2013-01-16 15:30:00,4553.176000000004
2013-01-16 16:00:00,4772.364000000012
2013-01-16 16:30:00,4958.785999999993
2013-01-16 17:00:00,5281.622000000013
2013-01-16 17:30:00,5497.404000000011
2013-01-16 18:00:00,5549.743999999978
2013-01-16 18:30:00,5405.033999999998
2013-01-16 19:00:00,5210.241999999988
2013-01-16 19:30:00,5303.498000000008
2013-01-16 20:00:00,5335.488000000007
2013-01-16 20:30:00,5200.466000000026
2013-01-16 21:00:00,4855.3819999999905
2013-01-16 21:30:00,4517.93999999999
2013-01-16 22:00:00,4083.224000000002
2013-01-16 22:30:00,3634.4200000000014
2013-01-16 23:00:00,3210.5379999999873
2013-01-16 23:30:00,2887.3740000000025
2013-01-17 00:00:00,2663.2340000000013
2013-01-17 00:30:00,2501.3559999999984
2013-01-17 01:00:00,2387.415999999999
2013-01-17 01:30:00,2294.233999999993
2013-01-17 02:00:00,2210.684000000003
2013-01-17 02:30:00,2166.0120000000097
2013-01-17 03:00:00,2101.1779999999953
2013-01-17 03:30:00,2070.728000000002
2013-01-17 04:00:00,2086.2719999999995
2013-01-17 04:30:00,2119.874000000007
2013-01-17 05:00:00,2227.7599999999934
2013-01-17 05:30:00,2412.980000000005
2013-01-17 06:00:00,2602.0060000000008
2013-01-17 06:30:00,2804.423999999996
2013-01-17 07:00:00,2981.167999999999
2013-01-17 07:30:00,3054.6379999999936
2013-01-17 08:00:00,3115.9259999999945
2013-01-17 08:30:00,3187.780000000003
2013-01-17 09:00:00,3292.54400000001
2013-01-17 09:30:00,3367.863999999997
2013-01-17 10:00:00,3503.0460000000076
2013-01-17 10:30:00,3671.132000000007
2013-01-17 11:00:00,3858.449999999993
2013-01-17 11:30:00,4143.920000000001
2013-01-17 12:00:00,4377.609999999995
2013-01-17 12:30:00,4528.17000000001
2013-01-17 13:00:00,4641.306000000006
2013-01-17 13:30:00,4802.656000000012
2013-01-17 14:00:00,4933.776000000002
2013-01-17 14:30:00,5097.630000000002
2013-01-17 15:00:00,5311.848000000023
2013-01-17 15:30:00,5631.629999999973
2013-01-17 16:00:00,5881.941999999995
2013-01-17 16:30:00,6217.628000000014
2013-01-17 17:00:00,6650.807999999992
2013-01-17 17:30:00,6836.269999999974
2013-01-17 18:00:00,6931.960000000007
2013-01-17 18:30:00,6810.215999999988
2013-01-17 19:00:00,6596.010000000012
2013-01-17 19:30:00,6589.895999999997
2013-01-17 20:00:00,6613.621999999999
2013-01-17 20:30:00,6534.567999999995
2013-01-17 21:00:00,6145.49400000001
2013-01-17 21:30:00,5707.015999999986
2013-01-17 22:00:00,5173.735999999988
2013-01-17 22:30:00,4632.672000000005
2013-01-17 23:00:00,4143.18999999999
2013-01-17 23:30:00,3729.761999999999
2013-01-18 00:00:00,3411.621999999994
2013-01-18 00:30:00,3227.189999999991
2013-01-18 01:00:00,3024.9539999999843
2013-01-18 01:30:00,2887.6159999999973
2013-01-18 02:00:00,2771.066000000002
2013-01-18 02:30:00,2656.990000000001
2013-01-18 03:00:00,2578.307999999998
2013-01-18 03:30:00,2542.5839999999976
2013-01-18 04:00:00,2527.6280000000015
2013-01-18 04:30:00,2513.848000000004
2013-01-18 05:00:00,2613.285999999999
2013-01-18 05:30:00,2754.519999999991
2013-01-18 06:00:00,2886.8960000000015
2013-01-18 06:30:00,3175.0039999999944
2013-01-18 07:00:00,3429.345999999999
2013-01-18 07:30:00,3728.2919999999895
2013-01-18 08:00:00,3945.726000000015
2013-01-18 08:30:00,4215.577999999983
2013-01-18 09:00:00,4709.732000000001
2013-01-18 09:30:00,5163.176000000016
2013-01-18 10:00:00,5620.889999999998
2013-01-18 10:30:00,6115.695999999992
2013-01-18 11:00:00,6613.805999999981
2013-01-18 11:30:00,7139.105999999996
2013-01-18 12:00:00,7623.769999999996
2013-01-18 12:30:00,7913.578000000005
2013-01-18 13:00:00,8207.374000000013
2013-01-18 13:30:00,8484.18000000003
2013-01-18 14:00:00,8687.495999999992
2013-01-18 14:30:00,8928.724000000002
2013-01-18 15:00:00,9247.136000000015
2013-01-18 15:30:00,9445.710000000026
2013-01-18 16:00:00,9745.318
2013-01-18 16:30:00,10081.754000000003
2013-01-18 17:00:00,10529.744000000019
2013-01-18 17:30:00,10787.562000000042
2013-01-18 18:00:00,10870.826000000008
2013-01-18 18:30:00,10608.219999999987
2013-01-18 19:00:00,9939.478000000001
2013-01-18 19:30:00,9200.705999999955
2013-01-18 20:00:00,8718.219999999998
2013-01-18 20:30:00,8274.741999999982
2013-01-18 21:00:00,7780.818000000002
2013-01-18 21:30:00,7185.189999999985
2013-01-18 22:00:00,6289.328000000001
2013-01-18 22:30:00,5469.9940000000015
2013-01-18 23:00:00,4868.811999999996
2013-01-18 23:30:00,4391.53800000002
2013-01-19 00:00:00,4022.497999999993
2013-01-19 00:30:00,3689.1620000000053
2013-01-19 01:00:00,3435.5819999999944
2013-01-19 01:30:00,3248.595999999995
2013-01-19 02:00:00,3095.2560000000026
2013-01-19 02:30:00,2950.80599999999
2013-01-19 03:00:00,2803.830000000002
2013-01-19 03:30:00,2751.1079999999924
2013-01-19 04:00:00,2680.146000000004
2013-01-19 04:30:00,2622.4580000000065
2013-01-19 05:00:00,2646.842000000007
2013-01-19 05:30:00,2663.0740000000023
2013-01-19 06:00:00,2732.968000000008
2013-01-19 06:30:00,2876.819999999998
2013-01-19 07:00:00,3054.36599999999
2013-01-19 07:30:00,3196.2500000000055
2013-01-19 08:00:00,3262.7340000000067
2013-01-19 08:30:00,3338.4900000000075
2013-01-19 09:00:00,3359.1859999999906
2013-01-19 09:30:00,3368.1760000000054
2013-01-19 10:00:00,3346.7920000000013
2013-01-19 10:30:00,3281.1839999999956
2013-01-19 11:00:00,3313.3179999999975
2013-01-19 11:30:00,3307.1680000000015
2013-01-19 12:00:00,3330.341999999999
2013-01-19 12:30:00,3250.156000000014
2013-01-19 13:00:00,3276.4859999999962
2013-01-19 13:30:00,3227.2540000000035
2013-01-19 14:00:00,3246.587999999994
2013-01-19 14:30:00,3240.595999999995
2013-01-19 15:00:00,3293.798000000005
2013-01-19 15:30:00,3395.108000000008
2013-01-19 16:00:00,3510.826000000006
2013-01-19 16:30:00,3781.700000000014
2013-01-19 17:00:00,3983.5200000000036
2013-01-19 17:30:00,4047.7059999999906
2013-01-19 18:00:00,4168.677999999994
2013-01-19 18:30:00,4157.951999999993
2013-01-19 19:00:00,4038.4579999999883
2013-01-19 19:30:00,3955.7099999999978
2013-01-19 20:00:00,3854.493999999994
2013-01-19 20:30:00,3731.029999999995
2013-01-19 21:00:00,3631.8480000000036
2013-01-19 21:30:00,3450.9639999999968
2013-01-19 22:00:00,3227.1980000000044
2013-01-19 22:30:00,3050.256000000001
2013-01-19 23:00:00,2826.9380000000006
2013-01-19 23:30:00,2611.329999999997
2013-01-20 00:00:00,2441.1780000000094
2013-01-20 00:30:00,2290.785999999998
2013-01-20 01:00:00,2190.102
2013-01-20 01:30:00,2094.9439999999954
2013-01-20 02:00:00,2020.275999999998
2013-01-20 02:30:00,1984.2960000000019
2013-01-20 03:00:00,1934.6559999999993
2013-01-20 03:30:00,1918.2180000000026
2013-01-20 04:00:00,1891.983999999997
2013-01-20 04:30:00,1898.2119999999961
2013-01-20 05:00:00,1935.1419999999966
2013-01-20 05:30:00,2037.4519999999936
2013-01-20 06:00:00,2137.2159999999994
2013-01-20 06:30:00,2341.7059999999974
2013-01-20 07:00:00,2599.141999999992
2013-01-20 07:30:00,2861.568000000003
2013-01-20 08:00:00,3111.356000000009
2013-01-20 08:30:00,3244.0560000000073
2013-01-20 09:00:00,3264.4719999999925
2013-01-20 09:30:00,3386.8199999999865
2013-01-20 10:00:00,3376.638000000007
2013-01-20 10:30:00,3423.4360000000047
2013-01-20 11:00:00,3438.732000000005
2013-01-20 11:30:00,3470.723999999993
2013-01-20 12:00:00,3452.5360000000032
2013-01-20 12:30:00,3443.3719999999903
2013-01-20 13:00:00,3354.150000000006
2013-01-20 13:30:00,3311.6780000000017
2013-01-20 14:00:00,3295.6220000000108
2013-01-20 14:30:00,3308.9140000000007
2013-01-20 15:00:00,3398.548000000002
2013-01-20 15:30:00,3496.0519999999947
2013-01-20 16:00:00,3698.636000000002
2013-01-20 16:30:00,3938.2579999999944
2013-01-20 17:00:00,4121.805999999991
2013-01-20 17:30:00,4298.621999999995
2013-01-20 18:00:00,4440.019999999989
2013-01-20 18:30:00,4431.374000000004
2013-01-20 19:00:00,4396.571999999996
2013-01-20 19:30:00,4393.976000000006
2013-01-20 20:00:00,4426.450000000002
2013-01-20 20:30:00,4215.406000000005
2013-01-20 21:00:00,4000.928000000007
2013-01-20 21:30:00,3701.0280000000107
2013-01-20 22:00:00,3391.012000000019
2013-01-20 22:30:00,3095.416000000006
2013-01-20 23:00:00,2793.8799999999933
2013-01-20 23:30:00,2511.6400000000003
2013-01-21 00:00:00,2346.887999999998
2013-01-21 00:30:00,2242.153999999999
2013-01-21 01:00:00,2128.546000000005
2013-01-21 01:30:00,2038.2459999999994
2013-01-21 02:00:00,1961.8919999999953
2013-01-21 02:30:00,1934.4499999999996
2013-01-21 03:00:00,1876.844000000002
2013-01-21 03:30:00,1879.7059999999958
2013-01-21 04:00:00,1888.4880000000044
2013-01-21 04:30:00,1955.2460000000074
2013-01-21 05:00:00,2095.603999999998
2013-01-21 05:30:00,2295.646000000005
2013-01-21 06:00:00,2510.8779999999992
2013-01-21 06:30:00,2745.4080000000013
2013-01-21 07:00:00,2955.4760000000156
2013-01-21 07:30:00,3030.168000000003
2013-01-21 08:00:00,2954.468000000008
2013-01-21 08:30:00,2973.024000000001
2013-01-21 09:00:00,3008.8419999999887
2013-01-21 09:30:00,3047.9719999999925
2013-01-21 10:00:00,3016.901999999997
2013-01-21 10:30:00,3010.3000000000006
2013-01-21 11:00:00,3074.2780000000084
2013-01-21 11:30:00,3150.545999999998
2013-01-21 12:00:00,3183.9019999999896
2013-01-21 12:30:00,3138.5239999999994
2013-01-21 13:00:00,3129.214000000003
2013-01-21 13:30:00,3195.4939999999997
2013-01-21 14:00:00,3252.304000000004
2013-01-21 14:30:00,3221.8799999999997
2013-01-21 15:00:00,3352.9579999999905
2013-01-21 15:30:00,3591.552000000016
2013-01-21 16:00:00,3845.726000000009
2013-01-21 16:30:00,4182.7339999999995
2013-01-21 17:00:00,4470.079999999994
2013-01-21 17:30:00,4826.08200000001
2013-01-21 18:00:00,4906.203999999992
2013-01-21 18:30:00,4851.659999999989
2013-01-21 19:00:00,4747.5200000000095
2013-01-21 19:30:00,4760.121999999993
2013-01-21 20:00:00,4771.015999999985
2013-01-21 20:30:00,4642.860000000008
2013-01-21 21:00:00,4502.606000000003
2013-01-21 21:30:00,4104.156000000004
2013-01-21 22:00:00,3748.739999999996
2013-01-21 22:30:00,3346.401999999999
2013-01-21 23:00:00,3027.2859999999923
2013-01-21 23:30:00,2753.1479999999983
2013-01-22 00:00:00,2577.807999999995
2013-01-22 00:30:00,2397.344
2013-01-22 01:00:00,2231.6460000000056
2013-01-22 01:30:00,2156.391999999998
2013-01-22 02:00:00,2094.217999999995
2013-01-22 02:30:00,2074.182000000002
2013-01-22 03:00:00,2001.9139999999982
2013-01-22 03:30:00,1995.4200000000028
2013-01-22 04:00:00,1997.5479999999968
2013-01-22 04:30:00,2060.1419999999935
2013-01-22 05:00:00,2206.491999999994
2013-01-22 05:30:00,2393.767999999998
2013-01-22 06:00:00,2536.3759999999897
2013-01-22 06:30:00,2805.1580000000044
2013-01-22 07:00:00,2924.1739999999986
2013-01-22 07:30:00,3089.7159999999953
2013-01-22 08:00:00,3051.492
2013-01-22 08:30:00,3031.852000000004
2013-01-22 09:00:00,3105.703999999996
2013-01-22 09:30:00,3215.353999999996
2013-01-22 10:00:00,3284.422000000011
2013-01-22 10:30:00,3445.486000000006
2013-01-22 11:00:00,3610.482000000002
2013-01-22 11:30:00,3885.091999999997
2013-01-22 12:00:00,4186.580000000004
2013-01-22 12:30:00,4411.615999999991
2013-01-22 13:00:00,4615.48399999999
2013-01-22 13:30:00,4788.298000000001
2013-01-22 14:00:00,4807.821999999996
2013-01-22 14:30:00,4819.79199999999
2013-01-22 15:00:00,4984.734
2013-01-22 15:30:00,5025.902000000006
2013-01-22 16:00:00,5136.8700000000035
2013-01-22 16:30:00,5268.459999999983
2013-01-22 17:00:00,5501.940000000023
2013-01-22 17:30:00,5811.787999999992
2013-01-22 18:00:00,5862.969999999979
2013-01-22 18:30:00,5774.21000000002
2013-01-22 19:00:00,5615.1420000000035
2013-01-22 19:30:00,5426.079999999998
2013-01-22 20:00:00,5345.293999999989
2013-01-22 20:30:00,5194.938000000005
2013-01-22 21:00:00,4843.715999999996
2013-01-22 21:30:00,4446.662000000005
2013-01-22 22:00:00,3982.8679999999913
2013-01-22 22:30:00,3567.7799999999925
2013-01-22 23:00:00,3161.446000000004
2013-01-22 23:30:00,2837.619999999988
2013-01-23 00:00:00,2666.5420000000004
2013-01-23 00:30:00,2466.856000000005
2013-01-23 01:00:00,2381.3999999999987
2013-01-23 01:30:00,2269.764
2013-01-23 02:00:00,2207.713999999994
2013-01-23 02:30:00,2156.0780000000022
2013-01-23 03:00:00,2094.3180000000057
2013-01-23 03:30:00,2077.098000000002
2013-01-23 04:00:00,2085.8959999999965
2013-01-23 04:30:00,2137.695999999999
2013-01-23 05:00:00,2251.317999999994
2013-01-23 05:30:00,2463.905999999995
2013-01-23 06:00:00,2610.459999999998
2013-01-23 06:30:00,2867.4180000000006
2013-01-23 07:00:00,3118.9439999999986
2013-01-23 07:30:00,3109.5919999999956
2013-01-23 08:00:00,3019.1480000000006
2013-01-23 08:30:00,2929.070000000006
2013-01-23 09:00:00,2922.999999999999
2013-01-23 09:30:00,2897.648000000001
2013-01-23 10:00:00,2899.322000000006
2013-01-23 10:30:00,2956.713999999997
2013-01-23 11:00:00,2999.0240000000126
2013-01-23 11:30:00,2984.9139999999998
2013-01-23 12:00:00,2972.039999999998
2013-01-23 12:30:00,2941.5019999999936
2013-01-23 13:00:00,2924.660000000007
2013-01-23 13:30:00,2925.998000000002
2013-01-23 14:00:00,2914.214000000004
2013-01-23 14:30:00,2958.1120000000005
2013-01-23 15:00:00,3063.498
2013-01-23 15:30:00,3204.902000000004
2013-01-23 16:00:00,3387.061999999996
2013-01-23 16:30:00,3730.070000000004
2013-01-23 17:00:00,4097.4180000000015
2013-01-23 17:30:00,4431.433999999995
2013-01-23 18:00:00,4619.798000000005
2013-01-23 18:30:00,4641.456000000003
2013-01-23 19:00:00,4482.887999999998
2013-01-23 19:30:00,4461.498000000001
2013-01-23 20:00:00,4428.836000000008
2013-01-23 20:30:00,4286.3479999999945
2013-01-23 21:00:00,4068.2800000000007
2013-01-23 21:30:00,3798.7719999999968
2013-01-23 22:00:00,3476.662000000002
2013-01-23 22:30:00,3114.6259999999857
2013-01-23 23:00:00,2830.328000000004
2013-01-23 23:30:00,2573.4859999999926
2013-01-24 00:00:00,2405.303999999999
2013-01-24 00:30:00,2253.7400000000025
2013-01-24 01:00:00,2146.216000000003
2013-01-24 01:30:00,2091.3440000000082
2013-01-24 02:00:00,2005.4839999999986
2013-01-24 02:30:00,1975.0619999999954
2013-01-24 03:00:00,1941.9259999999956
2013-01-24 03:30:00,1941.707999999993
2013-01-24 04:00:00,1950.002
2013-01-24 04:30:00,1989.2460000000026
2013-01-24 05:00:00,2117.1240000000084
2013-01-24 05:30:00,2335.748000000006
2013-01-24 06:00:00,2497.1719999999946
2013-01-24 06:30:00,2805.842000000008
2013-01-24 07:00:00,3000.2599999999925
2013-01-24 07:30:00,2985.6719999999987
2013-01-24 08:00:00,2942.3660000000023
2013-01-24 08:30:00,2892.8659999999986
2013-01-24 09:00:00,2947.83599999999
2013-01-24 09:30:00,2950.1939999999963
2013-01-24 10:00:00,2896.374000000004
2013-01-24 10:30:00,2927.3259999999877
2013-01-24 11:00:00,2959.455999999996
2013-01-24 11:30:00,3048.4859999999985
2013-01-24 12:00:00,3094.9740000000006
2013-01-24 12:30:00,3104.138000000003
2013-01-24 13:00:00,3136.6739999999977
2013-01-24 13:30:00,3173.744
2013-01-24 14:00:00,3237.4959999999946
2013-01-24 14:30:00,3315.8999999999915
2013-01-24 15:00:00,3463.359999999999
2013-01-24 15:30:00,3675.0840000000035
2013-01-24 16:00:00,3913.2939999999935
2013-01-24 16:30:00,4259.935999999988
2013-01-24 17:00:00,4620.677999999988
2013-01-24 17:30:00,4939.04600000001
2013-01-24 18:00:00,5022.336000000014
2013-01-24 18:30:00,4917.701999999994
2013-01-24 19:00:00,4920.933999999995
2013-01-24 19:30:00,4929.100000000008
2013-01-24 20:00:00,5110.777999999999
2013-01-24 20:30:00,5054.794000000001
2013-01-24 21:00:00,4864.747999999986
2013-01-24 21:30:00,4503.879999999993
2013-01-24 22:00:00,4102.310000000003
2013-01-24 22:30:00,3714.8139999999985
2013-01-24 23:00:00,3363.3920000000035
2013-01-24 23:30:00,2987.2800000000097
2013-01-25 00:00:00,2734.970000000004
2013-01-25 00:30:00,2555.623999999998
2013-01-25 01:00:00,2423.6819999999984
2013-01-25 01:30:00,2326.566000000002
2013-01-25 02:00:00,2264.1300000000033
2013-01-25 02:30:00,2196.3080000000023
2013-01-25 03:00:00,2128.0239999999985
2013-01-25 03:30:00,2097.169999999999
2013-01-25 04:00:00,2134.492000000011
2013-01-25 04:30:00,2184.0000000000014
2013-01-25 05:00:00,2292.7480000000014
2013-01-25 05:30:00,2468.725999999994
2013-01-25 06:00:00,2652.699999999992
2013-01-25 06:30:00,2897.5280000000025
2013-01-25 07:00:00,3120.6819999999984
2013-01-25 07:30:00,3221.5020000000018
2013-01-25 08:00:00,3173.1079999999947
2013-01-25 08:30:00,3264.7579999999944
2013-01-25 09:00:00,3294.261999999999
2013-01-25 09:30:00,3430.169999999988
2013-01-25 10:00:00,3565.253999999995
2013-01-25 10:30:00,3660.212000000008
2013-01-25 11:00:00,3822.1439999999893
2013-01-25 11:30:00,3920.9860000000003
2013-01-25 12:00:00,4082.8359999999852
2013-01-25 12:30:00,4273.984000000004
2013-01-25 13:00:00,4376.933999999999
2013-01-25 13:30:00,4467.911999999992
2013-01-25 14:00:00,4589.08000000001
2013-01-25 14:30:00,4759.890000000004
2013-01-25 15:00:00,5015.419999999974
2013-01-25 15:30:00,5255.912000000013
2013-01-25 16:00:00,5432.589999999999
2013-01-25 16:30:00,5726.511999999998
2013-01-25 17:00:00,6034.4579999999905
2013-01-25 17:30:00,6178.548000000008
2013-01-25 18:00:00,6221.319999999999
2013-01-25 18:30:00,6088.589999999987
2013-01-25 19:00:00,5910.79600000001
2013-01-25 19:30:00,5854.911999999998
2013-01-25 20:00:00,5980.1240000000325
2013-01-25 20:30:00,5736.57000000001
2013-01-25 21:00:00,5464.476000000014
2013-01-25 21:30:00,5248.992000000011
2013-01-25 22:00:00,4884.807999999997
2013-01-25 22:30:00,4519.7440000000115
2013-01-25 23:00:00,4122.713999999998
2013-01-25 23:30:00,3686.956000000009
2013-01-26 00:00:00,3357.0139999999997
2013-01-26 00:30:00,3135.972000000001
2013-01-26 01:00:00,2939.1519999999864
2013-01-26 01:30:00,2792.120000000007
2013-01-26 02:00:00,2666.727999999998
2013-01-26 02:30:00,2606.6439999999975
2013-01-26 03:00:00,2534.6039999999985
2013-01-26 03:30:00,2435.880000000001
2013-01-26 04:00:00,2402.5120000000106
2013-01-26 04:30:00,2410.012000000002
2013-01-26 05:00:00,2464.6240000000016
2013-01-26 05:30:00,2520.0759999999923
2013-01-26 06:00:00,2667.079999999999
2013-01-26 06:30:00,2864.3960000000047
2013-01-26 07:00:00,3112.174000000001
2013-01-26 07:30:00,3418.006
2013-01-26 08:00:00,3727.9800000000037
2013-01-26 08:30:00,4048.26800000001
2013-01-26 09:00:00,4247.021999999992
2013-01-26 09:30:00,4348.530000000008
2013-01-26 10:00:00,4522.398000000005
2013-01-26 10:30:00,4692.294000000004
2013-01-26 11:00:00,4778.171999999983
2013-01-26 11:30:00,4878.960000000012
2013-01-26 12:00:00,4946.741999999995
2013-01-26 12:30:00,4992.404000000007
2013-01-26 13:00:00,4948.892000000016
2013-01-26 13:30:00,4859.739999999998
2013-01-26 14:00:00,4963.069999999983
2013-01-26 14:30:00,5168.013999999983
2013-01-26 15:00:00,5202.648000000001
2013-01-26 15:30:00,5345.698000000015
2013-01-26 16:00:00,5397.234000000014
2013-01-26 16:30:00,5467.071999999999
2013-01-26 17:00:00,5617.306000000006
2013-01-26 17:30:00,5647.1139999999805
2013-01-26 18:00:00,5579.566000000013
2013-01-26 18:30:00,5431.061999999994
2013-01-26 19:00:00,5227.519999999999
2013-01-26 19:30:00,5230.355999999985
2013-01-26 20:00:00,5240.591999999979
2013-01-26 20:30:00,5107.021999999977
2013-01-26 21:00:00,5049.026000000002
2013-01-26 21:30:00,4837.687999999994
2013-01-26 22:00:00,4500.770000000001
2013-01-26 22:30:00,4229.663999999994
2013-01-26 23:00:00,3928.1760000000063
2013-01-26 23:30:00,3566.126000000005
2013-01-27 00:00:00,3291.170000000006
2013-01-27 00:30:00,3032.853999999995
2013-01-27 01:00:00,2916.1659999999843
2013-01-27 01:30:00,2772.1359999999945
2013-01-27 02:00:00,2659.053999999999
2013-01-27 02:30:00,2559.323999999997
2013-01-27 03:00:00,2492.8500000000017
2013-01-27 03:30:00,2464.9919999999975
2013-01-27 04:00:00,2417.159999999994
2013-01-27 04:30:00,2402.4320000000007
2013-01-27 05:00:00,2390.7500000000045
2013-01-27 05:30:00,2469.6320000000023
2013-01-27 06:00:00,2518.790000000004
2013-01-27 06:30:00,2678.1720000000078
2013-01-27 07:00:00,2874.767999999993
2013-01-27 07:30:00,3124.9179999999988
2013-01-27 08:00:00,3293.3199999999915
2013-01-27 08:30:00,3422.080000000002
2013-01-27 09:00:00,3568.7799999999975
2013-01-27 09:30:00,3584.2280000000083
2013-01-27 10:00:00,3696.4519999999916
2013-01-27 10:30:00,3661.5559999999955
2013-01-27 11:00:00,3665.244000000009
2013-01-27 11:30:00,3696.4120000000044
2013-01-27 12:00:00,3704.085999999984
2013-01-27 12:30:00,3594.5400000000004
2013-01-27 13:00:00,3568.9900000000016
2013-01-27 13:30:00,3498.7299999999896
2013-01-27 14:00:00,3443.9440000000063
2013-01-27 14:30:00,3472.2419999999993
2013-01-27 15:00:00,3547.6760000000086
2013-01-27 15:30:00,3661.0300000000025
2013-01-27 16:00:00,3776.0879999999934
2013-01-27 16:30:00,4005.521999999996
2013-01-27 17:00:00,4308.782000000015
2013-01-27 17:30:00,4344.955999999989
2013-01-27 18:00:00,4479.301999999999
2013-01-27 18:30:00,4469.831999999995
2013-01-27 19:00:00,4420.76400000001
2013-01-27 19:30:00,4362.223999999998
2013-01-27 20:00:00,4292.419999999994
2013-01-27 20:30:00,4147.260000000004
2013-01-27 21:00:00,3997.0799999999977
2013-01-27 21:30:00,3829.555999999996
2013-01-27 22:00:00,3630.7240000000033
2013-01-27 22:30:00,3349.3699999999867
2013-01-27 23:00:00,3074.8379999999966
2013-01-27 23:30:00,2808.52799999999
2013-01-28 00:00:00,2587.046000000003
2013-01-28 00:30:00,2413.4260000000036
2013-01-28 01:00:00,2257.4140000000007
2013-01-28 01:30:00,2174.6839999999934
2013-01-28 02:00:00,2106.7560000000044
2013-01-28 02:30:00,2054.7100000000028
2013-01-28 03:00:00,2000.499999999997
2013-01-28 03:30:00,1984.854000000001
2013-01-28 04:00:00,1941.108000000001
2013-01-28 04:30:00,1967.8160000000069
2013-01-28 05:00:00,2008.8779999999997
2013-01-28 05:30:00,2075.2140000000018
2013-01-28 06:00:00,2189.4319999999984
2013-01-28 06:30:00,2374.825999999995
2013-01-28 07:00:00,2693.2499999999964
2013-01-28 07:30:00,2973.512000000001
2013-01-28 08:00:00,3263.906000000005
2013-01-28 08:30:00,3447.608000000001
2013-01-28 09:00:00,3690.1860000000006
2013-01-28 09:30:00,3827.3620000000074
2013-01-28 10:00:00,3905.4960000000046
2013-01-28 10:30:00,4005.0360000000037
2013-01-28 11:00:00,4084.442000000007
2013-01-28 11:30:00,4132.590000000006
2013-01-28 12:00:00,4026.9559999999888
2013-01-28 12:30:00,3999.9760000000024
2013-01-28 13:00:00,4012.9219999999923
2013-01-28 13:30:00,3932.2600000000043
2013-01-28 14:00:00,3933.5259999999957
2013-01-28 14:30:00,3941.513999999997
2013-01-28 15:00:00,3990.8220000000065
2013-01-28 15:30:00,4176.91199999999
2013-01-28 16:00:00,4351.2079999999905
2013-01-28 16:30:00,4646.582000000006
2013-01-28 17:00:00,5012.306
2013-01-28 17:30:00,5152.398000000006
2013-01-28 18:00:00,5180.869999999984
2013-01-28 18:30:00,5055.233999999993
2013-01-28 19:00:00,4925.552000000002
2013-01-28 19:30:00,4765.158000000014
2013-01-28 20:00:00,4589.21599999998
2013-01-28 20:30:00,4397.077999999991
2013-01-28 21:00:00,4097.008000000008
2013-01-28 21:30:00,3776.0540000000087
2013-01-28 22:00:00,3467.386000000003
2013-01-28 22:30:00,3099.7360000000067
2013-01-28 23:00:00,2758.620000000007
2013-01-28 23:30:00,2532.166
2013-01-29 00:00:00,2306.760000000003
2013-01-29 00:30:00,2153.6800000000035
2013-01-29 01:00:00,2070.2259999999924
2013-01-29 01:30:00,1991.5100000000061
2013-01-29 02:00:00,1916.5139999999972
2013-01-29 02:30:00,1907.4639999999986
2013-01-29 03:00:00,1874.5759999999996
2013-01-29 03:30:00,1877.6040000000005
2013-01-29 04:00:00,1901.3160000000025
2013-01-29 04:30:00,1947.8439999999996
2013-01-29 05:00:00,2060.3560000000048
2013-01-29 05:30:00,2346.6379999999986
2013-01-29 06:00:00,2685.204
2013-01-29 06:30:00,3003.7920000000076
2013-01-29 07:00:00,3222.152000000005
2013-01-29 07:30:00,3267.067999999999
2013-01-29 08:00:00,3184.0140000000047
2013-01-29 08:30:00,3152.435999999989
2013-01-29 09:00:00,3144.5019999999936
2013-01-29 09:30:00,3180.282000000001
2013-01-29 10:00:00,3139.107999999999
2013-01-29 10:30:00,3201.3440000000023
2013-01-29 11:00:00,3265.0679999999925
2013-01-29 11:30:00,3364.405999999995
2013-01-29 12:00:00,3382.7080000000055
2013-01-29 12:30:00,3347.792000000002
2013-01-29 13:00:00,3357.9219999999923
2013-01-29 13:30:00,3367.1799999999926
2013-01-29 14:00:00,3404.6119999999933
2013-01-29 14:30:00,3366.9
2013-01-29 15:00:00,3355.1439999999957
2013-01-29 15:30:00,3485.3879999999936
2013-01-29 16:00:00,3681.676000000001
2013-01-29 16:30:00,4039.137999999999
2013-01-29 17:00:00,4432.770000000007
2013-01-29 17:30:00,4685.357999999998
2013-01-29 18:00:00,4914.863999999992
2013-01-29 18:30:00,4739.956000000006
2013-01-29 19:00:00,4667.050000000012
2013-01-29 19:30:00,4743.09400000001
2013-01-29 20:00:00,4786.502000000002
2013-01-29 20:30:00,4631.290000000004
2013-01-29 21:00:00,4333.153999999993
2013-01-29 21:30:00,3896.4440000000022
2013-01-29 22:00:00,3530.9500000000166
2013-01-29 22:30:00,3136.872000000002
2013-01-29 23:00:00,2859.389999999991
2013-01-29 23:30:00,2575.2439999999947
2013-01-30 00:00:00,2377.8220000000047
2013-01-30 00:30:00,2245.4720000000034
2013-01-30 01:00:00,2156.4520000000007
2013-01-30 01:30:00,2075.603999999999
2013-01-30 02:00:00,2026.1259999999947
2013-01-30 02:30:00,1969.4259999999997
2013-01-30 03:00:00,1905.6679999999956
2013-01-30 03:30:00,1929.7260000000022
2013-01-30 04:00:00,1947.1220000000026
2013-01-30 04:30:00,2047.5600000000004
2013-01-30 05:00:00,2135.085999999991
2013-01-30 05:30:00,2416.776000000008
2013-01-30 06:00:00,2709.4940000000015
2013-01-30 06:30:00,3075.796000000008
2013-01-30 07:00:00,3257.816000000001
2013-01-30 07:30:00,3212.461999999991
2013-01-30 08:00:00,3006.1639999999984
2013-01-30 08:30:00,2910.96
2013-01-30 09:00:00,2865.0499999999984
2013-01-30 09:30:00,2845.466000000004
2013-01-30 10:00:00,2856.809999999999
2013-01-30 10:30:00,2835.914000000005
2013-01-30 11:00:00,2861.602000000003
2013-01-30 11:30:00,2934.5559999999996
2013-01-30 12:00:00,2918.3279999999995
2013-01-30 12:30:00,2882.6639999999975
2013-01-30 13:00:00,2877.0899999999924
2013-01-30 13:30:00,2940.955999999999
2013-01-30 14:00:00,2954.4559999999897
2013-01-30 14:30:00,2964.9339999999997
2013-01-30 15:00:00,3227.3299999999913
2013-01-30 15:30:00,3466.0740000000105
2013-01-30 16:00:00,3682.304000000004
2013-01-30 16:30:00,3899.818000000006
2013-01-30 17:00:00,4283.345999999986
2013-01-30 17:30:00,4628.532000000002
2013-01-30 18:00:00,4738.358000000005
2013-01-30 18:30:00,4696.979999999993
2013-01-30 19:00:00,4686.486000000012
2013-01-30 19:30:00,4714.078000000002
2013-01-30 20:00:00,4806.016000000005
2013-01-30 20:30:00,4665.4180000000115
2013-01-30 21:00:00,4411.596
2013-01-30 21:30:00,4005.554000000005
2013-01-30 22:00:00,3689.8699999999935
2013-01-30 22:30:00,3292.934
2013-01-30 23:00:00,2911.3420000000033
2013-01-30 23:30:00,2699.423999999995
2013-01-31 00:00:00,2522.016
2013-01-31 00:30:00,2360.5839999999953
2013-01-31 01:00:00,2264.6560000000004
2013-01-31 01:30:00,2188.3139999999985
2013-01-31 02:00:00,2120.112000000001
2013-01-31 02:30:00,2081.732000000002
2013-01-31 03:00:00,2055.0880000000034
2013-01-31 03:30:00,2041.886000000011
2013-01-31 04:00:00,2064.1560000000004
2013-01-31 04:30:00,2133.1260000000043
2013-01-31 05:00:00,2229.898000000008
2013-01-31 05:30:00,2517.611999999994
2013-01-31 06:00:00,2875.4979999999928
2013-01-31 06:30:00,3191.472000000002
2013-01-31 07:00:00,3363.282000000004
2013-01-31 07:30:00,3259.9279999999912
2013-01-31 08:00:00,3026.1860000000083
2013-01-31 08:30:00,2916.6459999999865
2013-01-31 09:00:00,2959.2020000000052
2013-01-31 09:30:00,2939.2940000000112
2013-01-31 10:00:00,2979.3679999999886
2013-01-31 10:30:00,3029.766
2013-01-31 11:00:00,3162.171999999996
2013-01-31 11:30:00,3261.8460000000046
2013-01-31 12:00:00,3354.527999999995
2013-01-31 12:30:00,3530.948000000005
2013-01-31 13:00:00,3663.202000000005
2013-01-31 13:30:00,3796.263999999999
2013-01-31 14:00:00,3896.554000000001
2013-01-31 14:30:00,4116.273999999988
2013-01-31 15:00:00,4522.826000000008
2013-01-31 15:30:00,4910.046
2013-01-31 16:00:00,5300.015999999995
2013-01-31 16:30:00,5560.923999999997
2013-01-31 17:00:00,5972.353999999974
2013-01-31 17:30:00,6230.96599999999
2013-01-31 18:00:00,6414.5840000000035
2013-01-31 18:30:00,6230.023999999987
2013-01-31 19:00:00,5989.147999999992
2013-01-31 19:30:00,5987.120000000008
2013-01-31 20:00:00,6042.540000000005
2013-01-31 20:30:00,5849.933999999995
2013-01-31 21:00:00,5566.5500000000075
2013-01-31 21:30:00,5016.039999999991
2013-01-31 22:00:00,4564.514000000012
2013-01-31 22:30:00,4069.9039999999977
2013-01-31 23:00:00,3611.5819999999994
2013-01-31 23:30:00,3216.072000000011
2013-02-01 00:00:00,2965.861999999992
2013-02-01 00:30:00,2768.788000000011
2013-02-01 01:00:00,2642.286000000004
2013-02-01 01:30:00,2542.363999999997
2013-02-01 02:00:00,2454.454000000001
2013-02-01 02:30:00,2381.6420000000026
2013-02-01 03:00:00,2275.3579999999884
2013-02-01 03:30:00,2249.238000000003
2013-02-01 04:00:00,2247.2020000000025
2013-02-01 04:30:00,2258.4500000000003
2013-02-01 05:00:00,2429.3600000000033
2013-02-01 05:30:00,2664.848000000003
2013-02-01 06:00:00,2915.6800000000035
2013-02-01 06:30:00,3283.5860000000007
2013-02-01 07:00:00,3467.393999999996
2013-02-01 07:30:00,3420.3720000000144
2013-02-01 08:00:00,3234.2160000000067
2013-02-01 08:30:00,3184.959999999993
2013-02-01 09:00:00,3228.463999999997
2013-02-01 09:30:00,3441.2519999999795
2013-02-01 10:00:00,3384.7359999999967
2013-02-01 10:30:00,3343.3420000000065
2013-02-01 11:00:00,3318.204000000003
2013-02-01 11:30:00,3245.1860000000065
2013-02-01 12:00:00,3185.626000000004
2013-02-01 12:30:00,3068.5059999999894
2013-02-01 13:00:00,3010.946000000004
2013-02-01 13:30:00,3056.9539999999984
2013-02-01 14:00:00,3075.1760000000017
2013-02-01 14:30:00,3143.0799999999995
2013-02-01 15:00:00,3377.4919999999856
2013-02-01 15:30:00,3537.6539999999923
2013-02-01 16:00:00,3815.971999999992
2013-02-01 16:30:00,4118.471999999989
2013-02-01 17:00:00,4410.99
2013-02-01 17:30:00,4636.4979999999905
2013-02-01 18:00:00,4589.119999999985
2013-02-01 18:30:00,4483.012000000005
2013-02-01 19:00:00,4328.828000000002
2013-02-01 19:30:00,4327.676000000005
2013-02-01 20:00:00,4166.982000000013
2013-02-01 20:30:00,3950.0379999999886
2013-02-01 21:00:00,3700.9939999999956
2013-02-01 21:30:00,3515.8520000000085
2013-02-01 22:00:00,3284.7819999999956
2013-02-01 22:30:00,2984.774000000003
2013-02-01 23:00:00,2718.1619999999884
2013-02-01 23:30:00,2482.506
2013-02-02 00:00:00,2270.388000000001
2013-02-02 00:30:00,2156.922000000006
2013-02-02 01:00:00,2076.534000000006
2013-02-02 01:30:00,2002.636
2013-02-02 02:00:00,1923.3620000000074
2013-02-02 02:30:00,1871.832
2013-02-02 03:00:00,1796.1399999999978
2013-02-02 03:30:00,1829.341999999999
2013-02-02 04:00:00,1761.1379999999974
2013-02-02 04:30:00,1788.2659999999962
2013-02-02 05:00:00,1859.946
2013-02-02 05:30:00,1966.2019999999984
2013-02-02 06:00:00,2166.7219999999984
2013-02-02 06:30:00,2459.44
2013-02-02 07:00:00,2741.460000000004
2013-02-02 07:30:00,3090.162
2013-02-02 08:00:00,3300.28399999999
2013-02-02 08:30:00,3467.03999999999
2013-02-02 09:00:00,3627.621999999999
2013-02-02 09:30:00,3664.9380000000015
2013-02-02 10:00:00,3719.092000000006
2013-02-02 10:30:00,3670.0360000000087
2013-02-02 11:00:00,3651.411999999998
2013-02-02 11:30:00,3713.6380000000045
2013-02-02 12:00:00,3697.4100000000044
2013-02-02 12:30:00,3656.8760000000007
2013-02-02 13:00:00,3602.385999999991
2013-02-02 13:30:00,3478.872000000006
2013-02-02 14:00:00,3429.7099999999964
2013-02-02 14:30:00,3389.5960000000027
2013-02-02 15:00:00,3466.219999999999
2013-02-02 15:30:00,3540.1340000000046
2013-02-02 16:00:00,3747.6620000000003
2013-02-02 16:30:00,3981.7160000000035
2013-02-02 17:00:00,4136.390000000003
2013-02-02 17:30:00,4325.981999999995
2013-02-02 18:00:00,4443.467999999998
2013-02-02 18:30:00,4284.906000000003
2013-02-02 19:00:00,4152.258000000011
2013-02-02 19:30:00,4195.166000000003
2013-02-02 20:00:00,4167.100000000006
2013-02-02 20:30:00,4081.643999999999
2013-02-02 21:00:00,3763.5720000000024
2013-02-02 21:30:00,3532.233999999999
2013-02-02 22:00:00,3282.187999999998
2013-02-02 22:30:00,3073.728000000006
2013-02-02 23:00:00,2769.917999999993
2013-02-02 23:30:00,2519.7380000000026
2013-02-03 00:00:00,2338.578000000005
2013-02-03 00:30:00,2197.4060000000013
2013-02-03 01:00:00,2047.7540000000004
2013-02-03 01:30:00,1901.403999999999
2013-02-03 02:00:00,1812.6959999999979
2013-02-03 02:30:00,1796.6580000000024
2013-02-03 03:00:00,1752.7320000000018
2013-02-03 03:30:00,1757.6640000000016
2013-02-03 04:00:00,1718.527999999998
2013-02-03 04:30:00,1704.9259999999997
2013-02-03 05:00:00,1744.981999999997
2013-02-03 05:30:00,1867.1240000000023
2013-02-03 06:00:00,2025.8760000000016
2013-02-03 06:30:00,2232.4579999999974
2013-02-03 07:00:00,2532.296000000005
2013-02-03 07:30:00,2794.0099999999957
2013-02-03 08:00:00,3148.529999999999
2013-02-03 08:30:00,3412.6839999999906
2013-02-03 09:00:00,3491.2819999999974
2013-02-03 09:30:00,3544.1800000000044
2013-02-03 10:00:00,3589.825999999993
2013-02-03 10:30:00,3526.329999999998
2013-02-03 11:00:00,3541.241999999996
2013-02-03 11:30:00,3575.623999999996
2013-02-03 12:00:00,3549.852000000001
2013-02-03 12:30:00,3456.6719999999987
2013-02-03 13:00:00,3424.5799999999986
2013-02-03 13:30:00,3320.330000000012
2013-02-03 14:00:00,3368.94999999999
2013-02-03 14:30:00,3399.8579999999843
2013-02-03 15:00:00,3413.311999999987
2013-02-03 15:30:00,3485.97
2013-02-03 16:00:00,3691.3260000000014
2013-02-03 16:30:00,3902.628000000016
2013-02-03 17:00:00,4161.312
2013-02-03 17:30:00,4358.760000000001
2013-02-03 18:00:00,4473.061999999996
2013-02-03 18:30:00,4462.175999999992
2013-02-03 19:00:00,4422.887999999998
2013-02-03 19:30:00,4496.969999999992
2013-02-03 20:00:00,4441.537999999992
2013-02-03 20:30:00,4276.886000000012
2013-02-03 21:00:00,3954.8199999999974
2013-02-03 21:30:00,3689.697999999994
2013-02-03 22:00:00,3295.84
2013-02-03 22:30:00,2939.576
2013-02-03 23:00:00,2583.4539999999997
2013-02-03 23:30:00,2341.3080000000023
2013-02-04 00:00:00,2123.8979999999974
2013-02-04 00:30:00,2020.5139999999988
2013-02-04 01:00:00,1908.4639999999858
2013-02-04 01:30:00,1883.598000000002
2013-02-04 02:00:00,1823.9680000000012
2013-02-04 02:30:00,1768.0239999999933
2013-02-04 03:00:00,1750.010000000004
2013-02-04 03:30:00,1762.5779999999995
2013-02-04 04:00:00,1788.124
2013-02-04 04:30:00,1848.1019999999999
2013-02-04 05:00:00,1984.643999999999
2013-02-04 05:30:00,2281.557999999996
2013-02-04 06:00:00,2619.934000000008
2013-02-04 06:30:00,3039.109999999999
2013-02-04 07:00:00,3243.596
2013-02-04 07:30:00,3130.618000000002
2013-02-04 08:00:00,2861.853999999991
2013-02-04 08:30:00,2747.7119999999945
2013-02-04 09:00:00,2745.4020000000014
2013-02-04 09:30:00,2753.5399999999913
2013-02-04 10:00:00,2713.2039999999906
2013-02-04 10:30:00,2706.222000000005
2013-02-04 11:00:00,2725.619999999996
2013-02-04 11:30:00,2766.1899999999964
2013-02-04 12:00:00,2742.4479999999944
2013-02-04 12:30:00,2717.2499999999995
2013-02-04 13:00:00,2685.3199999999993
2013-02-04 13:30:00,2734.432000000006
2013-02-04 14:00:00,2680.6979999999967
2013-02-04 14:30:00,2745.7680000000023
2013-02-04 15:00:00,2949.2980000000002
2013-02-04 15:30:00,3112.472000000002
2013-02-04 16:00:00,3301.3659999999995
2013-02-04 16:30:00,3662.9039999999873
2013-02-04 17:00:00,3968.3760000000084
2013-02-04 17:30:00,4339.175999999996
2013-02-04 18:00:00,4388.252000000004
2013-02-04 18:30:00,4376.269999999984
2013-02-04 19:00:00,4374.824000000012
2013-02-04 19:30:00,4449.2379999999985
2013-02-04 20:00:00,4448.770000000001
2013-02-04 20:30:00,4307.127999999998
2013-02-04 21:00:00,4019.0139999999997
2013-02-04 21:30:00,3668.1980000000035
2013-02-04 22:00:00,3265.1
2013-02-04 22:30:00,2840.463999999998
2013-02-04 23:00:00,2498.322000000002
2013-02-04 23:30:00,2280.5699999999965
2013-02-05 00:00:00,2139.0739999999983
2013-02-05 00:30:00,1980.9879999999991
2013-02-05 01:00:00,1938.1480000000006
2013-02-05 01:30:00,1889.039999999999
2013-02-05 02:00:00,1838.307999999996
2013-02-05 02:30:00,1777.769999999996
2013-02-05 03:00:00,1749.603999999998
2013-02-05 03:30:00,1781.5299999999982
2013-02-05 04:00:00,1802.8339999999992
2013-02-05 04:30:00,1893.7319999999927
2013-02-05 05:00:00,2035.3059999999996
2013-02-05 05:30:00,2303.3300000000017
2013-02-05 06:00:00,2673.4279999999976
2013-02-05 06:30:00,3063.7999999999984
2013-02-05 07:00:00,3216.5699999999997
2013-02-05 07:30:00,3158.7160000000085
2013-02-05 08:00:00,2890.0159999999914
2013-02-05 08:30:00,2688.2879999999973
2013-02-05 09:00:00,2644.7180000000103
2013-02-05 09:30:00,2628.894000000005
2013-02-05 10:00:00,2602.0179999999923
2013-02-05 10:30:00,2620.457999999998
2013-02-05 11:00:00,2601.708000000004
2013-02-05 11:30:00,2665.700000000005
2013-02-05 12:00:00,2618.2580000000034
2013-02-05 12:30:00,2661.2520000000013
2013-02-05 13:00:00,2659.3359999999984
2013-02-05 13:30:00,2621.039999999985
2013-02-05 14:00:00,2618.407999999997
2013-02-05 14:30:00,2681.3140000000003
2013-02-05 15:00:00,2879.2220000000134
2013-02-05 15:30:00,3111.8979999999924
2013-02-05 16:00:00,3348.0340000000065
2013-02-05 16:30:00,3650.6979999999962
2013-02-05 17:00:00,4033.635999999998
2013-02-05 17:30:00,4307.104000000016
2013-02-05 18:00:00,4444.034000000003
2013-02-05 18:30:00,4384.237999999992
2013-02-05 19:00:00,4296.977999999994
2013-02-05 19:30:00,4420.475999999998
2013-02-05 20:00:00,4436.211999999999
2013-02-05 20:30:00,4310.990000000004
2013-02-05 21:00:00,4080.6760000000017
2013-02-05 21:30:00,3717.2100000000055
2013-02-05 22:00:00,3315.9839999999917
2013-02-05 22:30:00,2970.229999999999
2013-02-05 23:00:00,2679.931999999998
2013-02-05 23:30:00,2435.955999999999
2013-02-06 00:00:00,2223.9519999999934
2013-02-06 00:30:00,2094.622
2013-02-06 01:00:00,1998.6879999999965
2013-02-06 01:30:00,1923.7659999999992
2013-02-06 02:00:00,1896.740000000002
2013-02-06 02:30:00,1842.2179999999942
2013-02-06 03:00:00,1803.9419999999982
2013-02-06 03:30:00,1825.0259999999967
2013-02-06 04:00:00,1856.5860000000032
2013-02-06 04:30:00,1938.5460000000005
2013-02-06 05:00:00,2071.136000000003
2013-02-06 05:30:00,2353.454000000001
2013-02-06 06:00:00,2674.9340000000034
2013-02-06 06:30:00,3043.5979999999913
2013-02-06 07:00:00,3170.419999999999
2013-02-06 07:30:00,3116.830000000008
2013-02-06 08:00:00,2847.9639999999995
2013-02-06 08:30:00,2743.9300000000007
2013-02-06 09:00:00,2691.7700000000045
2013-02-06 09:30:00,2701.6340000000023
2013-02-06 10:00:00,2673.7359999999994
2013-02-06 10:30:00,2684.1380000000136
2013-02-06 11:00:00,2712.6559999999913
2013-02-06 11:30:00,2767.5799999999986
2013-02-06 12:00:00,2762.526000000004
2013-02-06 12:30:00,2792.0739999999955
2013-02-06 13:00:00,2723.3459999999964
2013-02-06 13:30:00,2796.4820000000022
2013-02-06 14:00:00,2800.606000000007
2013-02-06 14:30:00,2872.908
2013-02-06 15:00:00,3133.731999999998
2013-02-06 15:30:00,3369.3219999999937
2013-02-06 16:00:00,3533.0760000000005
2013-02-06 16:30:00,3819.1460000000047
2013-02-06 17:00:00,4144.71800000001
2013-02-06 17:30:00,4483.595999999999
2013-02-06 18:00:00,4606.074000000001
2013-02-06 18:30:00,4550.431999999985
2013-02-06 19:00:00,4521.574000000004
2013-02-06 19:30:00,4577.691999999994
2013-02-06 20:00:00,4533.483999999997
2013-02-06 20:30:00,4461.263999999995
2013-02-06 21:00:00,4221.203999999997
2013-02-06 21:30:00,3844.9899999999957
2013-02-06 22:00:00,3426.965999999994
2013-02-06 22:30:00,3061.0220000000063
2013-02-06 23:00:00,2734.261999999996
2013-02-06 23:30:00,2466.424000000003
2013-02-07 00:00:00,2305.840000000003
2013-02-07 00:30:00,2128.064000000002
2013-02-07 01:00:00,2054.0160000000014
2013-02-07 01:30:00,1972.009999999995
2013-02-07 02:00:00,1948.513999999994
2013-02-07 02:30:00,1897.9359999999997
2013-02-07 03:00:00,1846.3399999999992
2013-02-07 03:30:00,1838.7019999999964
2013-02-07 04:00:00,1870.3279999999945
2013-02-07 04:30:00,1936.6800000000003
2013-02-07 05:00:00,2089.2319999999963
2013-02-07 05:30:00,2381.465999999997
2013-02-07 06:00:00,2629.9439999999922
2013-02-07 06:30:00,3055.1600000000053
2013-02-07 07:00:00,3178.4700000000016
2013-02-07 07:30:00,3048.3839999999927
2013-02-07 08:00:00,2863.9820000000027
2013-02-07 08:30:00,2749.9419999999955
2013-02-07 09:00:00,2707.703999999988
2013-02-07 09:30:00,2664.243999999993
2013-02-07 10:00:00,2699.7419999999943
2013-02-07 10:30:00,2736.025999999997
2013-02-07 11:00:00,2735.1540000000023
2013-02-07 11:30:00,2812.809999999999
2013-02-07 12:00:00,2872.989999999996
2013-02-07 12:30:00,2901.370000000006
2013-02-07 13:00:00,2939.577999999989
2013-02-07 13:30:00,2933.5540000000037
2013-02-07 14:00:00,2999.6120000000005
2013-02-07 14:30:00,3124.806000000007
2013-02-07 15:00:00,3445.2359999999867
2013-02-07 15:30:00,3641.1899999999982
2013-02-07 16:00:00,3909.326000000014
2013-02-07 16:30:00,4204.538
2013-02-07 17:00:00,4548.687999999998
2013-02-07 17:30:00,4721.951999999999
2013-02-07 18:00:00,4823.840000000005
2013-02-07 18:30:00,4763.852000000001
2013-02-07 19:00:00,4645.399999999994
2013-02-07 19:30:00,4737.942000000004
2013-02-07 20:00:00,4724.968000000006
2013-02-07 20:30:00,4547.944000000005
2013-02-07 21:00:00,4260.458000000001
2013-02-07 21:30:00,3946.7619999999993
2013-02-07 22:00:00,3602.9659999999985
2013-02-07 22:30:00,3197.2059999999956
2013-02-07 23:00:00,2869.4659999999985
2013-02-07 23:30:00,2584.8280000000036
2013-02-08 00:00:00,2403.3579999999997
2013-02-08 00:30:00,2270.8699999999976
2013-02-08 01:00:00,2156.6800000000007
2013-02-08 01:30:00,2054.2420000000034
2013-02-08 02:00:00,1988.3680000000054
2013-02-08 02:30:00,1966.0439999999994
2013-02-08 03:00:00,1939.2620000000043
2013-02-08 03:30:00,1908.4039999999973
2013-02-08 04:00:00,1936.9900000000034
2013-02-08 04:30:00,2031.4599999999987
2013-02-08 05:00:00,2133.1659999999965
2013-02-08 05:30:00,2401.7139999999895
2013-02-08 06:00:00,2691.2579999999916
2013-02-08 06:30:00,3052.7180000000067
2013-02-08 07:00:00,3251.118000000005
2013-02-08 07:30:00,3053.896000000001
2013-02-08 08:00:00,2874.8399999999942
2013-02-08 08:30:00,2763.909999999997
2013-02-08 09:00:00,2783.619999999997
2013-02-08 09:30:00,2778.5940000000023
2013-02-08 10:00:00,2818.6760000000077
2013-02-08 10:30:00,2863.677999999998
2013-02-08 11:00:00,2974.138000000009
2013-02-08 11:30:00,3045.317999999993
2013-02-08 12:00:00,3169.7439999999974
2013-02-08 12:30:00,3252.4720000000007
2013-02-08 13:00:00,3390.2359999999962
2013-02-08 13:30:00,3537.0160000000074
2013-02-08 14:00:00,3694.6899999999946
2013-02-08 14:30:00,3879.8780000000093
2013-02-08 15:00:00,4354.9980000000005
2013-02-08 15:30:00,4642.386000000015
2013-02-08 16:00:00,4908.402000000009
2013-02-08 16:30:00,5202.891999999972
2013-02-08 17:00:00,5518.197999999996
2013-02-08 17:30:00,5694.966000000004
2013-02-08 18:00:00,5624.1959999999945
2013-02-08 18:30:00,5436.026000000004
2013-02-08 19:00:00,5283.560000000008
2013-02-08 19:30:00,5333.333999999995
2013-02-08 20:00:00,5277.9960000000165
2013-02-08 20:30:00,5195.5160000000005
2013-02-08 21:00:00,4865.208000000012
2013-02-08 21:30:00,4575.945999999999
2013-02-08 22:00:00,4118.414000000009
2013-02-08 22:30:00,3723.898000000023
2013-02-08 23:00:00,3298.4219999999927
2013-02-08 23:30:00,3040.5679999999934
2013-02-09 00:00:00,2765.0119999999984
2013-02-09 00:30:00,2649.2760000000003
2013-02-09 01:00:00,2496.996000000005
2013-02-09 01:30:00,2358.1840000000034
2013-02-09 02:00:00,2268.4959999999965
2013-02-09 02:30:00,2171.5940000000137
2013-02-09 03:00:00,2133.0560000000046
2013-02-09 03:30:00,2082.8180000000016
2013-02-09 04:00:00,2054.0899999999983
2013-02-09 04:30:00,2051.4140000000007
2013-02-09 05:00:00,2084.9300000000007
2013-02-09 05:30:00,2219.6539999999923
2013-02-09 06:00:00,2392.725999999996
2013-02-09 06:30:00,2603.5440000000026
2013-02-09 07:00:00,2868.244000000002
2013-02-09 07:30:00,3065.984000000001
2013-02-09 08:00:00,3224.5320000000065
2013-02-09 08:30:00,3336.0239999999912
2013-02-09 09:00:00,3497.0660000000103
2013-02-09 09:30:00,3545.8800000000056
2013-02-09 10:00:00,3600.080000000011
2013-02-09 10:30:00,3800.563999999988
2013-02-09 11:00:00,4005.4620000000073
2013-02-09 11:30:00,4160.930000000007
2013-02-09 12:00:00,4391.3899999999985
2013-02-09 12:30:00,4615.428000000007
2013-02-09 13:00:00,4811.985999999996
2013-02-09 13:30:00,5049.661999999993
2013-02-09 14:00:00,5244.121999999995
2013-02-09 14:30:00,5350.544000000024
2013-02-09 15:00:00,5541.263999999996
2013-02-09 15:30:00,5755.0040000000035
2013-02-09 16:00:00,5963.907999999991
2013-02-09 16:30:00,6139.771999999984
2013-02-09 17:00:00,6160.492000000007
2013-02-09 17:30:00,6119.3880000000045
2013-02-09 18:00:00,6026.749999999999
2013-02-09 18:30:00,5864.5239999999985
2013-02-09 19:00:00,5780.916000000001
2013-02-09 19:30:00,5618.953999999992
2013-02-09 20:00:00,5519.925999999993
2013-02-09 20:30:00,5283.999999999988
2013-02-09 21:00:00,5062.265999999994
2013-02-09 21:30:00,4717.22599999999
2013-02-09 22:00:00,4405.269999999996
2013-02-09 22:30:00,4121.647999999993
2013-02-09 23:00:00,3721.3200000000015
2013-02-09 23:30:00,3386.809999999998
2013-02-10 00:00:00,3122.0199999999854
2013-02-10 00:30:00,2927.922000000002
2013-02-10 01:00:00,2748.6140000000014
2013-02-10 01:30:00,2596.8040000000046
2013-02-10 02:00:00,2492.738000000001
2013-02-10 02:30:00,2434.7140000000004
2013-02-10 03:00:00,2344.639999999992
2013-02-10 03:30:00,2304.966000000001
2013-02-10 04:00:00,2259.7559999999976
2013-02-10 04:30:00,2263.4740000000024
2013-02-10 05:00:00,2238.979999999999
2013-02-10 05:30:00,2298.2219999999984
2013-02-10 06:00:00,2401.8939999999925
2013-02-10 06:30:00,2587.945999999991
2013-02-10 07:00:00,2876.3179999999984
2013-02-10 07:30:00,3167.3
2013-02-10 08:00:00,3452.429999999999
2013-02-10 08:30:00,3739.9380000000037
2013-02-10 09:00:00,4035.8260000000173
2013-02-10 09:30:00,4246.64799999999
2013-02-10 10:00:00,4504.279999999998
2013-02-10 10:30:00,4736.753999999989
2013-02-10 11:00:00,4943.228000000005
2013-02-10 11:30:00,5186.028000000005
2013-02-10 12:00:00,5432.242000000024
2013-02-10 12:30:00,5564.118000000022
2013-02-10 13:00:00,5710.620000000002
2013-02-10 13:30:00,5877.0120000000015
2013-02-10 14:00:00,5930.325999999998
2013-02-10 14:30:00,5955.855999999992
2013-02-10 15:00:00,5882.963999999997
2013-02-10 15:30:00,5733.296000000008
2013-02-10 16:00:00,5729.9980000000105
2013-02-10 16:30:00,5802.573999999989
2013-02-10 17:00:00,5911.373999999995
2013-02-10 17:30:00,6016.00799999999
2013-02-10 18:00:00,5990.903999999985
2013-02-10 18:30:00,5768.536000000026
2013-02-10 19:00:00,5510.441999999993
2013-02-10 19:30:00,5300.953999999998
2013-02-10 20:00:00,5087.6239999999925
2013-02-10 20:30:00,4683.448000000021
2013-02-10 21:00:00,4307.596000000006
2013-02-10 21:30:00,4005.816000000006
2013-02-10 22:00:00,3591.546000000006
2013-02-10 22:30:00,3187.531999999996
2013-02-10 23:00:00,2859.9459999999963
2013-02-10 23:30:00,2603.3859999999936
2013-02-11 00:00:00,2415.449999999997
2013-02-11 00:30:00,2321.058000000004
2013-02-11 01:00:00,2195.2019999999984
2013-02-11 01:30:00,2114.707999999995
2013-02-11 02:00:00,2046.240000000002
2013-02-11 02:30:00,1997.5120000000043
2013-02-11 03:00:00,1998.0240000000013
2013-02-11 03:30:00,1938.9220000000084
2013-02-11 04:00:00,1990.3539999999998
2013-02-11 04:30:00,2021.8299999999995
2013-02-11 05:00:00,2159.994000000003
2013-02-11 05:30:00,2427.9139999999957
2013-02-11 06:00:00,2765.0920000000046
2013-02-11 06:30:00,3199.250000000002
2013-02-11 07:00:00,3277.3040000000024
2013-02-11 07:30:00,3182.6519999999973
2013-02-11 08:00:00,2972.77000000001
2013-02-11 08:30:00,2846.6279999999883
2013-02-11 09:00:00,2770.444000000003
2013-02-11 09:30:00,2780.1840000000025
2013-02-11 10:00:00,2741.9020000000005
2013-02-11 10:30:00,2759.2260000000056
2013-02-11 11:00:00,2790.058000000001
2013-02-11 11:30:00,2852.661999999999
2013-02-11 12:00:00,2836.0640000000085
2013-02-11 12:30:00,2770.678000000006
2013-02-11 13:00:00,2782.149999999999
2013-02-11 13:30:00,2821.012000000002
2013-02-11 14:00:00,2759.392000000006
2013-02-11 14:30:00,2749.8060000000064
2013-02-11 15:00:00,3039.0719999999874
2013-02-11 15:30:00,3293.7419999999975
2013-02-11 16:00:00,3595.1159999999995
2013-02-11 16:30:00,3886.1259999999957
2013-02-11 17:00:00,4309.991999999988
2013-02-11 17:30:00,4696.591999999998
2013-02-11 18:00:00,4855.647999999993
2013-02-11 18:30:00,4693.516
2013-02-11 19:00:00,4592.889999999985
2013-02-11 19:30:00,4550.283999999991
2013-02-11 20:00:00,4428.7099999999955
2013-02-11 20:30:00,4242.715999999984
2013-02-11 21:00:00,4032.0780000000073
2013-02-11 21:30:00,3612.725999999998
2013-02-11 22:00:00,3288.2739999999944
2013-02-11 22:30:00,2873.6760000000104
2013-02-11 23:00:00,2598.1200000000063
2013-02-11 23:30:00,2347.860000000005
2013-02-12 00:00:00,2216.253999999999
2013-02-12 00:30:00,2105.592000000004
2013-02-12 01:00:00,1995.3879999999965
2013-02-12 01:30:00,1927.753999999998
2013-02-12 02:00:00,1910.798000000002
2013-02-12 02:30:00,1864.9160000000022
2013-02-12 03:00:00,1819.3979999999997
2013-02-12 03:30:00,1874.418000000005
2013-02-12 04:00:00,1884.9600000000005
2013-02-12 04:30:00,1950.7800000000045
2013-02-12 05:00:00,2104.472000000002
2013-02-12 05:30:00,2419.1400000000026
2013-02-12 06:00:00,2797.2439999999974
2013-02-12 06:30:00,3217.849999999999
2013-02-12 07:00:00,3309.469999999988
2013-02-12 07:30:00,3250.2759999999935
2013-02-12 08:00:00,3011.421999999991
2013-02-12 08:30:00,2850.641999999998
2013-02-12 09:00:00,2813.912000000003
2013-02-12 09:30:00,2791.213999999994
2013-02-12 10:00:00,2746.3379999999925
2013-02-12 10:30:00,2759.7160000000026
2013-02-12 11:00:00,2748.292000000006
2013-02-12 11:30:00,2774.69199999999
2013-02-12 12:00:00,2794.7279999999987
2013-02-12 12:30:00,2760.9760000000056
2013-02-12 13:00:00,2760.394000000014
2013-02-12 13:30:00,2777.1320000000046
2013-02-12 14:00:00,2737.341999999996
2013-02-12 14:30:00,2703.348000000002
2013-02-12 15:00:00,2889.9460000000036
2013-02-12 15:30:00,3129.322
2013-02-12 16:00:00,3349.779999999996
2013-02-12 16:30:00,3742.088
2013-02-12 17:00:00,4090.8640000000023
2013-02-12 17:30:00,4362.391999999989
2013-02-12 18:00:00,4489.9180000000015
2013-02-12 18:30:00,4521.56
2013-02-12 19:00:00,4479.067999999998
2013-02-12 19:30:00,4480.028000000001
2013-02-12 20:00:00,4371.247999999996
2013-02-12 20:30:00,4203.261999999997
2013-02-12 21:00:00,3932.530000000013
2013-02-12 21:30:00,3639.0900000000206
2013-02-12 22:00:00,3258.3740000000003
2013-02-12 22:30:00,2915.1400000000026
2013-02-12 23:00:00,2591.9360000000042
2013-02-12 23:30:00,2345.5360000000082
2013-02-13 00:00:00,2159.967999999997
2013-02-13 00:30:00,2065.8219999999965
2013-02-13 01:00:00,1982.602000000003
2013-02-13 01:30:00,1899.0239999999947
2013-02-13 02:00:00,1871.5059999999987
2013-02-13 02:30:00,1863.9660000000029
2013-02-13 03:00:00,1821.7899999999995
2013-02-13 03:30:00,1820.1759999999995
2013-02-13 04:00:00,1844.5299999999988
2013-02-13 04:30:00,1934.1680000000042
2013-02-13 05:00:00,2106.5820000000003
2013-02-13 05:30:00,2362.3479999999995
2013-02-13 06:00:00,2737.6540000000005
2013-02-13 06:30:00,3103.654000000004
2013-02-13 07:00:00,3312.4619999999954
2013-02-13 07:30:00,3218.974000000001
2013-02-13 08:00:00,2967.2799999999943
2013-02-13 08:30:00,2834.7079999999946
2013-02-13 09:00:00,2782.1600000000103
2013-02-13 09:30:00,2706.833999999998
2013-02-13 10:00:00,2659.012
2013-02-13 10:30:00,2672.1979999999908
2013-02-13 11:00:00,2708.4320000000066
2013-02-13 11:30:00,2765.669999999996
2013-02-13 12:00:00,2723.377999999999
2013-02-13 12:30:00,2669.6819999999984
2013-02-13 13:00:00,2672.328000000002
2013-02-13 13:30:00,2615.9939999999924
2013-02-13 14:00:00,2603.097999999998
2013-02-13 14:30:00,2667.8360000000002
2013-02-13 15:00:00,2849.1439999999975
2013-02-13 15:30:00,3081.187999999996
2013-02-13 16:00:00,3335.3420000000033
2013-02-13 16:30:00,3571.597999999997
2013-02-13 17:00:00,3872.3239999999955
2013-02-13 17:30:00,4139.578000000003
2013-02-13 18:00:00,4329.449999999995
2013-02-13 18:30:00,4318.131999999987
2013-02-13 19:00:00,4367.207999999991
2013-02-13 19:30:00,4437.354000000007
2013-02-13 20:00:00,4445.417999999988
2013-02-13 20:30:00,4336.196000000001
2013-02-13 21:00:00,3997.979999999993
2013-02-13 21:30:00,3748.207999999995
2013-02-13 22:00:00,3346.7120000000054
2013-02-13 22:30:00,2968.600000000007
2013-02-13 23:00:00,2654.074000000005
2013-02-13 23:30:00,2386.2120000000045
2013-02-14 00:00:00,2186.650000000002
2013-02-14 00:30:00,2057.7659999999987
2013-02-14 01:00:00,1972.556000000001
2013-02-14 01:30:00,1920.8000000000015
2013-02-14 02:00:00,1856.618
2013-02-14 02:30:00,1822.1160000000002
2013-02-14 03:00:00,1783.1399999999978
2013-02-14 03:30:00,1811.5180000000055
2013-02-14 04:00:00,1833.3119999999954
2013-02-14 04:30:00,1908.0079999999957
2013-02-14 05:00:00,2080.1559999999945
2013-02-14 05:30:00,2342.7740000000003
2013-02-14 06:00:00,2721.182000000007
2013-02-14 06:30:00,3063.220000000017
2013-02-14 07:00:00,3278.148000000003
2013-02-14 07:30:00,3150.367999999997
2013-02-14 08:00:00,2867.53
2013-02-14 08:30:00,2717.2840000000006
2013-02-14 09:00:00,2694.499999999998
2013-02-14 09:30:00,2669.4339999999943
2013-02-14 10:00:00,2683.213999999999
2013-02-14 10:30:00,2708.8460000000146
2013-02-14 11:00:00,2655.5079999999957
2013-02-14 11:30:00,2687.482000000001
2013-02-14 12:00:00,2688.8759999999993
2013-02-14 12:30:00,2675.170000000004
2013-02-14 13:00:00,2730.2679999999996
2013-02-14 13:30:00,2764.4100000000026
2013-02-14 14:00:00,2718.5239999999962
2013-02-14 14:30:00,2820.416000000011
2013-02-14 15:00:00,3110.016
2013-02-14 15:30:00,3301.3959999999906
2013-02-14 16:00:00,3371.4460000000045
2013-02-14 16:30:00,3659.618000000001
2013-02-14 17:00:00,3965.748000000016
2013-02-14 17:30:00,4211.615999999997
2013-02-14 18:00:00,4309.465999999995
2013-02-14 18:30:00,4227.615999999998
2013-02-14 19:00:00,4341.290000000003
2013-02-14 19:30:00,4428.129999999993
2013-02-14 20:00:00,4453.817999999988
2013-02-14 20:30:00,4296.496000000009
2013-02-14 21:00:00,4051.1400000000035
2013-02-14 21:30:00,3745.791999999988
2013-02-14 22:00:00,3392.243999999995
2013-02-14 22:30:00,3030.1340000000155
2013-02-14 23:00:00,2663.483999999994
2013-02-14 23:30:00,2444.215999999997
2013-02-15 00:00:00,2286.598000000003
2013-02-15 00:30:00,2166.754000000004
2013-02-15 01:00:00,2060.8760000000066
2013-02-15 01:30:00,1989.1300000000008
2013-02-15 02:00:00,1952.7120000000052
2013-02-15 02:30:00,1919.7599999999995
2013-02-15 03:00:00,1894.2739999999988
2013-02-15 03:30:00,1884.0580000000007
2013-02-15 04:00:00,1907.6719999999966
2013-02-15 04:30:00,1988.7460000000044
2013-02-15 05:00:00,2129.3620000000014
2013-02-15 05:30:00,2360.4660000000044
2013-02-15 06:00:00,2697.7820000000065
2013-02-15 06:30:00,3067.9820000000045
2013-02-15 07:00:00,3267.997999999996
2013-02-15 07:30:00,3190.6659999999983
2013-02-15 08:00:00,3000.233999999994
2013-02-15 08:30:00,2882.8640000000073
2013-02-15 09:00:00,2826.8500000000045
2013-02-15 09:30:00,2780.3759999999916
2013-02-15 10:00:00,2720.6579999999935
2013-02-15 10:30:00,2738.9539999999924
2013-02-15 11:00:00,2745.9480000000003
2013-02-15 11:30:00,2771.1060000000048
2013-02-15 12:00:00,2765.6699999999887
2013-02-15 12:30:00,2788.487999999994
2013-02-15 13:00:00,2735.416
2013-02-15 13:30:00,2763.213999999996
2013-02-15 14:00:00,2742.420000000003
2013-02-15 14:30:00,2732.4180000000024
2013-02-15 15:00:00,2912.746000000007
2013-02-15 15:30:00,3086.925999999997
2013-02-15 16:00:00,3205.3480000000054
2013-02-15 16:30:00,3416.220000000004
2013-02-15 17:00:00,3678.990000000003
2013-02-15 17:30:00,3974.5840000000107
2013-02-15 18:00:00,4131.1119999999955
2013-02-15 18:30:00,4105.041999999989
2013-02-15 19:00:00,4148.422
2013-02-15 19:30:00,4202.316
2013-02-15 20:00:00,4196.645999999994
2013-02-15 20:30:00,4037.5920000000006
2013-02-15 21:00:00,3823.9560000000033
2013-02-15 21:30:00,3579.6820000000066
2013-02-15 22:00:00,3375.244000000003
2013-02-15 22:30:00,3115.0240000000053
2013-02-15 23:00:00,2796.2919999999945
2013-02-15 23:30:00,2581.2299999999987
2013-02-16 00:00:00,2402.4939999999924
2013-02-16 00:30:00,2226.3299999999963
2013-02-16 01:00:00,2101.8960000000015
2013-02-16 01:30:00,2046.2619999999936
2013-02-16 02:00:00,1971.611999999999
2013-02-16 02:30:00,1915.4460000000045
2013-02-16 03:00:00,1875.9959999999976
2013-02-16 03:30:00,1857.3499999999997
2013-02-16 04:00:00,1863.9040000000032
2013-02-16 04:30:00,1884.5419999999974
2013-02-16 05:00:00,1944.0660000000057
2013-02-16 05:30:00,2054.001999999998
2013-02-16 06:00:00,2236.615999999997
2013-02-16 06:30:00,2502.566000000002
2013-02-16 07:00:00,2813.2140000000077
2013-02-16 07:30:00,3001.2060000000033
2013-02-16 08:00:00,3182.336
2013-02-16 08:30:00,3344.667999999995
2013-02-16 09:00:00,3369.0399999999977
2013-02-16 09:30:00,3399.0980000000054
2013-02-16 10:00:00,3394.5079999999903
2013-02-16 10:30:00,3439.7499999999973
2013-02-16 11:00:00,3494.538000000002
2013-02-16 11:30:00,3549.623999999999
2013-02-16 12:00:00,3589.3080000000014
2013-02-16 12:30:00,3533.159999999998
2013-02-16 13:00:00,3523.518000000002
2013-02-16 13:30:00,3548.6039999999985
2013-02-16 14:00:00,3597.2819999999983
2013-02-16 14:30:00,3643.0880000000093
2013-02-16 15:00:00,3753.0639999999926
2013-02-16 15:30:00,3788.845999999991
2013-02-16 16:00:00,3910.1019999999876
2013-02-16 16:30:00,4108.135999999982
2013-02-16 17:00:00,4286.222000000003
2013-02-16 17:30:00,4377.699999999991
2013-02-16 18:00:00,4361.698000000007
2013-02-16 18:30:00,4219.933999999993
2013-02-16 19:00:00,4200.286000000005
2013-02-16 19:30:00,4240.99000000001
2013-02-16 20:00:00,4238.590000000009
2013-02-16 20:30:00,4057.908000000001
2013-02-16 21:00:00,3838.632000000004
2013-02-16 21:30:00,3648.917999999997
2013-02-16 22:00:00,3441.056000000007
2013-02-16 22:30:00,3210.6619999999953
2013-02-16 23:00:00,2912.660000000006
2013-02-16 23:30:00,2669.4440000000045
2013-02-17 00:00:00,2430.134
2013-02-17 00:30:00,2313.7840000000024
2013-02-17 01:00:00,2178.5399999999995
2013-02-17 01:30:00,2085.248000000003
2013-02-17 02:00:00,1990.5399999999943
2013-02-17 02:30:00,1931.0439999999985
2013-02-17 03:00:00,1926.1619999999996
2013-02-17 03:30:00,1916.4600000000005
2013-02-17 04:00:00,1907.666
2013-02-17 04:30:00,1906.8959999999938
2013-02-17 05:00:00,1926.3860000000043
2013-02-17 05:30:00,1991.9339999999993
2013-02-17 06:00:00,2139.938000000001
2013-02-17 06:30:00,2373.060000000007
2013-02-17 07:00:00,2632.194
2013-02-17 07:30:00,2869.025999999998
2013-02-17 08:00:00,3178.203999999989
2013-02-17 08:30:00,3320.2559999999985
2013-02-17 09:00:00,3431.9919999999947
2013-02-17 09:30:00,3421.0159999999887
2013-02-17 10:00:00,3475.442000000001
2013-02-17 10:30:00,3464.8600000000056
2013-02-17 11:00:00,3531.245999999997
2013-02-17 11:30:00,3737.5940000000046
2013-02-17 12:00:00,3634.6900000000037
2013-02-17 12:30:00,3520.622000000009
2013-02-17 13:00:00,3465.059999999991
2013-02-17 13:30:00,3493.9199999999964
2013-02-17 14:00:00,3499.9220000000087
2013-02-17 14:30:00,3568.7919999999876
2013-02-17 15:00:00,3635.2380000000026
2013-02-17 15:30:00,3764.3299999999963
2013-02-17 16:00:00,3947.2959999999857
2013-02-17 16:30:00,4163.148000000005
2013-02-17 17:00:00,4390.670000000005
2013-02-17 17:30:00,4585.543999999999
2013-02-17 18:00:00,4538.957999999986
2013-02-17 18:30:00,4449.080000000001
2013-02-17 19:00:00,4532.447999999985
2013-02-17 19:30:00,4723.9940000000015
2013-02-17 20:00:00,4612.805999999988
2013-02-17 20:30:00,4335.5300000000025
2013-02-17 21:00:00,4051.7139999999886
2013-02-17 21:30:00,3736.3079999999995
2013-02-17 22:00:00,3373.1519999999955
2013-02-17 22:30:00,2988.354000000005
2013-02-17 23:00:00,2689.2899999999872
2013-02-17 23:30:00,2467.0420000000017
2013-02-18 00:00:00,2308.1980000000012
2013-02-18 00:30:00,2142.757999999993
2013-02-18 01:00:00,2056.980000000006
2013-02-18 01:30:00,1997.1159999999986
2013-02-18 02:00:00,1921.3760000000002
2013-02-18 02:30:00,1885.4839999999976
2013-02-18 03:00:00,1850.7859999999991
2013-02-18 03:30:00,1866.7839999999987
2013-02-18 04:00:00,1901.092000000002
2013-02-18 04:30:00,1948.9980000000037
2013-02-18 05:00:00,2101.7459999999965
2013-02-18 05:30:00,2350.9900000000025
2013-02-18 06:00:00,2692.724000000002
2013-02-18 06:30:00,3072.4619999999927
2013-02-18 07:00:00,3254.349999999988
2013-02-18 07:30:00,3152.2559999999994
2013-02-18 08:00:00,2917.8840000000077
2013-02-18 08:30:00,2774.4000000000065
2013-02-18 09:00:00,2751.779999999998
2013-02-18 09:30:00,2706.695999999996
2013-02-18 10:00:00,2747.889999999998
2013-02-18 10:30:00,2762.802000000003
2013-02-18 11:00:00,2812.144
2013-02-18 11:30:00,2850.6520000000064
2013-02-18 12:00:00,2863.387999999994
2013-02-18 12:30:00,2848.333999999997
2013-02-18 13:00:00,2903.924
2013-02-18 13:30:00,2888.100000000002
2013-02-18 14:00:00,2913.8339999999866
2013-02-18 14:30:00,3028.9119999999966
2013-02-18 15:00:00,3171.4479999999944
2013-02-18 15:30:00,3421.152000000002
2013-02-18 16:00:00,3691.905999999994
2013-02-18 16:30:00,4013.075999999998
2013-02-18 17:00:00,4304.526000000002
2013-02-18 17:30:00,4602.825999999991
2013-02-18 18:00:00,4706.008000000006
2013-02-18 18:30:00,4679.304000000014
2013-02-18 19:00:00,4701.252000000005
2013-02-18 19:30:00,4715.252000000017
2013-02-18 20:00:00,4640.530000000001
2013-02-18 20:30:00,4469.358000000006
2013-02-18 21:00:00,4184.227999999996
2013-02-18 21:30:00,3812.043999999995
2013-02-18 22:00:00,3426.148000000006
2013-02-18 22:30:00,3029.8939999999925
2013-02-18 23:00:00,2709.0479999999866
2013-02-18 23:30:00,2443.6980000000003
2013-02-19 00:00:00,2284.0020000000054
2013-02-19 00:30:00,2141.0819999999994
2013-02-19 01:00:00,2078.552000000003
2013-02-19 01:30:00,2011.174000000001
2013-02-19 02:00:00,1969.7500000000005
2013-02-19 02:30:00,1923.1900000000003
2013-02-19 03:00:00,1898.8960000000025
2013-02-19 03:30:00,1875.8020000000045
2013-02-19 04:00:00,1912.8359999999984
2013-02-19 04:30:00,1974.4359999999929
2013-02-19 05:00:00,2128.052000000003
2013-02-19 05:30:00,2418.535999999998
2013-02-19 06:00:00,2706.9199999999973
2013-02-19 06:30:00,3078.320000000008
2013-02-19 07:00:00,3191.8720000000026
2013-02-19 07:30:00,3114.2399999999843
2013-02-19 08:00:00,2882.5280000000034
2013-02-19 08:30:00,2802.4839999999976
2013-02-19 09:00:00,2716.181999999996
2013-02-19 09:30:00,2704.2980000000007
2013-02-19 10:00:00,2721.7920000000036
2013-02-19 10:30:00,2735.5380000000014
2013-02-19 11:00:00,2792.5219999999986
2013-02-19 11:30:00,2888.833999999994
2013-02-19 12:00:00,2942.453999999998
2013-02-19 12:30:00,2946.545999999998
2013-02-19 13:00:00,2969.7959999999966
2013-02-19 13:30:00,3009.9159999999965
2013-02-19 14:00:00,3099.9559999999938
2013-02-19 14:30:00,3165.6399999999917
2013-02-19 15:00:00,3474.813999999997
2013-02-19 15:30:00,3739.6320000000137
2013-02-19 16:00:00,3992.8259999999964
2013-02-19 16:30:00,4358.803999999997
2013-02-19 17:00:00,4735.272000000012
2013-02-19 17:30:00,5092.019999999995
2013-02-19 18:00:00,5092.082
2013-02-19 18:30:00,5057.868000000015
2013-02-19 19:00:00,5100.499999999995
2013-02-19 19:30:00,5153.620000000014
2013-02-19 20:00:00,5110.426000000003
2013-02-19 20:30:00,4805.754000000012
2013-02-19 21:00:00,4494.764000000004
2013-02-19 21:30:00,4067.6820000000002
2013-02-19 22:00:00,3663.6320000000032
2013-02-19 22:30:00,3272.1399999999967
2013-02-19 23:00:00,2910.5500000000047
2013-02-19 23:30:00,2621.0159999999973
2013-02-20 00:00:00,2465.1640000000016
2013-02-20 00:30:00,2335.7780000000007
2013-02-20 01:00:00,2210.572000000004
2013-02-20 01:30:00,2144.1480000000024
2013-02-20 02:00:00,2100.520000000002
2013-02-20 02:30:00,2014.6520000000032
2013-02-20 03:00:00,1993.1260000000023
2013-02-20 03:30:00,2001.8699999999967
2013-02-20 04:00:00,2020.9240000000023
2013-02-20 04:30:00,2079.4379999999956
2013-02-20 05:00:00,2261.6379999999936
2013-02-20 05:30:00,2475.200000000013
2013-02-20 06:00:00,2827.508000000001
2013-02-20 06:30:00,3221.3940000000084
2013-02-20 07:00:00,3321.892000000003
2013-02-20 07:30:00,3231.6080000000065
2013-02-20 08:00:00,3067.7440000000065
2013-02-20 08:30:00,2888.178000000001
2013-02-20 09:00:00,2854.2619999999993
2013-02-20 09:30:00,2849.2619999999974
2013-02-20 10:00:00,2856.2139999999954
2013-02-20 10:30:00,2854.5359999999987
2013-02-20 11:00:00,2919.607999999995
2013-02-20 11:30:00,3045.2860000000014
2013-02-20 12:00:00,3026.7940000000094
2013-02-20 12:30:00,3024.7159999999967
2013-02-20 13:00:00,3090.2199999999993
2013-02-20 13:30:00,3124.174000000003
2013-02-20 14:00:00,3098.599999999998
2013-02-20 14:30:00,3220.9779999999996
2013-02-20 15:00:00,3524.794000000004
2013-02-20 15:30:00,3809.608000000003
2013-02-20 16:00:00,4071.2340000000067
2013-02-20 16:30:00,4367.268000000002
2013-02-20 17:00:00,4673.881999999995
2013-02-20 17:30:00,4952.853999999997
2013-02-20 18:00:00,4990.760000000001
2013-02-20 18:30:00,4863.85600000002
2013-02-20 19:00:00,4947.333999999996
2013-02-20 19:30:00,4964.269999999991
2013-02-20 20:00:00,4924.125999999989
2013-02-20 20:30:00,4685.985999999997
2013-02-20 21:00:00,4495.196000000002
2013-02-20 21:30:00,4140.722000000011
2013-02-20 22:00:00,3708.6259999999925
2013-02-20 22:30:00,3279.0480000000084
2013-02-20 23:00:00,2915.535999999992
2013-02-20 23:30:00,2652.0040000000017
2013-02-21 00:00:00,2476.1979999999962
2013-02-21 00:30:00,2338.4020000000028
2013-02-21 01:00:00,2261.8879999999963
2013-02-21 01:30:00,2175.042000000001
2013-02-21 02:00:00,2120.8160000000007
2013-02-21 02:30:00,2069.3139999999967
2013-02-21 03:00:00,2016.0580000000011
2013-02-21 03:30:00,2004.4259999999995
2013-02-21 04:00:00,2018.503999999994
2013-02-21 04:30:00,2096.5200000000023
2013-02-21 05:00:00,2223.7480000000014
2013-02-21 05:30:00,2453.128000000001
2013-02-21 06:00:00,2817.4280000000044
2013-02-21 06:30:00,3177.3059999999928
2013-02-21 07:00:00,3286.210000000006
2013-02-21 07:30:00,3210.352000000004
2013-02-21 08:00:00,3023.175999999999
2013-02-21 08:30:00,2952.133999999995
2013-02-21 09:00:00,2894.821999999989
2013-02-21 09:30:00,2865.8340000000057
2013-02-21 10:00:00,2865.378000000007
2013-02-21 10:30:00,2918.555999999993
2013-02-21 11:00:00,2894.513999999991
2013-02-21 11:30:00,2889.463999999996
2013-02-21 12:00:00,2938.674000000002
2013-02-21 12:30:00,2964.057999999997
2013-02-21 13:00:00,2970.390000000003
2013-02-21 13:30:00,2989.409999999997
2013-02-21 14:00:00,3066.1439999999984
2013-02-21 14:30:00,3144.0280000000043
2013-02-21 15:00:00,3378.1000000000063
2013-02-21 15:30:00,3541.4719999999893
2013-02-21 16:00:00,3675.5280000000084
2013-02-21 16:30:00,3961.062000000001
2013-02-21 17:00:00,4339.285999999995
2013-02-21 17:30:00,4524.996000000001
2013-02-21 18:00:00,4651.283999999989
2013-02-21 18:30:00,4646.0840000000135
2013-02-21 19:00:00,4776.589999999989
2013-02-21 19:30:00,4797.334000000002
2013-02-21 20:00:00,4743.939999999987
2013-02-21 20:30:00,4570.833999999996
2013-02-21 21:00:00,4340.902000000006
2013-02-21 21:30:00,3980.5699999999915
2013-02-21 22:00:00,3612.8860000000054
2013-02-21 22:30:00,3235.9160000000047
2013-02-21 23:00:00,2863.710000000008
2013-02-21 23:30:00,2614.8359999999934
2013-02-22 00:00:00,2414.446000000004
2013-02-22 00:30:00,2287.6619999999975
2013-02-22 01:00:00,2196.455999999995
2013-02-22 01:30:00,2106.839999999997
2013-02-22 02:00:00,2088.3919999999966
2013-02-22 02:30:00,2041.0379999999975
2013-02-22 03:00:00,1992.8559999999943
2013-02-22 03:30:00,2010.6159999999968
2013-02-22 04:00:00,2015.5659999999987
2013-02-22 04:30:00,2116.48
2013-02-22 05:00:00,2259.8299999999836
2013-02-22 05:30:00,2486.9259999999963
2013-02-22 06:00:00,2813.459999999994
2013-02-22 06:30:00,3220.4559999999997
2013-02-22 07:00:00,3319.4599999999987
2013-02-22 07:30:00,3261.6379999999995
2013-02-22 08:00:00,3035.687999999993
2013-02-22 08:30:00,2943.1179999999968
2013-02-22 09:00:00,2915.235999999999
2013-02-22 09:30:00,2859.4220000000046
2013-02-22 10:00:00,2818.2159999999976
2013-02-22 10:30:00,2828.7639999999856
2013-02-22 11:00:00,2844.4120000000066
2013-02-22 11:30:00,2884.8939999999943
2013-02-22 12:00:00,2924.586000000003
2013-02-22 12:30:00,2925.721999999995
2013-02-22 13:00:00,2880.0419999999926
2013-02-22 13:30:00,2863.5419999999845
2013-02-22 14:00:00,2842.544000000007
2013-02-22 14:30:00,2852.298000000011
2013-02-22 15:00:00,3138.0300000000007
2013-02-22 15:30:00,3278.461999999999
2013-02-22 16:00:00,3436.95199999999
2013-02-22 16:30:00,3732.0080000000107
2013-02-22 17:00:00,3990.9419999999964
2013-02-22 17:30:00,4198.018000000002
2013-02-22 18:00:00,4293.387999999989
2013-02-22 18:30:00,4267.89999999999
2013-02-22 19:00:00,4297.589999999995
2013-02-22 19:30:00,4230.586000000009
2013-02-22 20:00:00,4120.631999999998
2013-02-22 20:30:00,3976.975999999993
2013-02-22 21:00:00,3745.4779999999914
2013-02-22 21:30:00,3532.3119999999917
2013-02-22 22:00:00,3367.1519999999978
2013-02-22 22:30:00,3105.916
2013-02-22 23:00:00,2857.070000000018
2013-02-22 23:30:00,2600.4039999999964
2013-02-23 00:00:00,2413.336000000004
2013-02-23 00:30:00,2246.1160000000004
2013-02-23 01:00:00,2148.2239999999983
2013-02-23 01:30:00,2074.805999999997
2013-02-23 02:00:00,2031.2259999999999
2013-02-23 02:30:00,1960.5760000000007
2013-02-23 03:00:00,1946.4900000000016
2013-02-23 03:30:00,1935.3719999999973
2013-02-23 04:00:00,1921.8540000000005
2013-02-23 04:30:00,1939.9920000000031
2013-02-23 05:00:00,2003.166000000003
2013-02-23 05:30:00,2081.58
2013-02-23 06:00:00,2264.2439999999956
2013-02-23 06:30:00,2576.2179999999994
2013-02-23 07:00:00,2909.4060000000068
2013-02-23 07:30:00,3271.8640000000005
2013-02-23 08:00:00,3501.4360000000124
2013-02-23 08:30:00,3621.5019999999913
2013-02-23 09:00:00,3754.2820000000065
2013-02-23 09:30:00,3818.658
2013-02-23 10:00:00,3755.621999999994
2013-02-23 10:30:00,3760.1439999999966
2013-02-23 11:00:00,3771.068000000012
2013-02-23 11:30:00,3823.5280000000007
2013-02-23 12:00:00,3773.9079999999994
2013-02-23 12:30:00,3751.072000000001
2013-02-23 13:00:00,3760.311999999997
2013-02-23 13:30:00,3722.796000000009
2013-02-23 14:00:00,3678.321999999995
2013-02-23 14:30:00,3708.2680000000137
2013-02-23 15:00:00,3737.3600000000038
2013-02-23 15:30:00,3860.1760000000095
2013-02-23 16:00:00,3984.7000000000003
2013-02-23 16:30:00,4197.965999999996
2013-02-23 17:00:00,4573.847999999996
2013-02-23 17:30:00,4782.166000000004
2013-02-23 18:00:00,4788.552000000007
2013-02-23 18:30:00,4643.224000000012
2013-02-23 19:00:00,4448.248000000008
2013-02-23 19:30:00,4410.7000000000135
2013-02-23 20:00:00,4301.266000000005
2013-02-23 20:30:00,4175.621999999997
2013-02-23 21:00:00,3963.3860000000036
2013-02-23 21:30:00,3750.1400000000003
2013-02-23 22:00:00,3508.4779999999905
2013-02-23 22:30:00,3237.3420000000015
2013-02-23 23:00:00,2918.867999999998
2013-02-23 23:30:00,2716.5920000000033
2013-02-24 00:00:00,2531.7639999999938
2013-02-24 00:30:00,2389.2379999999966
2013-02-24 01:00:00,2259.280000000003
2013-02-24 01:30:00,2173.860000000004
2013-02-24 02:00:00,2078.8339999999944
2013-02-24 02:30:00,2034.4079999999944
2013-02-24 03:00:00,1976.9620000000034
2013-02-24 03:30:00,1954.1499999999971
2013-02-24 04:00:00,1938.9219999999975
2013-02-24 04:30:00,1928.0220000000013
2013-02-24 05:00:00,1948.3940000000023
2013-02-24 05:30:00,2043.1279999999958
2013-02-24 06:00:00,2210.675999999997
2013-02-24 06:30:00,2429.7559999999953
2013-02-24 07:00:00,2760.457999999999
2013-02-24 07:30:00,3058.596000000005
2013-02-24 08:00:00,3436.725999999998
2013-02-24 08:30:00,3613.4780000000133
2013-02-24 09:00:00,3751.756
2013-02-24 09:30:00,3903.463999999996
2013-02-24 10:00:00,4004.147999999995
2013-02-24 10:30:00,4054.3279999999927
2013-02-24 11:00:00,4104.937999999997
2013-02-24 11:30:00,4331.327999999996
2013-02-24 12:00:00,4569.897999999998
2013-02-24 12:30:00,4703.469999999998
2013-02-24 13:00:00,4795.907999999993
2013-02-24 13:30:00,4950.028000000009
2013-02-24 14:00:00,5049.405999999992
2013-02-24 14:30:00,5176.6100000000115
2013-02-24 15:00:00,5351.455999999996
2013-02-24 15:30:00,5506.317999999992
2013-02-24 16:00:00,5663.915999999992
2013-02-24 16:30:00,5862.44400000001
2013-02-24 17:00:00,5969.025999999998
2013-02-24 17:30:00,6091.049999999995
2013-02-24 18:00:00,6130.375999999982
2013-02-24 18:30:00,6014.238000000007
2013-02-24 19:00:00,6066.945999999995
2013-02-24 19:30:00,5980.62799999998
2013-02-24 20:00:00,5812.686
2013-02-24 20:30:00,5415.0779999999795
2013-02-24 21:00:00,5049.017999999996
2013-02-24 21:30:00,4626.241999999992
2013-02-24 22:00:00,4087.6439999999952
2013-02-24 22:30:00,3619.7660000000064
2013-02-24 23:00:00,3259.1120000000083
2013-02-24 23:30:00,2988.818000000007
2013-02-25 00:00:00,2752.904000000009
2013-02-25 00:30:00,2582.306000000004
2013-02-25 01:00:00,2458.3580000000024
2013-02-25 01:30:00,2357.889999999999
2013-02-25 02:00:00,2293.2800000000025
2013-02-25 02:30:00,2238.722000000003
2013-02-25 03:00:00,2206.97
2013-02-25 03:30:00,2191.3000000000047
2013-02-25 04:00:00,2190.832000000002
2013-02-25 04:30:00,2234.5300000000034
2013-02-25 05:00:00,2364.3739999999984
2013-02-25 05:30:00,2584.6620000000034
2013-02-25 06:00:00,2922.2620000000134
2013-02-25 06:30:00,3298.1100000000024
2013-02-25 07:00:00,3535.621999999991
2013-02-25 07:30:00,3378.3140000000053
2013-02-25 08:00:00,3241.3740000000066
2013-02-25 08:30:00,3159.721999999991
2013-02-25 09:00:00,3206.7480000000005
2013-02-25 09:30:00,3218.763999999995
2013-02-25 10:00:00,3205.4020000000005
2013-02-25 10:30:00,3316.913999999991
2013-02-25 11:00:00,3405.531999999981
2013-02-25 11:30:00,3542.918000000001
2013-02-25 12:00:00,3640.5439999999935
2013-02-25 12:30:00,3765.3559999999966
2013-02-25 13:00:00,3894.5919999999896
2013-02-25 13:30:00,3975.921999999995
2013-02-25 14:00:00,4108.091999999999
2013-02-25 14:30:00,4285.271999999985
2013-02-25 15:00:00,4726.1880000000065
2013-02-25 15:30:00,5057.877999999978
2013-02-25 16:00:00,5291.192000000001
2013-02-25 16:30:00,5688.80199999999
2013-02-25 17:00:00,6016.926000000004
2013-02-25 17:30:00,6179.742000000014
2013-02-25 18:00:00,6338.375999999997
2013-02-25 18:30:00,6232.105999999977
2013-02-25 19:00:00,6163.847999999991
2013-02-25 19:30:00,5989.840000000013
2013-02-25 20:00:00,5731.699999999974
2013-02-25 20:30:00,5415.068000000002
2013-02-25 21:00:00,5015.197999999986
2013-02-25 21:30:00,4603.6759999999995
2013-02-25 22:00:00,4124.122000000011
2013-02-25 22:30:00,3613.4680000000085
2013-02-25 23:00:00,3285.5479999999966
2013-02-25 23:30:00,2965.1060000000075
2013-02-26 00:00:00,2765.2959999999903
2013-02-26 00:30:00,2597.180000000012
2013-02-26 01:00:00,2492.46
2013-02-26 01:30:00,2413.889999999991
2013-02-26 02:00:00,2331.6039999999953
2013-02-26 02:30:00,2250.196000000004
2013-02-26 03:00:00,2171.3880000000045
2013-02-26 03:30:00,2169.5800000000036
2013-02-26 04:00:00,2134.8179999999975
2013-02-26 04:30:00,2220.1119999999983
2013-02-26 05:00:00,2343.9479999999944
2013-02-26 05:30:00,2615.5999999999935
2013-02-26 06:00:00,2876.982000000002
2013-02-26 06:30:00,3250.7820000000124
2013-02-26 07:00:00,3383.725999999992
2013-02-26 07:30:00,3287.041999999994
2013-02-26 08:00:00,3087.869999999995
2013-02-26 08:30:00,2959.4700000000066
2013-02-26 09:00:00,2973.50400000001
2013-02-26 09:30:00,2965.494000000005
2013-02-26 10:00:00,3035.581999999998
2013-02-26 10:30:00,3121.0620000000094
2013-02-26 11:00:00,3109.990000000001
2013-02-26 11:30:00,3170.5679999999993
2013-02-26 12:00:00,3197.244000000001
2013-02-26 12:30:00,3249.037999999997
2013-02-26 13:00:00,3176.849999999999
2013-02-26 13:30:00,3220.259999999997
2013-02-26 14:00:00,3203.2400000000084
2013-02-26 14:30:00,3364.598
2013-02-26 15:00:00,3725.4460000000063
2013-02-26 15:30:00,3972.695999999995
2013-02-26 16:00:00,4238.989999999999
2013-02-26 16:30:00,4507.653999999996
2013-02-26 17:00:00,4888.506000000002
2013-02-26 17:30:00,5159.212000000017
2013-02-26 18:00:00,5230.039999999987
2013-02-26 18:30:00,5212.201999999993
2013-02-26 19:00:00,5269.087999999998
2013-02-26 19:30:00,5209.373999999993
2013-02-26 20:00:00,5056.110000000009
2013-02-26 20:30:00,4851.132
2013-02-26 21:00:00,4536.684000000012
2013-02-26 21:30:00,4183.648000000003
2013-02-26 22:00:00,3771.529999999997
2013-02-26 22:30:00,3344.6959999999967
2013-02-26 23:00:00,2991.573999999988
2013-02-26 23:30:00,2733.544
2013-02-27 00:00:00,2557.500000000012
2013-02-27 00:30:00,2378.684000000003
2013-02-27 01:00:00,2275.8100000000018
2013-02-27 01:30:00,2189.381999999997
2013-02-27 02:00:00,2138.012000000003
2013-02-27 02:30:00,2109.9300000000044
2013-02-27 03:00:00,2062.121999999999
2013-02-27 03:30:00,2034.617999999998
2013-02-27 04:00:00,2069.6019999999953
2013-02-27 04:30:00,2156.5400000000013
2013-02-27 05:00:00,2292.9180000000024
2013-02-27 05:30:00,2551.3699999999917
2013-02-27 06:00:00,2847.276000000002
2013-02-27 06:30:00,3219.239999999993
2013-02-27 07:00:00,3381.3400000000006
2013-02-27 07:30:00,3282.0600000000018
2013-02-27 08:00:00,3012.0479999999975
2013-02-27 08:30:00,2866.528000000001
2013-02-27 09:00:00,2760.813999999998
2013-02-27 09:30:00,2793.5660000000025
2013-02-27 10:00:00,2805.0599999999977
2013-02-27 10:30:00,2902.269999999991
2013-02-27 11:00:00,2978.403999999995
2013-02-27 11:30:00,3121.625999999992
2013-02-27 12:00:00,3204.574000000002
2013-02-27 12:30:00,3211.6960000000013
2013-02-27 13:00:00,3356.3480000000054
2013-02-27 13:30:00,3498.0739999999987
2013-02-27 14:00:00,3543.279999999998
2013-02-27 14:30:00,3834.642000000007
2013-02-27 15:00:00,4216.869999999988
2013-02-27 15:30:00,4540.334000000003
2013-02-27 16:00:00,4742.4239999999845
2013-02-27 16:30:00,5159.013999999985
2013-02-27 17:00:00,5408.981999999984
2013-02-27 17:30:00,5622.863999999999
2013-02-27 18:00:00,5733.462000000015
2013-02-27 18:30:00,5647.969999999983
2013-02-27 19:00:00,5566.284000000015
2013-02-27 19:30:00,5605.669999999981
2013-02-27 20:00:00,5321.664000000007
2013-02-27 20:30:00,5121.479999999994
2013-02-27 21:00:00,4749.547999999991
2013-02-27 21:30:00,4401.556000000003
2013-02-27 22:00:00,3926.087999999996
2013-02-27 22:30:00,3523.2480000000032
2013-02-27 23:00:00,3117.502000000013
2013-02-27 23:30:00,2836.252
2013-02-28 00:00:00,2597.1580000000095
2013-02-28 00:30:00,2429.9820000000004
2013-02-28 01:00:00,2311.3499999999935
2013-02-28 01:30:00,2260.8279999999977
2013-02-28 02:00:00,2186.2600000000043
2013-02-28 02:30:00,2161.4119999999944
2013-02-28 03:00:00,2121.4959999999946
2013-02-28 03:30:00,2126.345999999995
2013-02-28 04:00:00,2104.9340000000007
2013-02-28 04:30:00,2176.308000000001
2013-02-28 05:00:00,2308.331999999999
2013-02-28 05:30:00,2499.8119999999876
2013-02-28 06:00:00,2827.186000000003
2013-02-28 06:30:00,3222.0140000000038
2013-02-28 07:00:00,3421.9559999999915
2013-02-28 07:30:00,3267.343999999996
2013-02-28 08:00:00,2959.7680000000055
2013-02-28 08:30:00,2830.6480000000015
2013-02-28 09:00:00,2830.749999999994
2013-02-28 09:30:00,2860.8900000000035
2013-02-28 10:00:00,2897.442000000005
2013-02-28 10:30:00,2942.5600000000045
2013-02-28 11:00:00,3081.5320000000047
2013-02-28 11:30:00,3169.2399999999975
2013-02-28 12:00:00,3262.44200000001
2013-02-28 12:30:00,3334.300000000011
2013-02-28 13:00:00,3358.8559999999916
2013-02-28 13:30:00,3498.548000000012
2013-02-28 14:00:00,3526.8120000000044
2013-02-28 14:30:00,3592.8620000000074
2013-02-28 15:00:00,3876.7619999999933
2013-02-28 15:30:00,4168.334000000002
2013-02-28 16:00:00,4384.968000000008
2013-02-28 16:30:00,4654.087999999997
2013-02-28 17:00:00,4852.9119999999975
2013-02-28 17:30:00,5026.503999999992
2013-02-28 18:00:00,5057.118000000009
2013-02-28 18:30:00,4900.209999999988
2013-02-28 19:00:00,4851.166
2013-02-28 19:30:00,4778.561999999992
2013-02-28 20:00:00,4603.952
2013-02-28 20:30:00,4431.893999999995
2013-02-28 21:00:00,4087.3660000000027
2013-02-28 21:30:00,3711.550000000001
2013-02-28 22:00:00,3359.6000000000054
2013-02-28 22:30:00,2982.8619999999964
2013-02-28 23:00:00,2664.714000000005
2013-02-28 23:30:00,2395.002000000004
2013-03-01 00:00:00,2233.326000000007
2013-03-01 00:30:00,2088.182000000002
2013-03-01 01:00:00,2015.8480000000015
2013-03-01 01:30:00,1935.9279999999976
2013-03-01 02:00:00,1907.2800000000043
2013-03-01 02:30:00,1882.5700000000022
2013-03-01 03:00:00,1857.0079999999996
2013-03-01 03:30:00,1874.5919999999978
2013-03-01 04:00:00,1907.4259999999967
2013-03-01 04:30:00,1972.4399999999962
2013-03-01 05:00:00,2093.0539999999983
2013-03-01 05:30:00,2346.849999999995
2013-03-01 06:00:00,2743.4359999999992
2013-03-01 06:30:00,3234.727999999994
2013-03-01 07:00:00,3579.6240000000066
2013-03-01 07:30:00,3547.51200000001
2013-03-01 08:00:00,3256.3060000000073
2013-03-01 08:30:00,3162.170000000003
2013-03-01 09:00:00,3122.336000000002
2013-03-01 09:30:00,3096.362000000004
2013-03-01 10:00:00,3083.3040000000046
2013-03-01 10:30:00,3077.957999999989
2013-03-01 11:00:00,2997.201999999993
2013-03-01 11:30:00,3089.768000000004
2013-03-01 12:00:00,3138.970000000009
2013-03-01 12:30:00,3083.9360000000165
2013-03-01 13:00:00,3006.498000000007
2013-03-01 13:30:00,2985.851999999986
2013-03-01 14:00:00,2941.734000000009
2013-03-01 14:30:00,2986.8580000000024
2013-03-01 15:00:00,3124.312000000002
2013-03-01 15:30:00,3337.4300000000117
2013-03-01 16:00:00,3528.6139999999973
2013-03-01 16:30:00,3907.530000000002
2013-03-01 17:00:00,4344.758000000005
2013-03-01 17:30:00,4600.597999999995
2013-03-01 18:00:00,4739.7340000000095
2013-03-01 18:30:00,4673.538000000004
2013-03-01 19:00:00,4505.633999999987
2013-03-01 19:30:00,4428.595999999993
2013-03-01 20:00:00,4282.272000000002
2013-03-01 20:30:00,4065.962000000007
2013-03-01 21:00:00,3882.771999999999
2013-03-01 21:30:00,3562.3739999999943
2013-03-01 22:00:00,3294.2920000000104
2013-03-01 22:30:00,3021.687999999996
2013-03-01 23:00:00,2737.462000000009
2013-03-01 23:30:00,2480.385999999998
2013-03-02 00:00:00,2261.1720000000023
2013-03-02 00:30:00,2144.4279999999994
2013-03-02 01:00:00,2028.8200000000002
2013-03-02 01:30:00,1949.3839999999934
2013-03-02 02:00:00,1864.678000000003
2013-03-02 02:30:00,1855.3099999999954
2013-03-02 03:00:00,1799.3139999999987
2013-03-02 03:30:00,1779.7400000000055
2013-03-02 04:00:00,1771.5540000000026
2013-03-02 04:30:00,1776.9179999999967
2013-03-02 05:00:00,1899.5779999999993
2013-03-02 05:30:00,1967.4219999999946
2013-03-02 06:00:00,2135.8080000000014
2013-03-02 06:30:00,2459.6560000000086
2013-03-02 07:00:00,2789.56200000001
2013-03-02 07:30:00,3145.2080000000037
2013-03-02 08:00:00,3401.8480000000036
2013-03-02 08:30:00,3609.401999999999
2013-03-02 09:00:00,3741.056000000007
2013-03-02 09:30:00,3773.416000000006
2013-03-02 10:00:00,3815.1119999999887
2013-03-02 10:30:00,3719.948000000004
2013-03-02 11:00:00,3808.6759999999795
2013-03-02 11:30:00,3802.752000000003
2013-03-02 12:00:00,3878.9240000000027
2013-03-02 12:30:00,3769.633999999988
2013-03-02 13:00:00,3712.820000000012
2013-03-02 13:30:00,3643.2380000000057
2013-03-02 14:00:00,3657.258000000011
2013-03-02 14:30:00,3618.5819999999976
2013-03-02 15:00:00,3733.7780000000025
2013-03-02 15:30:00,3816.5179999999987
2013-03-02 16:00:00,4024.8179999999916
2013-03-02 16:30:00,4264.893999999995
2013-03-02 17:00:00,4527.244
2013-03-02 17:30:00,4603.618000000003
2013-03-02 18:00:00,4600.829999999999
2013-03-02 18:30:00,4585.184
2013-03-02 19:00:00,4482.0719999999965
2013-03-02 19:30:00,4326.211999999998
2013-03-02 20:00:00,4181.104000000003
2013-03-02 20:30:00,3975.905999999989
2013-03-02 21:00:00,3744.886000000001
2013-03-02 21:30:00,3534.2479999999928
2013-03-02 22:00:00,3355.386000000006
2013-03-02 22:30:00,3035.9339999999993
2013-03-02 23:00:00,2740.3800000000056
2013-03-02 23:30:00,2471.4959999999974
2013-03-03 00:00:00,2312.683999999999
2013-03-03 00:30:00,2191.5080000000003
2013-03-03 01:00:00,2060.3240000000023
2013-03-03 01:30:00,1952.2119999999995
2013-03-03 02:00:00,1883.4000000000055
2013-03-03 02:30:00,1845.635999999997
2013-03-03 03:00:00,1804.8919999999985
2013-03-03 03:30:00,1803.4860000000006
2013-03-03 04:00:00,1827.6640000000045
2013-03-03 04:30:00,1818.0200000000007
2013-03-03 05:00:00,1855.604000000004
2013-03-03 05:30:00,1938.885999999997
2013-03-03 06:00:00,2070.613999999998
2013-03-03 06:30:00,2370.833999999999
2013-03-03 07:00:00,2640.145999999999
2013-03-03 07:30:00,3019.4480000000012
2013-03-03 08:00:00,3314.630000000004
2013-03-03 08:30:00,3524.7999999999993
2013-03-03 09:00:00,3636.4300000000044
2013-03-03 09:30:00,3653.1340000000027
2013-03-03 10:00:00,3637.7540000000054
2013-03-03 10:30:00,3615.5219999999945
2013-03-03 11:00:00,3636.6759999999977
2013-03-03 11:30:00,3672.420000000004
2013-03-03 12:00:00,3729.861999999995
2013-03-03 12:30:00,3635.0259999999894
2013-03-03 13:00:00,3577.8400000000006
2013-03-03 13:30:00,3581.7920000000104
2013-03-03 14:00:00,3589.311999999997
2013-03-03 14:30:00,3602.4299999999953
2013-03-03 15:00:00,3687.005999999994
2013-03-03 15:30:00,3800.62599999998
2013-03-03 16:00:00,3991.8939999999902
2013-03-03 16:30:00,4246.889999999995
2013-03-03 17:00:00,4509.347999999998
2013-03-03 17:30:00,4769.777999999995
2013-03-03 18:00:00,4843.420000000008
2013-03-03 18:30:00,4770.881999999993
2013-03-03 19:00:00,4832.949999999984
2013-03-03 19:30:00,4853.028000000005
2013-03-03 20:00:00,4671.852000000018
2013-03-03 20:30:00,4356.430000000003
2013-03-03 21:00:00,4055.490000000018
2013-03-03 21:30:00,3702.202000000004
2013-03-03 22:00:00,3343.310000000005
2013-03-03 22:30:00,2975.65999999999
2013-03-03 23:00:00,2659.6939999999977
2013-03-03 23:30:00,2401.6340000000014
2013-03-04 00:00:00,2219.0199999999963
2013-03-04 00:30:00,2075.596000000007
2013-03-04 01:00:00,1998.1939999999959
2013-03-04 01:30:00,1918.7900000000002
2013-03-04 02:00:00,1861.4780000000071
2013-03-04 02:30:00,1801.8120000000017
2013-03-04 03:00:00,1795.9080000000029
2013-03-04 03:30:00,1802.0480000000039
2013-03-04 04:00:00,1846.4619999999989
2013-03-04 04:30:00,1930.6660000000015
2013-03-04 05:00:00,2090.553999999999
2013-03-04 05:30:00,2339.3359999999952
2013-03-04 06:00:00,2695.065999999992
2013-03-04 06:30:00,3209.416
2013-03-04 07:00:00,3464.060000000005
2013-03-04 07:30:00,3343.145999999999
2013-03-04 08:00:00,3075.087999999987
2013-03-04 08:30:00,2957.8359999999943
2013-03-04 09:00:00,2862.9540000000006
2013-03-04 09:30:00,2774.465999999994
2013-03-04 10:00:00,2783.1140000000028
2013-03-04 10:30:00,2802.8300000000086
2013-03-04 11:00:00,2825.5659999999966
2013-03-04 11:30:00,2787.003999999997
2013-03-04 12:00:00,2808.922000000003
2013-03-04 12:30:00,2802.9639999999995
2013-03-04 13:00:00,2854.8299999999936
2013-03-04 13:30:00,2795.975999999998
2013-03-04 14:00:00,2769.035999999997
2013-03-04 14:30:00,2814.3239999999905
2013-03-04 15:00:00,3025.5540000000024
2013-03-04 15:30:00,3196.735999999996
2013-03-04 16:00:00,3378.1260000000034
2013-03-04 16:30:00,3798.0239999999976
2013-03-04 17:00:00,4149.432000000001
2013-03-04 17:30:00,4482.507999999993
2013-03-04 18:00:00,4630.733999999989
2013-03-04 18:30:00,4743.781999999999
2013-03-04 19:00:00,4844.892000000006
2013-03-04 19:30:00,4817.035999999997
2013-03-04 20:00:00,4574.489999999998
2013-03-04 20:30:00,4353.466000000021
2013-03-04 21:00:00,4093.073999999998
2013-03-04 21:30:00,3697.900000000004
2013-03-04 22:00:00,3283.6499999999974
2013-03-04 22:30:00,2942.653999999999
2013-03-04 23:00:00,2624.0019999999986
2013-03-04 23:30:00,2374.359999999994
2013-03-05 00:00:00,2177.882
2013-03-05 00:30:00,2080.5500000000034
2013-03-05 01:00:00,1996.1260000000036
2013-03-05 01:30:00,1954.871999999997
2013-03-05 02:00:00,1879.5439999999983
2013-03-05 02:30:00,1837.6200000000001
2013-03-05 03:00:00,1816.820000000001
2013-03-05 03:30:00,1848.1339999999993
2013-03-05 04:00:00,1855.0759999999932
2013-03-05 04:30:00,1968.9480000000033
2013-03-05 05:00:00,2116.826000000002
2013-03-05 05:30:00,2385.6699999999973
2013-03-05 06:00:00,2779.367999999991
2013-03-05 06:30:00,3175.5800000000045
2013-03-05 07:00:00,3303.749999999998
2013-03-05 07:30:00,3158.0799999999954
2013-03-05 08:00:00,2912.052000000005
2013-03-05 08:30:00,2788.221999999994
2013-03-05 09:00:00,2753.145999999994
2013-03-05 09:30:00,2691.535999999998
2013-03-05 10:00:00,2705.2819999999933
2013-03-05 10:30:00,2727.351999999998
2013-03-05 11:00:00,2711.007999999996
2013-03-05 11:30:00,2750.638000000002
2013-03-05 12:00:00,2767.3060000000037
2013-03-05 12:30:00,2762.9359999999965
2013-03-05 13:00:00,2761.035999999993
2013-03-05 13:30:00,2766.9480000000003
2013-03-05 14:00:00,2792.720000000001
2013-03-05 14:30:00,2834.8159999999925
2013-03-05 15:00:00,3016.4199999999987
2013-03-05 15:30:00,3266.6059999999998
2013-03-05 16:00:00,3459.7080000000046
2013-03-05 16:30:00,3839.2320000000063
2013-03-05 17:00:00,4187.696000000005
2013-03-05 17:30:00,4406.277999999991
2013-03-05 18:00:00,4536.067999999987
2013-03-05 18:30:00,4586.389999999998
2013-03-05 19:00:00,4747.2180000000135
2013-03-05 19:30:00,4735.612000000014
2013-03-05 20:00:00,4638.6919999999855
2013-03-05 20:30:00,4432.880000000003
2013-03-05 21:00:00,4124.161999999995
2013-03-05 21:30:00,3785.291999999994
2013-03-05 22:00:00,3435.9340000000043
2013-03-05 22:30:00,3060.2320000000036
2013-03-05 23:00:00,2755.7280000000005
2013-03-05 23:30:00,2454.198000000007
2013-03-06 00:00:00,2268.956
2013-03-06 00:30:00,2148.7179999999976
2013-03-06 01:00:00,2078.3420000000033
2013-03-06 01:30:00,2033.764000000001
2013-03-06 02:00:00,1962.7160000000015
2013-03-06 02:30:00,1953.1780000000015
2013-03-06 03:00:00,1893.75000000001
2013-03-06 03:30:00,1916.8419999999983
2013-03-06 04:00:00,1958.0140000000044
2013-03-06 04:30:00,1994.4419999999932
2013-03-06 05:00:00,2171.9119999999957
2013-03-06 05:30:00,2437.12799999999
2013-03-06 06:00:00,2736.435999999994
2013-03-06 06:30:00,3137.4399999999955
2013-03-06 07:00:00,3303.927999999995
2013-03-06 07:30:00,3218.8739999999993
2013-03-06 08:00:00,2946.6940000000113
2013-03-06 08:30:00,2744.340000000005
2013-03-06 09:00:00,2755.1339999999973
2013-03-06 09:30:00,2722.149999999994
2013-03-06 10:00:00,2709.7359999999962
2013-03-06 10:30:00,2747.6779999999885
2013-03-06 11:00:00,2792.103999999998
2013-03-06 11:30:00,2839.804000000012
2013-03-06 12:00:00,2877.517999999996
2013-03-06 12:30:00,2841.3739999999943
2013-03-06 13:00:00,2845.051999999994
2013-03-06 13:30:00,2836.083999999988
2013-03-06 14:00:00,2841.628000000004
2013-03-06 14:30:00,2942.7859999999932
2013-03-06 15:00:00,3205.628000000005
2013-03-06 15:30:00,3426.614000000018
2013-03-06 16:00:00,3681.611999999996
2013-03-06 16:30:00,3967.4220000000037
2013-03-06 17:00:00,4239.237999999997
2013-03-06 17:30:00,4457.378000000002
2013-03-06 18:00:00,4629.837999999996
2013-03-06 18:30:00,4671.896000000001
2013-03-06 19:00:00,4850.362000000011
2013-03-06 19:30:00,4844.45399999999
2013-03-06 20:00:00,4700.230000000002
2013-03-06 20:30:00,4516.242000000001
2013-03-06 21:00:00,4182.084000000007
2013-03-06 21:30:00,3846.513999999988
2013-03-06 22:00:00,3501.463999999995
2013-03-06 22:30:00,3122.919999999995
2013-03-06 23:00:00,2805.043999999998
2013-03-06 23:30:00,2505.4239999999913
2013-03-07 00:00:00,2318.5240000000017
2013-03-07 00:30:00,2169.4880000000003
2013-03-07 01:00:00,2080.312
2013-03-07 01:30:00,2013.6699999999971
2013-03-07 02:00:00,1950.2239999999988
2013-03-07 02:30:00,1915.111999999994
2013-03-07 03:00:00,1899.5720000000022
2013-03-07 03:30:00,1909.6800000000003
2013-03-07 04:00:00,1977.9960000000044
2013-03-07 04:30:00,2045.2820000000008
2013-03-07 05:00:00,2176.2180000000058
2013-03-07 05:30:00,2460.617999999998
2013-03-07 06:00:00,2711.778000000009
2013-03-07 06:30:00,3157.1799999999994
2013-03-07 07:00:00,3265.7460000000037
2013-03-07 07:30:00,3160.927999999996
2013-03-07 08:00:00,2913.3139999999967
2013-03-07 08:30:00,2813.935999999992
2013-03-07 09:00:00,2768.5479999999957
2013-03-07 09:30:00,2680.3559999999984
2013-03-07 10:00:00,2627.028
2013-03-07 10:30:00,2697.7839999999906
2013-03-07 11:00:00,2769.752000000009
2013-03-07 11:30:00,2800.8039999999987
2013-03-07 12:00:00,2875.0799999999967
2013-03-07 12:30:00,2857.873999999991
2013-03-07 13:00:00,2837.5779999999936
2013-03-07 13:30:00,2893.444000000002
2013-03-07 14:00:00,2936.4219999999978
2013-03-07 14:30:00,3009.7420000000006
2013-03-07 15:00:00,3360.27600000001
2013-03-07 15:30:00,3527.991999999995
2013-03-07 16:00:00,3818.3599999999997
2013-03-07 16:30:00,4061.5720000000015
2013-03-07 17:00:00,4355.549999999988
2013-03-07 17:30:00,4613.225999999999
2013-03-07 18:00:00,4735.752000000011
2013-03-07 18:30:00,4709.593999999998
2013-03-07 19:00:00,4866.701999999995
2013-03-07 19:30:00,4872.392000000001
2013-03-07 20:00:00,4634.456000000013
2013-03-07 20:30:00,4550.010000000012
2013-03-07 21:00:00,4301.422000000012
2013-03-07 21:30:00,3931.4460000000013
2013-03-07 22:00:00,3591.252000000009
2013-03-07 22:30:00,3193.7359999999894
2013-03-07 23:00:00,2871.8900000000053
2013-03-07 23:30:00,2567.0539999999937
2013-03-08 00:00:00,2362.6120000000024
2013-03-08 00:30:00,2269.842000000001
2013-03-08 01:00:00,2138.981999999995
2013-03-08 01:30:00,2031.5099999999939
2013-03-08 02:00:00,1998.7119999999954
2013-03-08 02:30:00,1961.714000000003
2013-03-08 03:00:00,1940.4859999999987
2013-03-08 03:30:00,1924.3299999999997
2013-03-08 04:00:00,1973.171999999997
2013-03-08 04:30:00,2002.6240000000025
2013-03-08 05:00:00,2156.6380000000004
2013-03-08 05:30:00,2427.679999999999
2013-03-08 06:00:00,2741.0460000000026
2013-03-08 06:30:00,3111.780000000003
2013-03-08 07:00:00,3341.28800000001
2013-03-08 07:30:00,3230.0400000000022
2013-03-08 08:00:00,2967.9379999999855
2013-03-08 08:30:00,2880.989999999997
2013-03-08 09:00:00,2814.4119999999966
2013-03-08 09:30:00,2777.5080000000034
2013-03-08 10:00:00,2742.1699999999973
2013-03-08 10:30:00,2754.849999999991
2013-03-08 11:00:00,2808.9199999999973
2013-03-08 11:30:00,2849.8240000000087
2013-03-08 12:00:00,2855.1380000000113
2013-03-08 12:30:00,2839.977999999995
2013-03-08 13:00:00,2870.1759999999977
2013-03-08 13:30:00,2861.236000000011
2013-03-08 14:00:00,2890.692000000002
2013-03-08 14:30:00,2932.561999999991
2013-03-08 15:00:00,3186.0180000000014
2013-03-08 15:30:00,3382.762000000013
2013-03-08 16:00:00,3536.114000000011
2013-03-08 16:30:00,3737.4780000000032
2013-03-08 17:00:00,4010.0119999999906
2013-03-08 17:30:00,4226.855999999977
2013-03-08 18:00:00,4288.061999999996
2013-03-08 18:30:00,4430.6219999999985
2013-03-08 19:00:00,4542.566000000006
2013-03-08 19:30:00,4498.402000000003
2013-03-08 20:00:00,4423.468000000008
2013-03-08 20:30:00,4215.563999999993
2013-03-08 21:00:00,3982.1740000000063
2013-03-08 21:30:00,3815.5360000000105
2013-03-08 22:00:00,3537.641999999998
2013-03-08 22:30:00,3191.18
2013-03-08 23:00:00,2964.073999999996
2013-03-08 23:30:00,2673.522000000002
2013-03-09 00:00:00,2481.742000000005
2013-03-09 00:30:00,2336.844000000001
2013-03-09 01:00:00,2230.620000000004
2013-03-09 01:30:00,2164.991999999998
2013-03-09 02:00:00,2097.889999999991
2013-03-09 02:30:00,2035.5040000000056
2013-03-09 03:00:00,1976.3100000000045
2013-03-09 03:30:00,1948.2859999999982
2013-03-09 04:00:00,1970.7460000000083
2013-03-09 04:30:00,2003.4619999999984
2013-03-09 05:00:00,2063.586
2013-03-09 05:30:00,2117.3199999999993
2013-03-09 06:00:00,2297.3580000000056
2013-03-09 06:30:00,2586.1520000000023
2013-03-09 07:00:00,2861.136000000005
2013-03-09 07:30:00,3099.3980000000042
2013-03-09 08:00:00,3327.0640000000008
2013-03-09 08:30:00,3254.8379999999966
2013-03-09 09:00:00,3321.5379999999977
2013-03-09 09:30:00,3438.4760000000074
2013-03-09 10:00:00,3475.986000000008
2013-03-09 10:30:00,3444.484
2013-03-09 11:00:00,3500.3100000000018
2013-03-09 11:30:00,3577.71999999999
2013-03-09 12:00:00,3584.2179999999926
2013-03-09 12:30:00,3588.4400000000014
2013-03-09 13:00:00,3588.6620000000044
2013-03-09 13:30:00,3581.1379999999904
2013-03-09 14:00:00,3603.7140000000018
2013-03-09 14:30:00,3633.3740000000057
2013-03-09 15:00:00,3772.1880000000015
2013-03-09 15:30:00,3900.465999999998
2013-03-09 16:00:00,4041.1699999999814
2013-03-09 16:30:00,4180.179999999999
2013-03-09 17:00:00,4293.688000000013
2013-03-09 17:30:00,4343.957999999987
2013-03-09 18:00:00,4402.629999999987
2013-03-09 18:30:00,4454.756000000008
2013-03-09 19:00:00,4594.62399999998
2013-03-09 19:30:00,4508.130000000004
2013-03-09 20:00:00,4340.854000000002
2013-03-09 20:30:00,4161.495999999998
2013-03-09 21:00:00,3975.105999999992
2013-03-09 21:30:00,3775.664000000007
2013-03-09 22:00:00,3559.5899999999974
2013-03-09 22:30:00,3264.847999999998
2013-03-09 23:00:00,3051.8819999999855
2013-03-09 23:30:00,2761.054
2013-03-10 00:00:00,2602.398000000002
2013-03-10 00:30:00,2401.072000000011
2013-03-10 01:00:00,2258.7339999999986
2013-03-10 01:30:00,2176.9059999999986
2013-03-10 02:00:00,2080.7140000000004
2013-03-10 02:30:00,2031.621999999999
2013-03-10 03:00:00,1970.3680000000006
2013-03-10 03:30:00,1929.7839999999953
2013-03-10 04:00:00,1929.9339999999966
2013-03-10 04:30:00,1942.177999999996
2013-03-10 05:00:00,1955.0599999999995
2013-03-10 05:30:00,2004.0160000000033
2013-03-10 06:00:00,2172.7540000000013
2013-03-10 06:30:00,2388.399999999998
2013-03-10 07:00:00,2696.4440000000027
2013-03-10 07:30:00,2924.3219999999887
2013-03-10 08:00:00,3210.6419999999976
2013-03-10 08:30:00,3371.4579999999996
2013-03-10 09:00:00,3447.9139999999993
2013-03-10 09:30:00,3492.776000000015
2013-03-10 10:00:00,3504.0880000000056
2013-03-10 10:30:00,3501.4440000000036
2013-03-10 11:00:00,3550.5299999999966
2013-03-10 11:30:00,3593.48
2013-03-10 12:00:00,3680.368000000003
2013-03-10 12:30:00,3651.7459999999933
2013-03-10 13:00:00,3702.632000000004
2013-03-10 13:30:00,3757.2739999999935
2013-03-10 14:00:00,3802.0180000000028
2013-03-10 14:30:00,3877.003999999983
2013-03-10 15:00:00,4066.5280000000043
2013-03-10 15:30:00,4172.699999999993
2013-03-10 16:00:00,4326.1020000000135
2013-03-10 16:30:00,4586.088000000001
2013-03-10 17:00:00,4871.51799999998
2013-03-10 17:30:00,5049.143999999994
2013-03-10 18:00:00,5017.421999999985
2013-03-10 18:30:00,5061.133999999984
2013-03-10 19:00:00,5206.234000000005
2013-03-10 19:30:00,5150.447999999995
2013-03-10 20:00:00,4946.134000000005
2013-03-10 20:30:00,4628.407999999987
2013-03-10 21:00:00,4298.0299999999925
2013-03-10 21:30:00,3939.2560000000017
2013-03-10 22:00:00,3619.647999999998
2013-03-10 22:30:00,3209.8859999999995
2013-03-10 23:00:00,2862.626000000001
2013-03-10 23:30:00,2625.908
2013-03-11 00:00:00,2446.9600000000105
2013-03-11 00:30:00,2316.0040000000026
2013-03-11 01:00:00,2191.566
2013-03-11 01:30:00,2092.655999999996
2013-03-11 02:00:00,2056.602000000001
2013-03-11 02:30:00,2026.7319999999957
2013-03-11 03:00:00,1992.6239999999964
2013-03-11 03:30:00,1981.169999999999
2013-03-11 04:00:00,2006.5160000000055
2013-03-11 04:30:00,2050.828000000003
2013-03-11 05:00:00,2228.2459999999933
2013-03-11 05:30:00,2461.9859999999962
2013-03-11 06:00:00,2714.9900000000057
2013-03-11 06:30:00,3223.083999999993
2013-03-11 07:00:00,3410.2640000000088
2013-03-11 07:30:00,3302.5560000000028
2013-03-11 08:00:00,3019.6119999999974
2013-03-11 08:30:00,2877.096
2013-03-11 09:00:00,2903.0399999999963
2013-03-11 09:30:00,2851.9640000000077
2013-03-11 10:00:00,2850.970000000001
2013-03-11 10:30:00,2893.2120000000045
2013-03-11 11:00:00,2993.5679999999957
2013-03-11 11:30:00,3053.0540000000015
2013-03-11 12:00:00,3045.7900000000122
2013-03-11 12:30:00,3088.921999999997
2013-03-11 13:00:00,3080.316
2013-03-11 13:30:00,3083.3279999999995
2013-03-11 14:00:00,3087.481999999994
2013-03-11 14:30:00,3176.210000000001
2013-03-11 15:00:00,3446.0399999999995
2013-03-11 15:30:00,3753.1180000000018
2013-03-11 16:00:00,3984.842000000009
2013-03-11 16:30:00,4310.069999999995
2013-03-11 17:00:00,4746.568000000001
2013-03-11 17:30:00,4985.800000000014
2013-03-11 18:00:00,4934.793999999994
2013-03-11 18:30:00,4960.45599999999
2013-03-11 19:00:00,5097.125999999993
2013-03-11 19:30:00,5039.585999999999
2013-03-11 20:00:00,4843.356000000013
2013-03-11 20:30:00,4638.535999999996
2013-03-11 21:00:00,4308.760000000011
2013-03-11 21:30:00,3985.137999999987
2013-03-11 22:00:00,3586.8540000000025
2013-03-11 22:30:00,3220.728000000003
2013-03-11 23:00:00,2865.5019999999904
2013-03-11 23:30:00,2618.6440000000043
2013-03-12 00:00:00,2437.169999999998
2013-03-12 00:30:00,2293.7620000000093
2013-03-12 01:00:00,2187.468000000001
2013-03-12 01:30:00,2129.623999999999
2013-03-12 02:00:00,2068.576
2013-03-12 02:30:00,2040.6039999999994
2013-03-12 03:00:00,1988.7240000000022
2013-03-12 03:30:00,1993.0459999999982
2013-03-12 04:00:00,2011.5579999999952
2013-03-12 04:30:00,2055.1939999999945
2013-03-12 05:00:00,2221.4820000000036
2013-03-12 05:30:00,2485.6399999999903
2013-03-12 06:00:00,2789.0140000000133
2013-03-12 06:30:00,3222.205999999989
2013-03-12 07:00:00,3349.1580000000067
2013-03-12 07:30:00,3214.878000000004
2013-03-12 08:00:00,2952.761999999992
2013-03-12 08:30:00,2781.0720000000065
2013-03-12 09:00:00,2745.893999999988
2013-03-12 09:30:00,2727.220000000002
2013-03-12 10:00:00,2736.6900000000087
2013-03-12 10:30:00,2753.152000000002
2013-03-12 11:00:00,2837.7519999999936
2013-03-12 11:30:00,2834.2839999999997
2013-03-12 12:00:00,2883.6440000000034
2013-03-12 12:30:00,2882.115999999996
2013-03-12 13:00:00,2884.1059999999993
2013-03-12 13:30:00,2908.754000000001
2013-03-12 14:00:00,2911.4060000000063
2013-03-12 14:30:00,2974.135999999999
2013-03-12 15:00:00,3202.848
2013-03-12 15:30:00,3465.3679999999968
2013-03-12 16:00:00,3666.9560000000056
2013-03-12 16:30:00,4056.667999999997
2013-03-12 17:00:00,4413.186000000002
2013-03-12 17:30:00,4718.913999999986
2013-03-12 18:00:00,4752.337999999997
2013-03-12 18:30:00,4812.7019999999875
2013-03-12 19:00:00,4946.319999999996
2013-03-12 19:30:00,4931.797999999985
2013-03-12 20:00:00,4742.093999999989
2013-03-12 20:30:00,4504.170000000004
2013-03-12 21:00:00,4215.387999999987
2013-03-12 21:30:00,3902.8200000000015
2013-03-12 22:00:00,3498.7540000000045
2013-03-12 22:30:00,3221.103999999994
2013-03-12 23:00:00,2804.613999999991
2013-03-12 23:30:00,2531.1340000000005
2013-03-13 00:00:00,2308.316
2013-03-13 00:30:00,2185.253999999998
2013-03-13 01:00:00,2104.5200000000073
2013-03-13 01:30:00,2043.7019999999948
2013-03-13 02:00:00,1997.3019999999985
2013-03-13 02:30:00,1947.7920000000006
2013-03-13 03:00:00,1916.4439999999959
2013-03-13 03:30:00,1904.2000000000012
2013-03-13 04:00:00,1924.8999999999999
2013-03-13 04:30:00,2008.7120000000023
2013-03-13 05:00:00,2174.031999999995
2013-03-13 05:30:00,2442.1360000000013
2013-03-13 06:00:00,2727.9219999999964
2013-03-13 06:30:00,3158.4979999999973
2013-03-13 07:00:00,3303.3719999999976
2013-03-13 07:30:00,3192.890000000006
2013-03-13 08:00:00,2897.4820000000045
2013-03-13 08:30:00,2728.8679999999913
2013-03-13 09:00:00,2724.7200000000034
2013-03-13 09:30:00,2646.988000000002
2013-03-13 10:00:00,2695.679999999996
2013-03-13 10:30:00,2675.8139999999967
2013-03-13 11:00:00,2727.485999999986
2013-03-13 11:30:00,2761.52799999999
2013-03-13 12:00:00,2857.09
2013-03-13 12:30:00,2881.583999999992
2013-03-13 13:00:00,2887.1939999999945
2013-03-13 13:30:00,2946.0019999999954
2013-03-13 14:00:00,2901.333999999999
2013-03-13 14:30:00,3043.866000000006
2013-03-13 15:00:00,3273.0640000000044
2013-03-13 15:30:00,3570.4200000000064
2013-03-13 16:00:00,3847.7159999999903
2013-03-13 16:30:00,4080.0880000000056
2013-03-13 17:00:00,4342.8499999999985
2013-03-13 17:30:00,4683.312
2013-03-13 18:00:00,4852.887999999994
2013-03-13 18:30:00,4960.859999999992
2013-03-13 19:00:00,5104.512000000006
2013-03-13 19:30:00,4960.593999999999
2013-03-13 20:00:00,4792.135999999993
2013-03-13 20:30:00,4598.313999999998
2013-03-13 21:00:00,4220.030000000012
2013-03-13 21:30:00,3901.4779999999946
2013-03-13 22:00:00,3522.9920000000125
2013-03-13 22:30:00,3135.805999999996
2013-03-13 23:00:00,2827.779999999987
2013-03-13 23:30:00,2533.5079999999966
2013-03-14 00:00:00,2353.0399999999986
2013-03-14 00:30:00,2232.4179999999988
2013-03-14 01:00:00,2140.497999999993
2013-03-14 01:30:00,2043.7759999999944
2013-03-14 02:00:00,1981.334000000001
2013-03-14 02:30:00,1973.5380000000084
2013-03-14 03:00:00,1933.3459999999975
2013-03-14 03:30:00,1924.1000000000001
2013-03-14 04:00:00,1938.4360000000013
2013-03-14 04:30:00,1992.5759999999977
2013-03-14 05:00:00,2153.713999999997
2013-03-14 05:30:00,2381.1120000000064
2013-03-14 06:00:00,2738.418
2013-03-14 06:30:00,3117.8700000000017
2013-03-14 07:00:00,3262.8520000000103
2013-03-14 07:30:00,3114.0980000000063
2013-03-14 08:00:00,2893.2039999999974
2013-03-14 08:30:00,2769.226000000002
2013-03-14 09:00:00,2691.8760000000057
2013-03-14 09:30:00,2673.869999999993
2013-03-14 10:00:00,2662.617999999999
2013-03-14 10:30:00,2712.8800000000024
2013-03-14 11:00:00,2720.5400000000104
2013-03-14 11:30:00,2776.3959999999997
2013-03-14 12:00:00,2804.180000000009
2013-03-14 12:30:00,2809.12999999999
2013-03-14 13:00:00,2820.918000000008
2013-03-14 13:30:00,2831.4060000000086
2013-03-14 14:00:00,2820.7900000000027
2013-03-14 14:30:00,2875.5679999999984
2013-03-14 15:00:00,3128.757999999995
2013-03-14 15:30:00,3296.356000000001
2013-03-14 16:00:00,3476.245999999996
2013-03-14 16:30:00,3739.3059999999973
2013-03-14 17:00:00,4063.3840000000014
2013-03-14 17:30:00,4305.129999999998
2013-03-14 18:00:00,4565.962000000004
2013-03-14 18:30:00,4677.650000000011
2013-03-14 19:00:00,4780.822000000015
2013-03-14 19:30:00,4721.315999999999
2013-03-14 20:00:00,4571.1460000000025
2013-03-14 20:30:00,4513.3020000000015
2013-03-14 21:00:00,4265.965999999993
2013-03-14 21:30:00,3924.2959999999953
2013-03-14 22:00:00,3524.774000000007
2013-03-14 22:30:00,3144.2899999999945
2013-03-14 23:00:00,2839.363999999993
2013-03-14 23:30:00,2560.109999999999
2013-03-15 00:00:00,2366.9859999999962
2013-03-15 00:30:00,2228.6860000000083
2013-03-15 01:00:00,2114.783999999996
2013-03-15 01:30:00,2070.244000000005
2013-03-15 02:00:00,2025.156000000006
2013-03-15 02:30:00,1941.7819999999956
2013-03-15 03:00:00,1941.8659999999977
2013-03-15 03:30:00,1937.9640000000022
2013-03-15 04:00:00,1936.568000000003
2013-03-15 04:30:00,2020.632000000002
2013-03-15 05:00:00,2173.6300000000006
2013-03-15 05:30:00,2404.2480000000032
2013-03-15 06:00:00,2753.8419999999946
2013-03-15 06:30:00,3186.2159999999863
2013-03-15 07:00:00,3463.6560000000027
2013-03-15 07:30:00,3344.248000000003
2013-03-15 08:00:00,3118.923999999992
2013-03-15 08:30:00,2909.7379999999926
2013-03-15 09:00:00,2823.5519999999924
2013-03-15 09:30:00,2802.5640000000044
2013-03-15 10:00:00,2759.345999999993
2013-03-15 10:30:00,2758.784000000004
2013-03-15 11:00:00,2813.4819999999977
2013-03-15 11:30:00,2897.486000000004
2013-03-15 12:00:00,2893.0060000000008
2013-03-15 12:30:00,2849.914000000009
2013-03-15 13:00:00,2831.2820000000006
2013-03-15 13:30:00,2753.926000000004
2013-03-15 14:00:00,2719.049999999998
2013-03-15 14:30:00,2774.7139999999954
2013-03-15 15:00:00,2965.641999999999
2013-03-15 15:30:00,3106.902000000003
2013-03-15 16:00:00,3313.7820000000092
2013-03-15 16:30:00,3648.749999999984
2013-03-15 17:00:00,3886.6519999999987
2013-03-15 17:30:00,4148.923999999996
2013-03-15 18:00:00,4325.469999999984
2013-03-15 18:30:00,4433.108000000001
2013-03-15 19:00:00,4473.498000000001
2013-03-15 19:30:00,4423.241999999992
2013-03-15 20:00:00,4209.9760000000115
2013-03-15 20:30:00,4006.7959999999957
2013-03-15 21:00:00,3833.4799999999964
2013-03-15 21:30:00,3551.472
2013-03-15 22:00:00,3343.455999999992
2013-03-15 22:30:00,3099.35999999999
2013-03-15 23:00:00,2894.8179999999993
2013-03-15 23:30:00,2654.4040000000023
2013-03-16 00:00:00,2414.0539999999896
2013-03-16 00:30:00,2264.459999999996
2013-03-16 01:00:00,2163.8539999999994
2013-03-16 01:30:00,2076.7180000000067
2013-03-16 02:00:00,2045.5239999999935
2013-03-16 02:30:00,1946.3819999999998
2013-03-16 03:00:00,1909.429999999997
2013-03-16 03:30:00,1892.3120000000001
2013-03-16 04:00:00,1887.5619999999974
2013-03-16 04:30:00,1870.7800000000004
2013-03-16 05:00:00,1950.8479999999997
2013-03-16 05:30:00,2062.554000000003
2013-03-16 06:00:00,2238.627999999999
2013-03-16 06:30:00,2522.2600000000043
2013-03-16 07:00:00,2832.5600000000086
2013-03-16 07:30:00,3023.4859999999917
2013-03-16 08:00:00,3221.601999999999
2013-03-16 08:30:00,3242.894000000005
2013-03-16 09:00:00,3292.1219999999944
2013-03-16 09:30:00,3288.1879999999996
2013-03-16 10:00:00,3354.831999999993
2013-03-16 10:30:00,3301.3760000000043
2013-03-16 11:00:00,3272.836000000007
2013-03-16 11:30:00,3390.385999999995
2013-03-16 12:00:00,3515.747999999995
2013-03-16 12:30:00,3596.3140000000003
2013-03-16 13:00:00,3625.9519999999998
2013-03-16 13:30:00,3743.197999999999
2013-03-16 14:00:00,3877.8080000000064
2013-03-16 14:30:00,3995.6399999999935
2013-03-16 15:00:00,4179.579999999991
2013-03-16 15:30:00,4300.833999999998
2013-03-16 16:00:00,4529.803999999996
2013-03-16 16:30:00,4801.697999999999
2013-03-16 17:00:00,4916.554000000007
2013-03-16 17:30:00,4969.226000000003
2013-03-16 18:00:00,5016.746
2013-03-16 18:30:00,5073.194000000005
2013-03-16 19:00:00,5078.297999999996
2013-03-16 19:30:00,4847.835999999986
2013-03-16 20:00:00,4648.980000000003
2013-03-16 20:30:00,4405.202000000004
2013-03-16 21:00:00,4184.5059999999985
2013-03-16 21:30:00,3954.0180000000028
2013-03-16 22:00:00,3724.9920000000047
2013-03-16 22:30:00,3436.917999999999
2013-03-16 23:00:00,3173.806000000018
2013-03-16 23:30:00,2977.4339999999966
2013-03-17 00:00:00,2760.335999999994
2013-03-17 00:30:00,2544.6939999999954
2013-03-17 01:00:00,2374.5539999999896
2013-03-17 01:30:00,2252.6039999999975
2013-03-17 02:00:00,2195.429999999999
2013-03-17 02:30:00,2095.342000000001
2013-03-17 03:00:00,2041.225999999995
2013-03-17 03:30:00,2018.2980000000052
2013-03-17 04:00:00,1989.929999999999
2013-03-17 04:30:00,1973.355999999996
2013-03-17 05:00:00,2016.2019999999989
2013-03-17 05:30:00,2058.211999999998
2013-03-17 06:00:00,2184.8240000000014
2013-03-17 06:30:00,2398.826000000002
2013-03-17 07:00:00,2674.9660000000104
2013-03-17 07:30:00,2957.872000000003
2013-03-17 08:00:00,3174.129999999997
2013-03-17 08:30:00,3350.836000000013
2013-03-17 09:00:00,3418.8439999999882
2013-03-17 09:30:00,3378.0379999999927
2013-03-17 10:00:00,3356.9019999999946
2013-03-17 10:30:00,3342.1580000000017
2013-03-17 11:00:00,3344.9880000000117
2013-03-17 11:30:00,3397.5379999999977
2013-03-17 12:00:00,3418.877999999991
2013-03-17 12:30:00,3329.395999999999
2013-03-17 13:00:00,3292.0860000000002
2013-03-17 13:30:00,3254.8859999999922
2013-03-17 14:00:00,3239.4960000000033
2013-03-17 14:30:00,3250.8520000000076
2013-03-17 15:00:00,3339.141999999992
2013-03-17 15:30:00,3448.5140000000083
2013-03-17 16:00:00,3630.6159999999923
2013-03-17 16:30:00,3931.9880000000094
2013-03-17 17:00:00,4163.479999999993
2013-03-17 17:30:00,4411.124000000002
2013-03-17 18:00:00,4573.1519999999955
2013-03-17 18:30:00,4649.831999999989
2013-03-17 19:00:00,4753.17399999999
2013-03-17 19:30:00,4685.245999999995
2013-03-17 20:00:00,4433.019999999974
2013-03-17 20:30:00,4156.078000000003
2013-03-17 21:00:00,3772.178000000006
2013-03-17 21:30:00,3542.9979999999996
2013-03-17 22:00:00,3185.8999999999883
2013-03-17 22:30:00,2761.6839999999966
2013-03-17 23:00:00,2500.222000000005
2013-03-17 23:30:00,2237.533999999992
2013-03-18 00:00:00,2095.276000000006
2013-03-18 00:30:00,1963.8979999999956
2013-03-18 01:00:00,1892.6720000000007
2013-03-18 01:30:00,1847.288000000004
2013-03-18 02:00:00,1802.7180000000008
2013-03-18 02:30:00,1753.2899999999966
2013-03-18 03:00:00,1739.5939999999982
2013-03-18 03:30:00,1755.440000000006
2013-03-18 04:00:00,1770.9879999999978
2013-03-18 04:30:00,1855.7399999999975
2013-03-18 05:00:00,2018.4439999999972
2013-03-18 05:30:00,2249.423999999993
2013-03-18 06:00:00,2617.554000000005
2013-03-18 06:30:00,3124.3239999999955
2013-03-18 07:00:00,3284.827999999991
2013-03-18 07:30:00,3106.2979999999966
2013-03-18 08:00:00,2898.0080000000103
2013-03-18 08:30:00,2794.7659999999823
2013-03-18 09:00:00,2683.013999999992
2013-03-18 09:30:00,2629.274000000007
2013-03-18 10:00:00,2609.7440000000042
2013-03-18 10:30:00,2612.9259999999977
2013-03-18 11:00:00,2615.995999999988
2013-03-18 11:30:00,2650.9060000000068
2013-03-18 12:00:00,2676.1580000000026
2013-03-18 12:30:00,2687.279999999996
2013-03-18 13:00:00,2680.5539999999964
2013-03-18 13:30:00,2635.49400000001
2013-03-18 14:00:00,2559.8980000000006
2013-03-18 14:30:00,2584.187999999995
2013-03-18 15:00:00,2827.8739999999943
2013-03-18 15:30:00,3008.4279999999926
2013-03-18 16:00:00,3228.6039999999775
2013-03-18 16:30:00,3572.9379999999896
2013-03-18 17:00:00,3988.7059999999947
2013-03-18 17:30:00,4340.6559999999845
2013-03-18 18:00:00,4522.380000000005
2013-03-18 18:30:00,4673.48800000001
2013-03-18 19:00:00,4768.477999999991
2013-03-18 19:30:00,4621.138
2013-03-18 20:00:00,4434.335999999997
2013-03-18 20:30:00,4163.083999999987
2013-03-18 21:00:00,3847.7680000000055
2013-03-18 21:30:00,3520.961999999992
2013-03-18 22:00:00,3075.5340000000024
2013-03-18 22:30:00,2704.324000000007
2013-03-18 23:00:00,2396.17999999999
2013-03-18 23:30:00,2197.3579999999965
2013-03-19 00:00:00,2022.5159999999962
2013-03-19 00:30:00,1943.5059999999978
2013-03-19 01:00:00,1855.202000000001
2013-03-19 01:30:00,1795.7979999999998
2013-03-19 02:00:00,1757.6859999999988
2013-03-19 02:30:00,1722.9340000000034
2013-03-19 03:00:00,1688.8259999999948
2013-03-19 03:30:00,1680.0339999999935
2013-03-19 04:00:00,1762.1019999999965
2013-03-19 04:30:00,1835.6839999999997
2013-03-19 05:00:00,2009.1819999999984
2013-03-19 05:30:00,2288.092000000002
2013-03-19 06:00:00,2617.597999999992
2013-03-19 06:30:00,3095.0060000000017
2013-03-19 07:00:00,3281.20199999999
2013-03-19 07:30:00,3163.0300000000007
2013-03-19 08:00:00,2869.9920000000034
2013-03-19 08:30:00,2656.8979999999897
2013-03-19 09:00:00,2598.6999999999966
2013-03-19 09:30:00,2555.751999999991
2013-03-19 10:00:00,2581.7959999999944
2013-03-19 10:30:00,2584.5779999999945
2013-03-19 11:00:00,2594.15999999999
2013-03-19 11:30:00,2583.2080000000065
2013-03-19 12:00:00,2570.831999999999
2013-03-19 12:30:00,2563.787999999999
2013-03-19 13:00:00,2577.7740000000003
2013-03-19 13:30:00,2536.389999999996
2013-03-19 14:00:00,2548.3480000000036
2013-03-19 14:30:00,2540.527999999996
2013-03-19 15:00:00,2721.5240000000076
2013-03-19 15:30:00,2953.332000000004
2013-03-19 16:00:00,3191.4419999999977
2013-03-19 16:30:00,3483.0859999999925
2013-03-19 17:00:00,3862.8980000000115
2013-03-19 17:30:00,4177.109999999992
2013-03-19 18:00:00,4397.073999999977
2013-03-19 18:30:00,4599.797999999977
2013-03-19 19:00:00,4733.07400000001
2013-03-19 19:30:00,4626.018
2013-03-19 20:00:00,4424.8839999999955
2013-03-19 20:30:00,4155.60200000001
2013-03-19 21:00:00,3865.932000000004
2013-03-19 21:30:00,3482.844000000005
2013-03-19 22:00:00,3190.9840000000086
2013-03-19 22:30:00,2829.402000000007
2013-03-19 23:00:00,2526.3299999999954
2013-03-19 23:30:00,2244.9779999999964
2013-03-20 00:00:00,2072.019999999994
2013-03-20 00:30:00,1980.7440000000008
2013-03-20 01:00:00,1895.660000000002
2013-03-20 01:30:00,1804.0039999999979
2013-03-20 02:00:00,1777.8159999999991
2013-03-20 02:30:00,1780.8599999999983
2013-03-20 03:00:00,1735.7320000000009
2013-03-20 03:30:00,1739.157999999998
2013-03-20 04:00:00,1763.4780000000017
2013-03-20 04:30:00,1849.4940000000001
2013-03-20 05:00:00,2068.370000000005
2013-03-20 05:30:00,2305.538000000013
2013-03-20 06:00:00,2668.8639999999928
2013-03-20 06:30:00,3175.188000000021
2013-03-20 07:00:00,3352.7059999999933
2013-03-20 07:30:00,3191.1300000000015
2013-03-20 08:00:00,2867.993999999995
2013-03-20 08:30:00,2701.644000000006
2013-03-20 09:00:00,2592.2780000000002
2013-03-20 09:30:00,2608.341999999991
2013-03-20 10:00:00,2577.2120000000045
2013-03-20 10:30:00,2568.085999999995
2013-03-20 11:00:00,2599.766000000005
2013-03-20 11:30:00,2639.3999999999933
2013-03-20 12:00:00,2667.8159999999984
2013-03-20 12:30:00,2661.3239999999937
2013-03-20 13:00:00,2619.820000000002
2013-03-20 13:30:00,2609.836000000004
2013-03-20 14:00:00,2628.381999999998
2013-03-20 14:30:00,2616.805999999996
2013-03-20 15:00:00,2873.142
2013-03-20 15:30:00,3050.6879999999996
2013-03-20 16:00:00,3197.667999999993
2013-03-20 16:30:00,3526.033999999999
2013-03-20 17:00:00,3824.531999999994
2013-03-20 17:30:00,4224.399999999999
2013-03-20 18:00:00,4461.634000000007
2013-03-20 18:30:00,4624.0700000000115
2013-03-20 19:00:00,4674.41400000001
2013-03-20 19:30:00,4574.4060000000045
2013-03-20 20:00:00,4376.926000000008
2013-03-20 20:30:00,4178.833999999991
2013-03-20 21:00:00,3935.554000000008
2013-03-20 21:30:00,3644.7079999999987
2013-03-20 22:00:00,3245.2759999999967
2013-03-20 22:30:00,2909.8660000000004
2013-03-20 23:00:00,2599.1260000000048
2013-03-20 23:30:00,2350.4259999999945
2013-03-21 00:00:00,2127.514000000001
2013-03-21 00:30:00,2019.1739999999993
2013-03-21 01:00:00,1926.6440000000025
2013-03-21 01:30:00,1902.1779999999962
2013-03-21 02:00:00,1830.1799999999973
2013-03-21 02:30:00,1797.355999999998
2013-03-21 03:00:00,1763.5439999999996
2013-03-21 03:30:00,1790.506000000008
2013-03-21 04:00:00,1821.5939999999987
2013-03-21 04:30:00,1925.6619999999964
2013-03-21 05:00:00,2055.3419999999987
2013-03-21 05:30:00,2314.6659999999906
2013-03-21 06:00:00,2649.8980000000042
2013-03-21 06:30:00,3168.998000000002
2013-03-21 07:00:00,3322.4739999999965
2013-03-21 07:30:00,3193.456000000007
2013-03-21 08:00:00,2951.114000000005
2013-03-21 08:30:00,2774.6859999999974
2013-03-21 09:00:00,2680.710000000004
2013-03-21 09:30:00,2601.1500000000055
2013-03-21 10:00:00,2615.9160000000034
2013-03-21 10:30:00,2628.71400000001
2013-03-21 11:00:00,2615.5220000000027
2013-03-21 11:30:00,2628.653999999996
2013-03-21 12:00:00,2653.1599999999985
2013-03-21 12:30:00,2615.3419999999983
2013-03-21 13:00:00,2680.3619999999923
2013-03-21 13:30:00,2678.401999999998
2013-03-21 14:00:00,2666.6520000000064
2013-03-21 14:30:00,2803.4600000000014
2013-03-21 15:00:00,3037.7919999999967
2013-03-21 15:30:00,3237.4560000000033
2013-03-21 16:00:00,3349.4400000000037
2013-03-21 16:30:00,3695.762000000004
2013-03-21 17:00:00,4015.571999999998
2013-03-21 17:30:00,4324.801999999994
2013-03-21 18:00:00,4517.314000000005
2013-03-21 18:30:00,4710.845999999999
2013-03-21 19:00:00,4785.174000000011
2013-03-21 19:30:00,4678.435999999988
2013-03-21 20:00:00,4521.369999999993
2013-03-21 20:30:00,4270.021999999995
2013-03-21 21:00:00,4048.968000000002
2013-03-21 21:30:00,3693.631999999998
2013-03-21 22:00:00,3383.96000000001
2013-03-21 22:30:00,3080.1379999999926
2013-03-21 23:00:00,2704.7740000000094
2013-03-21 23:30:00,2419.3759999999984
2013-03-22 00:00:00,2270.9419999999973
2013-03-22 00:30:00,2140.321999999997
2013-03-22 01:00:00,2048.0719999999988
2013-03-22 01:30:00,2005.9579999999987
2013-03-22 02:00:00,1953.605999999997
2013-03-22 02:30:00,1919.7840000000047
2013-03-22 03:00:00,1879.0239999999947
2013-03-22 03:30:00,1870.7440000000017
2013-03-22 04:00:00,1911.0119999999995
2013-03-22 04:30:00,1989.8579999999922
2013-03-22 05:00:00,2108.464000000001
2013-03-22 05:30:00,2375.741999999994
2013-03-22 06:00:00,2706.4579999999987
2013-03-22 06:30:00,3150.2320000000063
2013-03-22 07:00:00,3320.086000000017
2013-03-22 07:30:00,3240.4380000000037
2013-03-22 08:00:00,3027.7179999999967
2013-03-22 08:30:00,2860.933999999991
2013-03-22 09:00:00,2770.808000000001
2013-03-22 09:30:00,2726.8239999999937
2013-03-22 10:00:00,2709.3359999999934
2013-03-22 10:30:00,2797.601999999993
2013-03-22 11:00:00,2881.1400000000026
2013-03-22 11:30:00,3022.7779999999952
2013-03-22 12:00:00,3156.2460000000024
2013-03-22 12:30:00,3267.567999999996
2013-03-22 13:00:00,3359.7960000000057
2013-03-22 13:30:00,3454.5200000000013
2013-03-22 14:00:00,3524.237999999998
2013-03-22 14:30:00,3619.916000000001
2013-03-22 15:00:00,3891.806000000006
2013-03-22 15:30:00,4078.726
2013-03-22 16:00:00,4266.873999999982
2013-03-22 16:30:00,4520.547999999984
2013-03-22 17:00:00,4807.964
2013-03-22 17:30:00,5009.252000000017
2013-03-22 18:00:00,5139.716000000005
2013-03-22 18:30:00,5145.066000000005
2013-03-22 19:00:00,5259.093999999998
2013-03-22 19:30:00,5154.727999999985
2013-03-22 20:00:00,5029.6259999999875
2013-03-22 20:30:00,4835.243999999976
2013-03-22 21:00:00,4652.470000000002
2013-03-22 21:30:00,4350.076000000002
2013-03-22 22:00:00,3954.338000000006
2013-03-22 22:30:00,3633.0199999999927
2013-03-22 23:00:00,3318.0979999999927
2013-03-22 23:30:00,3018.759999999992
2013-03-23 00:00:00,2767.778000000011
2013-03-23 00:30:00,2623.000000000005
2013-03-23 01:00:00,2505.4519999999966
2013-03-23 01:30:00,2420.772000000001
2013-03-23 02:00:00,2357.1759999999967
2013-03-23 02:30:00,2246.594000000003
2013-03-23 03:00:00,2203.3519999999976
2013-03-23 03:30:00,2185.654000000005
2013-03-23 04:00:00,2180.761999999999
2013-03-23 04:30:00,2173.162000000001
2013-03-23 05:00:00,2202.2000000000044
2013-03-23 05:30:00,2260.082000000003
2013-03-23 06:00:00,2404.2799999999984
2013-03-23 06:30:00,2689.135999999996
2013-03-23 07:00:00,2952.3060000000078
2013-03-23 07:30:00,3248.431999999989
2013-03-23 08:00:00,3369.6059999999866
2013-03-23 08:30:00,3445.880000000008
2013-03-23 09:00:00,3510.2579999999944
2013-03-23 09:30:00,3618.8680000000086
2013-03-23 10:00:00,3652.334000000005
2013-03-23 10:30:00,3743.4839999999936
2013-03-23 11:00:00,3871.8359999999993
2013-03-23 11:30:00,4040.734000000017
2013-03-23 12:00:00,4208.511999999991
2013-03-23 12:30:00,4375.056000000014
2013-03-23 13:00:00,4482.894000000006
2013-03-23 13:30:00,4547.162
2013-03-23 14:00:00,4719.408000000011
2013-03-23 14:30:00,4823.220000000002
2013-03-23 15:00:00,4974.823999999993
2013-03-23 15:30:00,4957.018000000019
2013-03-23 16:00:00,4870.224000000003
2013-03-23 16:30:00,4979.031999999998
2013-03-23 17:00:00,5044.760000000002
2013-03-23 17:30:00,5070.692000000015
2013-03-23 18:00:00,5161.631999999964
2013-03-23 18:30:00,5192.46599999999
2013-03-23 19:00:00,5219.607999999993
2013-03-23 19:30:00,4986.338000000001
2013-03-23 20:00:00,4731.371999999987
2013-03-23 20:30:00,4562.610000000004
2013-03-23 21:00:00,4295.3339999999935
2013-03-23 21:30:00,4083.3840000000037
2013-03-23 22:00:00,3870.013999999994
2013-03-23 22:30:00,3582.2060000000083
2013-03-23 23:00:00,3236.4520000000007
2013-03-23 23:30:00,3010.552000000001
2013-03-24 00:00:00,2780.086000000007
2013-03-24 00:30:00,2613.187999999995
2013-03-24 01:00:00,2487.1540000000105
2013-03-24 01:30:00,2383.3639999999996
2013-03-24 02:00:00,2306.326000000003
2013-03-24 02:30:00,2253.8099999999977
2013-03-24 03:00:00,2185.9460000000004
2013-03-24 03:30:00,2136.4019999999996
2013-03-24 04:00:00,2099.4819999999936
2013-03-24 04:30:00,2070.360000000002
2013-03-24 05:00:00,2127.2420000000075
2013-03-24 05:30:00,2155.336000000003
2013-03-24 06:00:00,2259.552000000003
2013-03-24 06:30:00,2538.694000000003
2013-03-24 07:00:00,2807.395999999997
2013-03-24 07:30:00,3131.784000000001
2013-03-24 08:00:00,3421.604000000012
2013-03-24 08:30:00,3475.5339999999987
2013-03-24 09:00:00,3612.5919999999933
2013-03-24 09:30:00,3692.8999999999946
2013-03-24 10:00:00,3786.5280000000157
2013-03-24 10:30:00,3985.0380000000137
2013-03-24 11:00:00,4187.576000000018
2013-03-24 11:30:00,4296.638000000008
2013-03-24 12:00:00,4454.780000000012
2013-03-24 12:30:00,4567.002000000013
2013-03-24 13:00:00,4618.24599999999
2013-03-24 13:30:00,4784.879999999999
2013-03-24 14:00:00,4926.735999999999
2013-03-24 14:30:00,5083.917999999997
2013-03-24 15:00:00,5341.050000000007
2013-03-24 15:30:00,5623.941999999986
2013-03-24 16:00:00,5882.924000000013
2013-03-24 16:30:00,6036.7659999999805
2013-03-24 17:00:00,6218.7540000000035
2013-03-24 17:30:00,6312.92600000001
2013-03-24 18:00:00,6411.013999999992
2013-03-24 18:30:00,6457.8559999999925
2013-03-24 19:00:00,6600.864000000007
2013-03-24 19:30:00,6285.0879999999925
2013-03-24 20:00:00,5947.233999999976
2013-03-24 20:30:00,5468.41200000001
2013-03-24 21:00:00,5011.5300000000025
2013-03-24 21:30:00,4581.763999999996
2013-03-24 22:00:00,4022.082000000003
2013-03-24 22:30:00,3570.891999999986
2013-03-24 23:00:00,3148.6960000000095
2013-03-24 23:30:00,2861.90400000001
2013-03-25 00:00:00,2686.1719999999978
2013-03-25 00:30:00,2506.3540000000025
2013-03-25 01:00:00,2375.636000000004
2013-03-25 01:30:00,2288.852
2013-03-25 02:00:00,2214.100000000004
2013-03-25 02:30:00,2158.4800000000037
2013-03-25 03:00:00,2116.632000000001
2013-03-25 03:30:00,2070.4580000000037
2013-03-25 04:00:00,2059.7359999999953
2013-03-25 04:30:00,2154.9860000000035
2013-03-25 05:00:00,2272.483999999994
2013-03-25 05:30:00,2466.2640000000115
2013-03-25 06:00:00,2779.950000000009
2013-03-25 06:30:00,3256.7219999999916
2013-03-25 07:00:00,3269.9780000000032
2013-03-25 07:30:00,3211.5720000000033
2013-03-25 08:00:00,2968.475999999994
2013-03-25 08:30:00,2862.732
2013-03-25 09:00:00,2856.717999999998
2013-03-25 09:30:00,2839.620000000006
2013-03-25 10:00:00,2850.585999999998
2013-03-25 10:30:00,2918.3740000000003
2013-03-25 11:00:00,2974.6460000000043
2013-03-25 11:30:00,3074.7500000000105
2013-03-25 12:00:00,3163.856000000002
2013-03-25 12:30:00,3172.1200000000094
2013-03-25 13:00:00,3275.202000000007
2013-03-25 13:30:00,3348.6400000000053
2013-03-25 14:00:00,3417.392000000004
2013-03-25 14:30:00,3522.677999999994
2013-03-25 15:00:00,3814.8200000000024
2013-03-25 15:30:00,4114.0239999999985
2013-03-25 16:00:00,4359.906000000007
2013-03-25 16:30:00,4698.565999999986
2013-03-25 17:00:00,5057.7060000000065
2013-03-25 17:30:00,5348.347999999989
2013-03-25 18:00:00,5422.7319999999845
2013-03-25 18:30:00,5487.99400000001
2013-03-25 19:00:00,5601.641999999976
2013-03-25 19:30:00,5369.990000000007
2013-03-25 20:00:00,5125.040000000019
2013-03-25 20:30:00,4962.668
2013-03-25 21:00:00,4539.4299999999885
2013-03-25 21:30:00,4109.337999999994
2013-03-25 22:00:00,3711.1919999999936
2013-03-25 22:30:00,3290.855999999999
2013-03-25 23:00:00,2987.167999999995
2013-03-25 23:30:00,2692.7460000000037
2013-03-26 00:00:00,2507.048000000004
2013-03-26 00:30:00,2369.3220000000024
2013-03-26 01:00:00,2259.701999999998
2013-03-26 01:30:00,2207.005999999998
2013-03-26 02:00:00,2138.851999999999
2013-03-26 02:30:00,2081.354000000002
2013-03-26 03:00:00,2054.66
2013-03-26 03:30:00,2041.6240000000003
2013-03-26 04:00:00,2048.5819999999994
2013-03-26 04:30:00,2121.969999999994
2013-03-26 05:00:00,2288.8539999999994
2013-03-26 05:30:00,2514.0100000000048
2013-03-26 06:00:00,2822.935999999997
2013-03-26 06:30:00,3276.2199999999857
2013-03-26 07:00:00,3410.0519999999856
2013-03-26 07:30:00,3261.2399999999952
2013-03-26 08:00:00,3040.0719999999915
2013-03-26 08:30:00,2831.8800000000037
2013-03-26 09:00:00,2796.7079999999955
2013-03-26 09:30:00,2817.8299999999963
2013-03-26 10:00:00,2836.776
2013-03-26 10:30:00,2947.663999999998
2013-03-26 11:00:00,2962.4179999999947
2013-03-26 11:30:00,3054.4159999999924
2013-03-26 12:00:00,3147.6299999999974
2013-03-26 12:30:00,3211.6280000000042
2013-03-26 13:00:00,3247.6880000000024
2013-03-26 13:30:00,3319.3720000000017
2013-03-26 14:00:00,3446.2520000000004
2013-03-26 14:30:00,3680.66999999999
2013-03-26 15:00:00,4055.2179999999967
2013-03-26 15:30:00,4229.993999999994
2013-03-26 16:00:00,4396.907999999986
2013-03-26 16:30:00,4683.657999999988
2013-03-26 17:00:00,4986.045999999993
2013-03-26 17:30:00,5265.645999999997
2013-03-26 18:00:00,5394.979999999998
2013-03-26 18:30:00,5517.109999999973
2013-03-26 19:00:00,5578.500000000016
2013-03-26 19:30:00,5441.049999999999
2013-03-26 20:00:00,5211.477999999994
2013-03-26 20:30:00,4961.032000000006
2013-03-26 21:00:00,4628.921999999992
2013-03-26 21:30:00,4225.984000000006
2013-03-26 22:00:00,3844.979999999993
2013-03-26 22:30:00,3468.3720000000026
2013-03-26 23:00:00,3075.0699999999983
2013-03-26 23:30:00,2779.4780000000073
2013-03-27 00:00:00,2558.722000000004
2013-03-27 00:30:00,2407.5879999999966
2013-03-27 01:00:00,2297.6720000000064
2013-03-27 01:30:00,2240.2920000000036
2013-03-27 02:00:00,2170.6200000000044
2013-03-27 02:30:00,2112.8760000000007
2013-03-27 03:00:00,2078.8840000000014
2013-03-27 03:30:00,2056.6920000000036
2013-03-27 04:00:00,2064.3299999999986
2013-03-27 04:30:00,2129.5259999999944
2013-03-27 05:00:00,2283.2019999999993
2013-03-27 05:30:00,2495.6820000000002
2013-03-27 06:00:00,2836.472000000003
2013-03-27 06:30:00,3294.5419999999917
2013-03-27 07:00:00,3372.325999999997
2013-03-27 07:30:00,3205.9919999999906
2013-03-27 08:00:00,2979.0399999999972
2013-03-27 08:30:00,2832.592000000001
2013-03-27 09:00:00,2805.350000000004
2013-03-27 09:30:00,2821.556000000003
2013-03-27 10:00:00,2893.326000000003
2013-03-27 10:30:00,2971.380000000001
2013-03-27 11:00:00,3059.9819999999954
2013-03-27 11:30:00,3197.569999999994
2013-03-27 12:00:00,3458.7799999999957
2013-03-27 12:30:00,3577.186000000001
2013-03-27 13:00:00,3573.961999999993
2013-03-27 13:30:00,3769.0559999999896
2013-03-27 14:00:00,3900.166000000006
2013-03-27 14:30:00,4123.969999999992
2013-03-27 15:00:00,4464.368000000013
2013-03-27 15:30:00,4728.746000000002
2013-03-27 16:00:00,5097.797999999988
2013-03-27 16:30:00,5387.389999999998
2013-03-27 17:00:00,5658.380000000008
2013-03-27 17:30:00,5866.831999999979
2013-03-27 18:00:00,6029.387999999992
2013-03-27 18:30:00,6193.007999999997
2013-03-27 19:00:00,6175.785999999988
2013-03-27 19:30:00,5896.422000000004
2013-03-27 20:00:00,5572.783999999988
2013-03-27 20:30:00,5264.624000000001
2013-03-27 21:00:00,4895.864000000007
2013-03-27 21:30:00,4487.550000000009
2013-03-27 22:00:00,3962.799999999999
2013-03-27 22:30:00,3577.5439999999976
2013-03-27 23:00:00,3232.5219999999913
2013-03-27 23:30:00,2921.321999999994
2013-03-28 00:00:00,2669.661999999999
2013-03-28 00:30:00,2524.7359999999985
2013-03-28 01:00:00,2386.172000000003
2013-03-28 01:30:00,2304.3400000000006
2013-03-28 02:00:00,2259.4
2013-03-28 02:30:00,2214.9320000000025
2013-03-28 03:00:00,2159.454000000005
2013-03-28 03:30:00,2119.5560000000037
2013-03-28 04:00:00,2118.799999999997
2013-03-28 04:30:00,2168.312000000007
2013-03-28 05:00:00,2315.995999999997
2013-03-28 05:30:00,2530.7600000000043
2013-03-28 06:00:00,2832.3340000000017
2013-03-28 06:30:00,3275.112000000007
2013-03-28 07:00:00,3355.030000000003
2013-03-28 07:30:00,3316.0060000000017
2013-03-28 08:00:00,3045.870000000004
2013-03-28 08:30:00,2972.2099999999973
2013-03-28 09:00:00,2978.956000000005
2013-03-28 09:30:00,3015.515999999995
2013-03-28 10:00:00,3076.507999999992
2013-03-28 10:30:00,3137.5140000000047
2013-03-28 11:00:00,3278.8259999999905
2013-03-28 11:30:00,3408.5040000000135
2013-03-28 12:00:00,3620.3360000000007
2013-03-28 12:30:00,3733.4280000000044
2013-03-28 13:00:00,3848.8379999999947
2013-03-28 13:30:00,4012.1219999999926
2013-03-28 14:00:00,4013.7260000000074
2013-03-28 14:30:00,4168.984000000005
2013-03-28 15:00:00,4538.753999999996
2013-03-28 15:30:00,4768.696000000005
2013-03-28 16:00:00,4987.556
2013-03-28 16:30:00,5324.779999999997
2013-03-28 17:00:00,5628.89399999999
2013-03-28 17:30:00,5903.292000000017
2013-03-28 18:00:00,6100.729999999997
2013-03-28 18:30:00,6036.476000000004
2013-03-28 19:00:00,6087.201999999989
2013-03-28 19:30:00,5954.707999999989
2013-03-28 20:00:00,5794.038000000013
2013-03-28 20:30:00,5449.876000000007
2013-03-28 21:00:00,5081.248000000003
2013-03-28 21:30:00,4644.301999999995
2013-03-28 22:00:00,4185.700000000002
2013-03-28 22:30:00,3840.042000000007
2013-03-28 23:00:00,3474.0359999999987
2013-03-28 23:30:00,3122.69
2013-03-29 00:00:00,2900.061999999999
2013-03-29 00:30:00,2676.7700000000063
2013-03-29 01:00:00,2502.8640000000037
2013-03-29 01:30:00,2381.276000000003
2013-03-29 02:00:00,2272.1700000000046
2013-03-29 02:30:00,2200.236000000004
2013-03-29 03:00:00,2131.629999999999
2013-03-29 03:30:00,2088.160000000006
2013-03-29 04:00:00,2061.178000000008
2013-03-29 04:30:00,2019.517999999999
2013-03-29 05:00:00,2066.0359999999987
2013-03-29 05:30:00,2130.300000000002
2013-03-29 06:00:00,2187.400000000006
2013-03-29 06:30:00,2416.177999999991
2013-03-29 07:00:00,2707.824000000003
2013-03-29 07:30:00,3043.9260000000045
2013-03-29 08:00:00,3323.5099999999993
2013-03-29 08:30:00,3395.4800000000064
2013-03-29 09:00:00,3477.4959999999896
2013-03-29 09:30:00,3544.211999999997
2013-03-29 10:00:00,3555.3359999999916
2013-03-29 10:30:00,3625.8419999999924
2013-03-29 11:00:00,3617.7560000000076
2013-03-29 11:30:00,3721.5680000000007
2013-03-29 12:00:00,3697.9179999999906
2013-03-29 12:30:00,3609.3860000000027
2013-03-29 13:00:00,3404.1939999999977
2013-03-29 13:30:00,3310.888
2013-03-29 14:00:00,3188.3319999999976
2013-03-29 14:30:00,3133.658
2013-03-29 15:00:00,3142.4120000000016
2013-03-29 15:30:00,3193.3279999999922
2013-03-29 16:00:00,3315.3260000000014
2013-03-29 16:30:00,3462.737999999994
2013-03-29 17:00:00,3662.108
2013-03-29 17:30:00,3868.5460000000053
2013-03-29 18:00:00,4118.0619999999935
2013-03-29 18:30:00,4227.843999999999
2013-03-29 19:00:00,4202.269999999993
2013-03-29 19:30:00,4053.724000000004
2013-03-29 20:00:00,3856.282
2013-03-29 20:30:00,3680.6019999999994
2013-03-29 21:00:00,3540.3700000000013
2013-03-29 21:30:00,3272.1740000000104
2013-03-29 22:00:00,3064.066000000007
2013-03-29 22:30:00,2841.2380000000003
2013-03-29 23:00:00,2622.2580000000053
2013-03-29 23:30:00,2417.2839999999997
2013-03-30 00:00:00,2244.621999999998
2013-03-30 00:30:00,2098.9419999999986
2013-03-30 01:00:00,1962.2320000000018
2013-03-30 01:30:00,1904.167999999998
2013-03-30 02:00:00,1852.3200000000013
2013-03-30 02:30:00,1799.9679999999973
2013-03-30 03:00:00,1756.9120000000003
2013-03-30 03:30:00,1773.4880000000012
2013-03-30 04:00:00,1751.5540000000003
2013-03-30 04:30:00,1740.671999999997
2013-03-30 05:00:00,1792.0519999999976
2013-03-30 05:30:00,1921.0399999999993
2013-03-30 06:00:00,2003.3739999999966
2013-03-30 06:30:00,2241.811999999998
2013-03-30 07:00:00,2513.159999999989
2013-03-30 07:30:00,2834.9120000000066
2013-03-30 08:00:00,3047.820000000012
2013-03-30 08:30:00,3121.5079999999953
2013-03-30 09:00:00,3148.7499999999914
2013-03-30 09:30:00,3162.060000000012
2013-03-30 10:00:00,3108.3480000000063
2013-03-30 10:30:00,3079.5320000000056
2013-03-30 11:00:00,3066.6639999999957
2013-03-30 11:30:00,3073.580000000008
2013-03-30 12:00:00,3078.0120000000056
2013-03-30 12:30:00,2981.699999999993
2013-03-30 13:00:00,3009.1160000000114
2013-03-30 13:30:00,3009.210000000002
2013-03-30 14:00:00,3013.014000000004
2013-03-30 14:30:00,3024.3760000000007
2013-03-30 15:00:00,3075.3880000000004
2013-03-30 15:30:00,3124.9539999999984
2013-03-30 16:00:00,3299.3579999999906
2013-03-30 16:30:00,3478.449999999995
2013-03-30 17:00:00,3701.24000000001
2013-03-30 17:30:00,3863.1519999999937
2013-03-30 18:00:00,4010.6000000000113
2013-03-30 18:30:00,4179.45600000001
2013-03-30 19:00:00,4163.534000000004
2013-03-30 19:30:00,3959.9159999999947
2013-03-30 20:00:00,3860.486000000008
2013-03-30 20:30:00,3690.6959999999967
2013-03-30 21:00:00,3489.008
2013-03-30 21:30:00,3318.028000000009
2013-03-30 22:00:00,3080.3759999999934
2013-03-30 22:30:00,2857.7120000000145
2013-03-30 23:00:00,2636.577999999993
2013-03-30 23:30:00,2435.9399999999964
2013-03-31 00:00:00,2244.8959999999947
2013-03-31 00:30:00,2134.601999999993
2013-03-31 01:00:00,2034.3519999999994
2013-03-31 01:30:00,1945.8699999999953
2013-03-31 02:00:00,1893.355999999993
2013-03-31 02:30:00,1835.6639999999993
2013-03-31 03:00:00,1795.2639999999983
2013-03-31 03:30:00,1781.9920000000038
2013-03-31 04:00:00,1766.0660000000041
2013-03-31 04:30:00,1752.2500000000005
2013-03-31 05:00:00,1794.3060000000069
2013-03-31 05:30:00,1862.3420000000058
2013-03-31 06:00:00,1997.0819999999965
2013-03-31 06:30:00,2235.9279999999976
2013-03-31 07:00:00,2599.2180000000003
2013-03-31 07:30:00,2922.8360000000066
2013-03-31 08:00:00,3190.5199999999963
2013-03-31 08:30:00,3345.061999999998
2013-03-31 09:00:00,3465.4920000000097
2013-03-31 09:30:00,3514.048000000003
2013-03-31 10:00:00,3508.681999999997
2013-03-31 10:30:00,3380.471999999997
2013-03-31 11:00:00,3420.867999999997
2013-03-31 11:30:00,3399.6379999999954
2013-03-31 12:00:00,3316.2759999999903
2013-03-31 12:30:00,3190.4540000000125
2013-03-31 13:00:00,3080.352000000004
2013-03-31 13:30:00,3021.856000000006
2013-03-31 14:00:00,2944.381999999992
2013-03-31 14:30:00,2963.046
2013-03-31 15:00:00,3005.8700000000076
2013-03-31 15:30:00,3138.564000000007
2013-03-31 16:00:00,3304.924000000008
2013-03-31 16:30:00,3486.607999999989
2013-03-31 17:00:00,3722.906000000003
2013-03-31 17:30:00,3841.381999999993
2013-03-31 18:00:00,3955.306000000006
2013-03-31 18:30:00,4082.9000000000074
2013-03-31 19:00:00,4042.454000000001
2013-03-31 19:30:00,3981.661999999997
2013-03-31 20:00:00,3843.202000000005
2013-03-31 20:30:00,3642.4340000000007
2013-03-31 21:00:00,3444.113999999988
2013-03-31 21:30:00,3295.013999999998
2013-03-31 22:00:00,3041.83799999999
2013-03-31 22:30:00,2776.9500000000035
2013-03-31 23:00:00,2553.2380000000094
2013-03-31 23:30:00,2327.2459999999955
2013-04-01 00:00:00,2137.5099999999998
2013-04-01 00:30:00,2037.0000000000016
2013-04-01 01:00:00,1910.2919999999988
2013-04-01 01:30:00,1891.6880000000006
2013-04-01 02:00:00,1827.8539999999985
2013-04-01 02:30:00,1791.401999999995
2013-04-01 03:00:00,1767.2080000000012
2013-04-01 03:30:00,1751.5879999999988
2013-04-01 04:00:00,1721.6000000000008
2013-04-01 04:30:00,1725.645999999997
2013-04-01 05:00:00,1740.7839999999985
2013-04-01 05:30:00,1830.1440000000005
2013-04-01 06:00:00,1926.3440000000044
2013-04-01 06:30:00,2142.220000000001
2013-04-01 07:00:00,2439.4620000000023
2013-04-01 07:30:00,2750.2859999999937
2013-04-01 08:00:00,2942.1800000000057
2013-04-01 08:30:00,3222.0660000000066
2013-04-01 09:00:00,3424.0519999999997
2013-04-01 09:30:00,3432.3300000000045
2013-04-01 10:00:00,3397.7080000000115
2013-04-01 10:30:00,3373.3619999999987
2013-04-01 11:00:00,3351.71799999999
2013-04-01 11:30:00,3420.9560000000056
2013-04-01 12:00:00,3370.7479999999973
2013-04-01 12:30:00,3307.030000000003
2013-04-01 13:00:00,3253.1200000000035
2013-04-01 13:30:00,3199.4220000000005
2013-04-01 14:00:00,3244.975999999991
2013-04-01 14:30:00,3279.100000000004
2013-04-01 15:00:00,3371.6940000000063
2013-04-01 15:30:00,3510.154000000006
2013-04-01 16:00:00,3721.402000000002
2013-04-01 16:30:00,4023.8420000000037
2013-04-01 17:00:00,4287.657999999989
2013-04-01 17:30:00,4554.118000000002
2013-04-01 18:00:00,4809.448000000018
2013-04-01 18:30:00,4932.082000000013
2013-04-01 19:00:00,4790.797999999998
2013-04-01 19:30:00,4603.383999999996
2013-04-01 20:00:00,4341.224000000016
2013-04-01 20:30:00,4092.5219999999917
2013-04-01 21:00:00,3781.2759999999976
2013-04-01 21:30:00,3451.518000000003
2013-04-01 22:00:00,3125.767999999996
2013-04-01 22:30:00,2771.4599999999923
2013-04-01 23:00:00,2465.634
2013-04-01 23:30:00,2221.4760000000038
2013-04-02 00:00:00,2037.2179999999985
2013-04-02 00:30:00,1973.3240000000005
2013-04-02 01:00:00,1889.9100000000008
2013-04-02 01:30:00,1856.1619999999916
2013-04-02 02:00:00,1820.719999999995
2013-04-02 02:30:00,1789.4700000000028
2013-04-02 03:00:00,1739.0380000000002
2013-04-02 03:30:00,1758.2399999999993
2013-04-02 04:00:00,1780.9500000000003
2013-04-02 04:30:00,1826.2859999999969
2013-04-02 05:00:00,1999.9359999999979
2013-04-02 05:30:00,2246.7840000000056
2013-04-02 06:00:00,2545.4059999999995
2013-04-02 06:30:00,3121.4220000000028
2013-04-02 07:00:00,3287.242000000008
2013-04-02 07:30:00,3099.5960000000064
2013-04-02 08:00:00,2813.256000000003
2013-04-02 08:30:00,2714.420000000002
2013-04-02 09:00:00,2714.403999999998
2013-04-02 09:30:00,2636.2300000000005
2013-04-02 10:00:00,2614.759999999997
2013-04-02 10:30:00,2587.820000000007
2013-04-02 11:00:00,2626.8460000000027
2013-04-02 11:30:00,2696.092000000003
2013-04-02 12:00:00,2725.4020000000005
2013-04-02 12:30:00,2695.671999999999
2013-04-02 13:00:00,2680.95
2013-04-02 13:30:00,2702.3720000000026
2013-04-02 14:00:00,2715.649999999994
2013-04-02 14:30:00,2751.7220000000043
2013-04-02 15:00:00,3002.277999999993
2013-04-02 15:30:00,3094.5919999999974
2013-04-02 16:00:00,3277.668000000002
2013-04-02 16:30:00,3608.438000000001
2013-04-02 17:00:00,3954.205999999996
2013-04-02 17:30:00,4270.699999999985
2013-04-02 18:00:00,4623.014000000003
2013-04-02 18:30:00,4835.5560000000105
2013-04-02 19:00:00,4773.525999999998
2013-04-02 19:30:00,4565.987999999985
2013-04-02 20:00:00,4450.174000000008
2013-04-02 20:30:00,4208.8259999999955
2013-04-02 21:00:00,3897.547999999988
2013-04-02 21:30:00,3424.9719999999925
2013-04-02 22:00:00,3122.7480000000023
2013-04-02 22:30:00,2842.09599999999
2013-04-02 23:00:00,2520.126
2013-04-02 23:30:00,2259.44400000001
2013-04-03 00:00:00,2103.312
2013-04-03 00:30:00,1978.2439999999986
2013-04-03 01:00:00,1924.470000000006
2013-04-03 01:30:00,1873.984000000003
2013-04-03 02:00:00,1814.2440000000072
2013-04-03 02:30:00,1793.6480000000047
2013-04-03 03:00:00,1801.3060000000014
2013-04-03 03:30:00,1796.868000000005
2013-04-03 04:00:00,1807.5639999999978
2013-04-03 04:30:00,1892.841999999997
2013-04-03 05:00:00,2113.755999999997
2013-04-03 05:30:00,2343.013999999996
2013-04-03 06:00:00,2628.921999999992
2013-04-03 06:30:00,3170.4279999999994
2013-04-03 07:00:00,3394.899999999992
2013-04-03 07:30:00,3291.243999999999
2013-04-03 08:00:00,3013.711999999997
2013-04-03 08:30:00,2921.3000000000093
2013-04-03 09:00:00,2888.3679999999913
2013-04-03 09:30:00,2874.387999999999
2013-04-03 10:00:00,2886.8179999999957
2013-04-03 10:30:00,2875.6900000000046
2013-04-03 11:00:00,2928.6799999999935
2013-04-03 11:30:00,2906.8799999999896
2013-04-03 12:00:00,2889.7679999999973
2013-04-03 12:30:00,2888.373999999983
2013-04-03 13:00:00,2878.234
2013-04-03 13:30:00,2788.346000000004
2013-04-03 14:00:00,2753.866000000003
2013-04-03 14:30:00,2771.7020000000016
2013-04-03 15:00:00,2985.8260000000014
2013-04-03 15:30:00,3239.223999999996
2013-04-03 16:00:00,3512.125999999994
2013-04-03 16:30:00,3929.986000000004
2013-04-03 17:00:00,4397.446000000002
2013-04-03 17:30:00,4837.2739999999885
2013-04-03 18:00:00,5066.526000000003
2013-04-03 18:30:00,5135.310000000002
2013-04-03 19:00:00,4935.748000000009
2013-04-03 19:30:00,4709.085999999987
2013-04-03 20:00:00,4526.984000000001
2013-04-03 20:30:00,4260.364000000011
2013-04-03 21:00:00,3884.0699999999983
2013-04-03 21:30:00,3566.4580000000055
2013-04-03 22:00:00,3165.3699999999967
2013-04-03 22:30:00,2796.2599999999884
2013-04-03 23:00:00,2502.8319999999917
2013-04-03 23:30:00,2226.1320000000014
2013-04-04 00:00:00,2059.4659999999967
2013-04-04 00:30:00,1952.7080000000026
2013-04-04 01:00:00,1871.8940000000002
2013-04-04 01:30:00,1791.5479999999955
2013-04-04 02:00:00,1757.5779999999932
2013-04-04 02:30:00,1759.788
2013-04-04 03:00:00,1704.8160000000014
2013-04-04 03:30:00,1736.3660000000054
2013-04-04 04:00:00,1742.2840000000028
2013-04-04 04:30:00,1844.0280000000023
2013-04-04 05:00:00,2025.7000000000053
2013-04-04 05:30:00,2394.7600000000016
2013-04-04 06:00:00,2613.528000000008
2013-04-04 06:30:00,3224.8479999999904
2013-04-04 07:00:00,3491.131999999998
2013-04-04 07:30:00,3344.926
2013-04-04 08:00:00,3062.758000000013
2013-04-04 08:30:00,2942.1440000000093
2013-04-04 09:00:00,2956.284000000002
2013-04-04 09:30:00,2865.3840000000014
2013-04-04 10:00:00,2854.8880000000013
2013-04-04 10:30:00,2843.8119999999913
2013-04-04 11:00:00,2860.9620000000045
2013-04-04 11:30:00,2909.0839999999976
2013-04-04 12:00:00,2872.1479999999956
2013-04-04 12:30:00,2761.9479999999967
2013-04-04 13:00:00,2699.3979999999897
2013-04-04 13:30:00,2722.5920000000024
2013-04-04 14:00:00,2651.722000000004
2013-04-04 14:30:00,2688.062000000001
2013-04-04 15:00:00,2962.351999999997
2013-04-04 15:30:00,3149.1559999999804
2013-04-04 16:00:00,3441.288000000001
2013-04-04 16:30:00,3819.6300000000224
2013-04-04 17:00:00,4180.905999999996
2013-04-04 17:30:00,4583.098000000012
2013-04-04 18:00:00,4846.730000000009
2013-04-04 18:30:00,4978.994000000004
2013-04-04 19:00:00,4842.032000000004
2013-04-04 19:30:00,4679.579999999999
2013-04-04 20:00:00,4500.827999999996
2013-04-04 20:30:00,4221.072000000014
2013-04-04 21:00:00,3986.2739999999953
2013-04-04 21:30:00,3622.7520000000104
2013-04-04 22:00:00,3214.3499999999935
2013-04-04 22:30:00,2853.422
2013-04-04 23:00:00,2559.014000000006
2013-04-04 23:30:00,2245.0699999999965
2013-04-05 00:00:00,2059.6739999999963
2013-04-05 00:30:00,1960.966000000003
2013-04-05 01:00:00,1854.6899999999953
2013-04-05 01:30:00,1781.5660000000028
2013-04-05 02:00:00,1775.704000000001
2013-04-05 02:30:00,1739.7699999999968
2013-04-05 03:00:00,1702.3599999999947
2013-04-05 03:30:00,1708.608
2013-04-05 04:00:00,1772.1019999999971
2013-04-05 04:30:00,1846.6680000000051
2013-04-05 05:00:00,2005.0479999999977
2013-04-05 05:30:00,2316.363999999997
2013-04-05 06:00:00,2663.531999999998
2013-04-05 06:30:00,3166.1380000000026
2013-04-05 07:00:00,3404.5199999999954
2013-04-05 07:30:00,3314.4579999999933
2013-04-05 08:00:00,3047.6460000000075
2013-04-05 08:30:00,2921.9219999999946
2013-04-05 09:00:00,2833.7500000000014
2013-04-05 09:30:00,2807.001999999997
2013-04-05 10:00:00,2746.291999999999
2013-04-05 10:30:00,2732.0979999999936
2013-04-05 11:00:00,2732.1919999999923
2013-04-05 11:30:00,2749.9319999999975
2013-04-05 12:00:00,2790.3920000000076
2013-04-05 12:30:00,2727.9859999999953
2013-04-05 13:00:00,2680.926000000003
2013-04-05 13:30:00,2642.758000000007
2013-04-05 14:00:00,2595.0240000000003
2013-04-05 14:30:00,2587.115999999994
2013-04-05 15:00:00,2752.3059999999973
2013-04-05 15:30:00,2978.8640000000037
2013-04-05 16:00:00,3111.9600000000073
2013-04-05 16:30:00,3331.8880000000063
2013-04-05 17:00:00,3612.350000000008
2013-04-05 17:30:00,3887.352000000004
2013-04-05 18:00:00,4252.5319999999865
2013-04-05 18:30:00,4577.062000000018
2013-04-05 19:00:00,4551.8099999999895
2013-04-05 19:30:00,4335.174000000001
2013-04-05 20:00:00,4190.006000000006
2013-04-05 20:30:00,4009.188
2013-04-05 21:00:00,3747.678000000004
2013-04-05 21:30:00,3567.3579999999997
2013-04-05 22:00:00,3254.3240000000083
2013-04-05 22:30:00,2983.854000000002
2013-04-05 23:00:00,2677.226000000003
2013-04-05 23:30:00,2423.6020000000017
2013-04-06 00:00:00,2191.366000000004
2013-04-06 00:30:00,2074.4060000000036
2013-04-06 01:00:00,1966.4859999999987
2013-04-06 01:30:00,1892.6319999999967
2013-04-06 02:00:00,1837.914
2013-04-06 02:30:00,1776.4100000000055
2013-04-06 03:00:00,1763.741999999997
2013-04-06 03:30:00,1756.2520000000004
2013-04-06 04:00:00,1740.870000000002
2013-04-06 04:30:00,1753.6800000000044
2013-04-06 05:00:00,1812.7459999999996
2013-04-06 05:30:00,1983.2560000000035
2013-04-06 06:00:00,2141.5060000000008
2013-04-06 06:30:00,2387.4060000000036
2013-04-06 07:00:00,2735.737999999992
2013-04-06 07:30:00,3018.8639999999978
2013-04-06 08:00:00,3261.868000000004
2013-04-06 08:30:00,3291.1780000000026
2013-04-06 09:00:00,3307.216000000003
2013-04-06 09:30:00,3382.2119999999904
2013-04-06 10:00:00,3393.9180000000147
2013-04-06 10:30:00,3338.9959999999937
2013-04-06 11:00:00,3329.2620000000024
2013-04-06 11:30:00,3341.9460000000004
2013-04-06 12:00:00,3380.203999999998
2013-04-06 12:30:00,3369.6759999999977
2013-04-06 13:00:00,3383.7919999999963
2013-04-06 13:30:00,3357.4919999999956
2013-04-06 14:00:00,3305.7279999999955
2013-04-06 14:30:00,3291.4879999999957
2013-04-06 15:00:00,3334.2720000000118
2013-04-06 15:30:00,3488.4379999999946
2013-04-06 16:00:00,3608.8919999999994
2013-04-06 16:30:00,3812.958000000005
2013-04-06 17:00:00,4116.451999999989
2013-04-06 17:30:00,4462.521999999984
2013-04-06 18:00:00,4566.508000000005
2013-04-06 18:30:00,4632.167999999983
2013-04-06 19:00:00,4472.933999999984
2013-04-06 19:30:00,4279.483999999991
2013-04-06 20:00:00,4100.399999999997
2013-04-06 20:30:00,3877.491999999992
2013-04-06 21:00:00,3685.7559999999853
2013-04-06 21:30:00,3457.1959999999945
2013-04-06 22:00:00,3204.5979999999954
2013-04-06 22:30:00,2988.2079999999955
2013-04-06 23:00:00,2732.054000000003
2013-04-06 23:30:00,2479.9980000000046
2013-04-07 00:00:00,2288.1539999999995
2013-04-07 00:30:00,2134.3559999999948
2013-04-07 01:00:00,2017.6979999999971
2013-04-07 01:30:00,1944.5379999999964
2013-04-07 02:00:00,1857.0819999999985
2013-04-07 02:30:00,1789.4219999999993
2013-04-07 03:00:00,1728.926000000005
2013-04-07 03:30:00,1684.291999999995
2013-04-07 04:00:00,1714.203999999999
2013-04-07 04:30:00,1693.7320000000002
2013-04-07 05:00:00,1721.2979999999973
2013-04-07 05:30:00,1773.2220000000036
2013-04-07 06:00:00,1903.0879999999975
2013-04-07 06:30:00,2158.1379999999926
2013-04-07 07:00:00,2399.9280000000017
2013-04-07 07:30:00,2765.6460000000025
2013-04-07 08:00:00,3171.717999999999
2013-04-07 08:30:00,3418.1400000000076
2013-04-07 09:00:00,3605.4920000000043
2013-04-07 09:30:00,3582.6320000000037
2013-04-07 10:00:00,3569.8239999999996
2013-04-07 10:30:00,3521.799999999998
2013-04-07 11:00:00,3427.7160000000003
2013-04-07 11:30:00,3424.6779999999944
2013-04-07 12:00:00,3429.695999999997
2013-04-07 12:30:00,3437.8879999999954
2013-04-07 13:00:00,3393.5400000000036
2013-04-07 13:30:00,3343.5920000000006
2013-04-07 14:00:00,3402.8740000000003
2013-04-07 14:30:00,3313.1819999999952
2013-04-07 15:00:00,3318.5199999999963
2013-04-07 15:30:00,3383.4299999999876
2013-04-07 16:00:00,3429.513999999998
2013-04-07 16:30:00,3657.053999999995
2013-04-07 17:00:00,3983.410000000001
2013-04-07 17:30:00,4504.591999999998
2013-04-07 18:00:00,5036.263999999986
2013-04-07 18:30:00,5446.023999999987
2013-04-07 19:00:00,5309.2360000000035
2013-04-07 19:30:00,4985.831999999992
2013-04-07 20:00:00,4637.920000000006
2013-04-07 20:30:00,4466.329999999997
2013-04-07 21:00:00,4269.343999999996
2013-04-07 21:30:00,3909.225999999991
2013-04-07 22:00:00,3642.181999999996
2013-04-07 22:30:00,3329.8499999999945
2013-04-07 23:00:00,2940.759999999999
2013-04-07 23:30:00,2600.6520000000146
2013-04-08 00:00:00,2391.728000000002
2013-04-08 00:30:00,2196.4120000000053
2013-04-08 01:00:00,2025.8960000000013
2013-04-08 01:30:00,1900.4440000000004
2013-04-08 02:00:00,1790.0620000000038
2013-04-08 02:30:00,1761.4459999999938
2013-04-08 03:00:00,1715.101999999999
2013-04-08 03:30:00,1708.454000000004
2013-04-08 04:00:00,1685.3139999999958
2013-04-08 04:30:00,1682.2860000000069
2013-04-08 05:00:00,1726.8199999999963
2013-04-08 05:30:00,1891.2980000000016
2013-04-08 06:00:00,2149.140000000003
2013-04-08 06:30:00,2559.9219999999978
2013-04-08 07:00:00,2953.0420000000045
2013-04-08 07:30:00,3409.2080000000037
2013-04-08 08:00:00,3419.9619999999986
2013-04-08 08:30:00,3253.1220000000158
2013-04-08 09:00:00,3043.4659999999944
2013-04-08 09:30:00,2884.1940000000013
2013-04-08 10:00:00,2752.8600000000147
2013-04-08 10:30:00,2688.3840000000064
2013-04-08 11:00:00,2637.3899999999967
2013-04-08 11:30:00,2654.435999999992
2013-04-08 12:00:00,2674.760000000002
2013-04-08 12:30:00,2675.2239999999856
2013-04-08 13:00:00,2659.0279999999966
2013-04-08 13:30:00,2706.6020000000067
2013-04-08 14:00:00,2655.6539999999995
2013-04-08 14:30:00,2624.6960000000004
2013-04-08 15:00:00,2612.741999999999
2013-04-08 15:30:00,2653.1459999999956
2013-04-08 16:00:00,2834.5599999999954
2013-04-08 16:30:00,3149.667999999999
2013-04-08 17:00:00,3434.7539999999976
2013-04-08 17:30:00,3950.732000000002
2013-04-08 18:00:00,4698.767999999998
2013-04-08 18:30:00,5241.2419999999975
2013-04-08 19:00:00,5318.382000000011
2013-04-08 19:30:00,5112.716000000015
2013-04-08 20:00:00,4764.579999999989
2013-04-08 20:30:00,4503.2700000000195
2013-04-08 21:00:00,4360.889999999993
2013-04-08 21:30:00,4116.133999999994
2013-04-08 22:00:00,3770.8199999999947
2013-04-08 22:30:00,3399.3800000000056
2013-04-08 23:00:00,3034.5180000000114
2013-04-08 23:30:00,2673.9160000000006
2013-04-09 00:00:00,2364.0779999999936
2013-04-09 00:30:00,2165.045999999998
2013-04-09 01:00:00,2000.843999999997
2013-04-09 01:30:00,1899.0280000000002
2013-04-09 02:00:00,1781.5859999999986
2013-04-09 02:30:00,1725.9699999999982
2013-04-09 03:00:00,1712.3159999999964
2013-04-09 03:30:00,1706.6699999999987
2013-04-09 04:00:00,1673.6579999999994
2013-04-09 04:30:00,1670.0379999999952
2013-04-09 05:00:00,1731.0479999999986
2013-04-09 05:30:00,1854.5320000000002
2013-04-09 06:00:00,2113.4300000000017
2013-04-09 06:30:00,2531.8360000000052
2013-04-09 07:00:00,3006.1659999999965
2013-04-09 07:30:00,3400.450000000002
2013-04-09 08:00:00,3436.2380000000094
2013-04-09 08:30:00,3285.444000000005
2013-04-09 09:00:00,2935.498
2013-04-09 09:30:00,2779.252000000004
2013-04-09 10:00:00,2694.636000000005
2013-04-09 10:30:00,2645.5739999999996
2013-04-09 11:00:00,2644.9519999999934
2013-04-09 11:30:00,2690.787999999997
2013-04-09 12:00:00,2726.5720000000083
2013-04-09 12:30:00,2711.6319999999964
2013-04-09 13:00:00,2784.761999999998
2013-04-09 13:30:00,2708.009999999995
2013-04-09 14:00:00,2683.9120000000003
2013-04-09 14:30:00,2638.0360000000014
2013-04-09 15:00:00,2631.5560000000005
2013-04-09 15:30:00,2711.1680000000038
2013-04-09 16:00:00,2968.2220000000007
2013-04-09 16:30:00,3243.5860000000125
2013-04-09 17:00:00,3502.4499999999975
2013-04-09 17:30:00,3946.4919999999966
2013-04-09 18:00:00,4631.543999999998
2013-04-09 18:30:00,5297.041999999977
2013-04-09 19:00:00,5348.417999999986
2013-04-09 19:30:00,5068.817999999987
2013-04-09 20:00:00,4879.211999999994
2013-04-09 20:30:00,4579.936
2013-04-09 21:00:00,4337.834000000001
2013-04-09 21:30:00,4143.294000000003
2013-04-09 22:00:00,3830.6899999999937
2013-04-09 22:30:00,3499.537999999991
2013-04-09 23:00:00,3087.877999999998
2013-04-09 23:30:00,2720.108000000005
2013-04-10 00:00:00,2389.189999999998
2013-04-10 00:30:00,2175.2839999999924
2013-04-10 01:00:00,2003.3860000000016
2013-04-10 01:30:00,1862.796000000005
2013-04-10 02:00:00,1804.910000000005
2013-04-10 02:30:00,1749.8520000000005
2013-04-10 03:00:00,1704.7719999999929
2013-04-10 03:30:00,1681.4080000000004
2013-04-10 04:00:00,1671.8259999999973
2013-04-10 04:30:00,1677.8159999999978
2013-04-10 05:00:00,1746.0100000000043
2013-04-10 05:30:00,1921.5379999999989
2013-04-10 06:00:00,2179.846
2013-04-10 06:30:00,2603.1080000000043
2013-04-10 07:00:00,2932.31599999999
2013-04-10 07:30:00,3325.0140000000056
2013-04-10 08:00:00,3430.4900000000075
2013-04-10 08:30:00,3225.920000000005
2013-04-10 09:00:00,2958.3920000000035
2013-04-10 09:30:00,2749.662000000007
2013-04-10 10:00:00,2654.3020000000038
2013-04-10 10:30:00,2609.9059999999954
2013-04-10 11:00:00,2597.0619999999976
2013-04-10 11:30:00,2529.5080000000003
2013-04-10 12:00:00,2542.194000000005
2013-04-10 12:30:00,2578.1120000000033
2013-04-10 13:00:00,2569.543999999998
2013-04-10 13:30:00,2529.6619999999975
2013-04-10 14:00:00,2574.6379999999986
2013-04-10 14:30:00,2516.5980000000022
2013-04-10 15:00:00,2488.6999999999944
2013-04-10 15:30:00,2628.693999999997
2013-04-10 16:00:00,2749.469999999983
2013-04-10 16:30:00,2940.6700000000005
2013-04-10 17:00:00,3223.6839999999993
2013-04-10 17:30:00,3665.368000000006
2013-04-10 18:00:00,4360.160000000003
2013-04-10 18:30:00,4970.929999999997
2013-04-10 19:00:00,5106.247999999995
2013-04-10 19:30:00,4900.151999999989
2013-04-10 20:00:00,4638.321999999985
2013-04-10 20:30:00,4504.451999999975
2013-04-10 21:00:00,4316.240000000004
2013-04-10 21:30:00,4098.238000000006
2013-04-10 22:00:00,3770.593999999999
2013-04-10 22:30:00,3441.702000000007
2013-04-10 23:00:00,2962.1359999999936
2013-04-10 23:30:00,2662.11
2013-04-11 00:00:00,2422.624000000003
2013-04-11 00:30:00,2193.946000000001
2013-04-11 01:00:00,1984.265999999999
2013-04-11 01:30:00,1874.8339999999996
2013-04-11 02:00:00,1792.9680000000055
2013-04-11 02:30:00,1742.3700000000017
2013-04-11 03:00:00,1721.725999999999
2013-04-11 03:30:00,1709.6720000000018
2013-04-11 04:00:00,1694.7880000000011
2013-04-11 04:30:00,1671.5599999999997
2013-04-11 05:00:00,1717.779999999998
2013-04-11 05:30:00,1873.225999999997
2013-04-11 06:00:00,2149.7019999999966
2013-04-11 06:30:00,2511.8999999999983
2013-04-11 07:00:00,2895.0420000000013
2013-04-11 07:30:00,3390.890000000008
2013-04-11 08:00:00,3418.3280000000022
2013-04-11 08:30:00,3166.281999999998
2013-04-11 09:00:00,2927.0919999999987
2013-04-11 09:30:00,2761.211999999999
2013-04-11 10:00:00,2649.059999999999
2013-04-11 10:30:00,2600.181999999998
2013-04-11 11:00:00,2566.018000000007
2013-04-11 11:30:00,2542.145999999998
2013-04-11 12:00:00,2530.2359999999967
2013-04-11 12:30:00,2517.385999999988
2013-04-11 13:00:00,2548.3819999999923
2013-04-11 13:30:00,2550.9380000000083
2013-04-11 14:00:00,2508.0139999999983
2013-04-11 14:30:00,2504.4039999999945
2013-04-11 15:00:00,2510.5219999999895
2013-04-11 15:30:00,2599.9660000000026
2013-04-11 16:00:00,2769.612000000002
2013-04-11 16:30:00,2921.069999999994
2013-04-11 17:00:00,3126.601999999999
2013-04-11 17:30:00,3593.1759999999954
2013-04-11 18:00:00,4196.753999999987
2013-04-11 18:30:00,4785.563999999996
2013-04-11 19:00:00,4911.1439999999975
2013-04-11 19:30:00,4657.4500000000035
2013-04-11 20:00:00,4527.980000000001
2013-04-11 20:30:00,4472.527999999976
2013-04-11 21:00:00,4340.274000000003
2013-04-11 21:30:00,4072.0799999999936
2013-04-11 22:00:00,3738.864000000002
2013-04-11 22:30:00,3398.4539999999965
2013-04-11 23:00:00,3070.917999999986
2013-04-11 23:30:00,2699.2179999999976
2013-04-12 00:00:00,2459.3999999999896
2013-04-12 00:30:00,2234.0179999999987
2013-04-12 01:00:00,2045.987999999995
2013-04-12 01:30:00,1918.3460000000014
2013-04-12 02:00:00,1847.978000000004
2013-04-12 02:30:00,1796.0959999999986
2013-04-12 03:00:00,1747.076
2013-04-12 03:30:00,1729.757999999999
2013-04-12 04:00:00,1694.9699999999991
2013-04-12 04:30:00,1687.8939999999996
2013-04-12 05:00:00,1735.9179999999997
2013-04-12 05:30:00,1892.2799999999995
2013-04-12 06:00:00,2104.644000000004
2013-04-12 06:30:00,2463.036000000001
2013-04-12 07:00:00,2813.024000000003
2013-04-12 07:30:00,3241.9300000000053
2013-04-12 08:00:00,3364.017999999995
2013-04-12 08:30:00,3228.592
2013-04-12 09:00:00,3005.8979999999974
2013-04-12 09:30:00,2904.477999999995
2013-04-12 10:00:00,2778.093999999998
2013-04-12 10:30:00,2718.9679999999917
2013-04-12 11:00:00,2603.2560000000044
2013-04-12 11:30:00,2712.805999999998
2013-04-12 12:00:00,2714.052000000003
2013-04-12 12:30:00,2735.08399999999
2013-04-12 13:00:00,2729.581999999994
2013-04-12 13:30:00,2691.9479999999967
2013-04-12 14:00:00,2618.08200000001
2013-04-12 14:30:00,2602.2039999999934
2013-04-12 15:00:00,2601.8680000000004
2013-04-12 15:30:00,2637.4499999999935
2013-04-12 16:00:00,2864.409999999985
2013-04-12 16:30:00,2979.746000000006
2013-04-12 17:00:00,3156.3039999999905
2013-04-12 17:30:00,3561.825999999993
2013-04-12 18:00:00,4156.585999999993
2013-04-12 18:30:00,4709.558
2013-04-12 19:00:00,4767.161999999998
2013-04-12 19:30:00,4515.681999999991
2013-04-12 20:00:00,4304.72
2013-04-12 20:30:00,4160.140000000003
2013-04-12 21:00:00,4003.076000000001
2013-04-12 21:30:00,3790.6940000000072
2013-04-12 22:00:00,3633.869999999996
2013-04-12 22:30:00,3372.056000000007
2013-04-12 23:00:00,3102.6400000000044
2013-04-12 23:30:00,2819.98
2013-04-13 00:00:00,2580.843999999994
2013-04-13 00:30:00,2336.6659999999983
2013-04-13 01:00:00,2160.428000000003
2013-04-13 01:30:00,2020.6719999999975
2013-04-13 02:00:00,1926.3599999999974
2013-04-13 02:30:00,1848.0220000000015
2013-04-13 03:00:00,1794.0599999999993
2013-04-13 03:30:00,1752.5879999999997
2013-04-13 04:00:00,1724.6159999999998
2013-04-13 04:30:00,1717.9699999999953
2013-04-13 05:00:00,1722.3400000000033
2013-04-13 05:30:00,1812.715999999999
2013-04-13 06:00:00,1890.9339999999966
2013-04-13 06:30:00,2101.837999999992
2013-04-13 07:00:00,2405.7620000000065
2013-04-13 07:30:00,2724.724
2013-04-13 08:00:00,3027.961999999997
2013-04-13 08:30:00,3179.395999999994
2013-04-13 09:00:00,3252.946000000005
2013-04-13 09:30:00,3296.5219999999977
2013-04-13 10:00:00,3285.317999999997
2013-04-13 10:30:00,3243.185999999999
2013-04-13 11:00:00,3145.092000000004
2013-04-13 11:30:00,3197.81000000001
2013-04-13 12:00:00,3158.654000000002
2013-04-13 12:30:00,3161.163999999995
2013-04-13 13:00:00,3143.8120000000026
2013-04-13 13:30:00,3132.2919999999826
2013-04-13 14:00:00,3100.948
2013-04-13 14:30:00,3134.912000000006
2013-04-13 15:00:00,3097.8680000000086
2013-04-13 15:30:00,3132.9839999999995
2013-04-13 16:00:00,3214.7400000000002
2013-04-13 16:30:00,3297.413999999998
2013-04-13 17:00:00,3545.076
2013-04-13 17:30:00,3816.057999999996
2013-04-13 18:00:00,4366.1
2013-04-13 18:30:00,4771.382
2013-04-13 19:00:00,4641.559999999994
2013-04-13 19:30:00,4391.366000000008
2013-04-13 20:00:00,4172.773999999997
2013-04-13 20:30:00,3989.7440000000097
2013-04-13 21:00:00,3875.9420000000123
2013-04-13 21:30:00,3703.670000000004
2013-04-13 22:00:00,3504.3080000000136
2013-04-13 22:30:00,3306.107999999996
2013-04-13 23:00:00,3064.4440000000095
2013-04-13 23:30:00,2762.957999999999
2013-04-14 00:00:00,2581.9679999999903
2013-04-14 00:30:00,2378.4560000000006
2013-04-14 01:00:00,2195.4620000000036
2013-04-14 01:30:00,2085.3799999999947
2013-04-14 02:00:00,1988.3420000000015
2013-04-14 02:30:00,1920.045999999999
2013-04-14 03:00:00,1836.9419999999984
2013-04-14 03:30:00,1769.2519999999984
2013-04-14 04:00:00,1726.4040000000007
2013-04-14 04:30:00,1730.2619999999938
2013-04-14 05:00:00,1723.9799999999984
2013-04-14 05:30:00,1759.011999999994
2013-04-14 06:00:00,1841.2120000000014
2013-04-14 06:30:00,1971.017999999997
2013-04-14 07:00:00,2255.0899999999947
2013-04-14 07:30:00,2557.438
2013-04-14 08:00:00,2851.311999999997
2013-04-14 08:30:00,3061.9979999999946
2013-04-14 09:00:00,3299.5680000000007
2013-04-14 09:30:00,3311.710000000011
2013-04-14 10:00:00,3411.1479999999938
2013-04-14 10:30:00,3321.5280000000034
2013-04-14 11:00:00,3254.8260000000114
2013-04-14 11:30:00,3221.4240000000054
2013-04-14 12:00:00,3205.3899999999917
2013-04-14 12:30:00,3245.9699999999984
2013-04-14 13:00:00,3272.774000000001
2013-04-14 13:30:00,3244.6720000000055
2013-04-14 14:00:00,3188.36200000001
2013-04-14 14:30:00,3195.8760000000084
2013-04-14 15:00:00,3215.658000000007
2013-04-14 15:30:00,3323.4239999999904
2013-04-14 16:00:00,3386.55800000001
2013-04-14 16:30:00,3530.1599999999967
2013-04-14 17:00:00,3785.1619999999825
2013-04-14 17:30:00,4188.546
2013-04-14 18:00:00,4752.440000000008
2013-04-14 18:30:00,5310.2619999999915
2013-04-14 19:00:00,5223.043999999986
2013-04-14 19:30:00,4869.503999999995
2013-04-14 20:00:00,4556.790000000006
2013-04-14 20:30:00,4366.5939999999955
2013-04-14 21:00:00,4243.153999999996
2013-04-14 21:30:00,3972.768000000005
2013-04-14 22:00:00,3710.4620000000036
2013-04-14 22:30:00,3303.140000000003
2013-04-14 23:00:00,2980.7320000000013
2013-04-14 23:30:00,2657.333999999995
2013-04-15 00:00:00,2403.8420000000033
2013-04-15 00:30:00,2205.6960000000004
2013-04-15 01:00:00,2018.9540000000054
2013-04-15 01:30:00,1940.2759999999996
2013-04-15 02:00:00,1846.2420000000002
2013-04-15 02:30:00,1809.4040000000032
2013-04-15 03:00:00,1768.3479999999927
2013-04-15 03:30:00,1729.1819999999966
2013-04-15 04:00:00,1709.858
2013-04-15 04:30:00,1703.995999999996
2013-04-15 05:00:00,1755.5800000000002
2013-04-15 05:30:00,1862.0160000000003
2013-04-15 06:00:00,2024.9479999999921
2013-04-15 06:30:00,2343.6780000000035
2013-04-15 07:00:00,2603.472
2013-04-15 07:30:00,2960.6319999999996
2013-04-15 08:00:00,3132.675999999997
2013-04-15 08:30:00,3124.1460000000006
2013-04-15 09:00:00,3065.403999999986
2013-04-15 09:30:00,3022.7300000000023
2013-04-15 10:00:00,2928.50600000001
2013-04-15 10:30:00,2823.427999999984
2013-04-15 11:00:00,2805.082000000009
2013-04-15 11:30:00,2770.3460000000096
2013-04-15 12:00:00,2819.598000000005
2013-04-15 12:30:00,2827.6500000000083
2013-04-15 13:00:00,2800.526000000015
2013-04-15 13:30:00,2786.9559999999933
2013-04-15 14:00:00,2747.8879999999926
2013-04-15 14:30:00,2730.1599999999926
2013-04-15 15:00:00,2810.47
2013-04-15 15:30:00,2879.6140000000028
2013-04-15 16:00:00,2984.775999999988
2013-04-15 16:30:00,3195.816000000003
2013-04-15 17:00:00,3446.4399999999996
2013-04-15 17:30:00,3995.3320000000035
2013-04-15 18:00:00,4742.232000000005
2013-04-15 18:30:00,5314.617999999997
2013-04-15 19:00:00,5285.3500000000095
2013-04-15 19:30:00,5039.469999999995
2013-04-15 20:00:00,4660.181999999996
2013-04-15 20:30:00,4447.929999999989
2013-04-15 21:00:00,4308.424000000001
2013-04-15 21:30:00,4196.7999999999965
2013-04-15 22:00:00,3847.5239999999962
2013-04-15 22:30:00,3454.654000000008
2013-04-15 23:00:00,3079.8000000000034
2013-04-15 23:30:00,2767.1480000000006
2013-04-16 00:00:00,2515.750000000002
2013-04-16 00:30:00,2223.934000000002
2013-04-16 01:00:00,2079.781999999996
2013-04-16 01:30:00,1961.6839999999995
2013-04-16 02:00:00,1903.8519999999976
2013-04-16 02:30:00,1792.582000000006
2013-04-16 03:00:00,1772.7100000000007
2013-04-16 03:30:00,1742.7159999999972
2013-04-16 04:00:00,1760.0040000000026
2013-04-16 04:30:00,1726.9600000000003
2013-04-16 05:00:00,1768.238000000001
2013-04-16 05:30:00,1880.1319999999942
2013-04-16 06:00:00,2065.860000000006
2013-04-16 06:30:00,2320.556000000002
2013-04-16 07:00:00,2626.984000000003
2013-04-16 07:30:00,3009.093999999987
2013-04-16 08:00:00,3304.9659999999963
2013-04-16 08:30:00,3300.444000000008
2013-04-16 09:00:00,3156.8660000000004
2013-04-16 09:30:00,3156.13
2013-04-16 10:00:00,3137.0419999999945
2013-04-16 10:30:00,3076.854000000007
2013-04-16 11:00:00,2964.564000000008
2013-04-16 11:30:00,2918.2960000000007
2013-04-16 12:00:00,2946.484000000005
2013-04-16 12:30:00,2957.617999999991
2013-04-16 13:00:00,2862.3140000000067
2013-04-16 13:30:00,2878.796000000002
2013-04-16 14:00:00,2857.4460000000095
2013-04-16 14:30:00,2799.377999999992
2013-04-16 15:00:00,2814.365999999994
2013-04-16 15:30:00,2891.7259999999874
2013-04-16 16:00:00,3037.1979999999994
2013-04-16 16:30:00,3214.8839999999855
2013-04-16 17:00:00,3484.317999999993
2013-04-16 17:30:00,4121.744
2013-04-16 18:00:00,4768.4460000000045
2013-04-16 18:30:00,5133.181999999991
2013-04-16 19:00:00,5099.039999999987
2013-04-16 19:30:00,4928.996000000002
2013-04-16 20:00:00,4677.265999999998
2013-04-16 20:30:00,4409.295999999998
2013-04-16 21:00:00,4177.087999999989
2013-04-16 21:30:00,4006.3480000000204
2013-04-16 22:00:00,3799.0019999999995
2013-04-16 22:30:00,3448.943999999997
2013-04-16 23:00:00,3091.4519999999975
2013-04-16 23:30:00,2764.3979999999833
2013-04-17 00:00:00,2460.814000000009
2013-04-17 00:30:00,2220.5799999999876
2013-04-17 01:00:00,2036.9019999999994
2013-04-17 01:30:00,1923.2779999999998
2013-04-17 02:00:00,1805.997999999996
2013-04-17 02:30:00,1763.6260000000032
2013-04-17 03:00:00,1726.7519999999934
2013-04-17 03:30:00,1707.7419999999984
2013-04-17 04:00:00,1673.6699999999944
2013-04-17 04:30:00,1658.8999999999999
2013-04-17 05:00:00,1712.9259999999956
2013-04-17 05:30:00,1825.8060000000005
2013-04-17 06:00:00,2042.8519999999983
2013-04-17 06:30:00,2349.8899999999967
2013-04-17 07:00:00,2630.984000000001
2013-04-17 07:30:00,2961.655999999998
2013-04-17 08:00:00,3184.7819999999942
2013-04-17 08:30:00,3112.4340000000075
2013-04-17 09:00:00,3033.2420000000157
2013-04-17 09:30:00,2945.0399999999945
2013-04-17 10:00:00,2888.672000000003
2013-04-17 10:30:00,2796.696000000004
2013-04-17 11:00:00,2722.5719999999965
2013-04-17 11:30:00,2736.760000000003
2013-04-17 12:00:00,2790.836000000002
2013-04-17 12:30:00,2793.775999999988
2013-04-17 13:00:00,2767.5780000000036
2013-04-17 13:30:00,2759.8659999999963
2013-04-17 14:00:00,2724.8339999999944
2013-04-17 14:30:00,2644.5160000000033
2013-04-17 15:00:00,2721.36000000001
2013-04-17 15:30:00,2748.8419999999983
2013-04-17 16:00:00,2837.0980000000045
2013-04-17 16:30:00,2960.5200000000073
2013-04-17 17:00:00,3305.3620000000064
2013-04-17 17:30:00,3917.871999999985
2013-04-17 18:00:00,4552.625999999989
2013-04-17 18:30:00,5029.248000000004
2013-04-17 19:00:00,5163.145999999996
2013-04-17 19:30:00,4897.003999999991
2013-04-17 20:00:00,4594.341999999981
2013-04-17 20:30:00,4333.319999999999
2013-04-17 21:00:00,4182.132000000006
2013-04-17 21:30:00,3996.069999999993
2013-04-17 22:00:00,3699.5759999999987
2013-04-17 22:30:00,3324.1039999999966
2013-04-17 23:00:00,3045.4339999999975
2013-04-17 23:30:00,2720.7219999999993
2013-04-18 00:00:00,2448.3099999999986
2013-04-18 00:30:00,2202.2139999999945
2013-04-18 01:00:00,2042.3100000000006
2013-04-18 01:30:00,1924.112000000002
2013-04-18 02:00:00,1874.091999999996
2013-04-18 02:30:00,1818.6980000000024
2013-04-18 03:00:00,1790.7039999999968
2013-04-18 03:30:00,1709.6180000000027
2013-04-18 04:00:00,1688.5080000000012
2013-04-18 04:30:00,1673.4359999999992
2013-04-18 05:00:00,1718.848
2013-04-18 05:30:00,1861.435999999993
2013-04-18 06:00:00,2061.4479999999985
2013-04-18 06:30:00,2360.344000000008
2013-04-18 07:00:00,2589.500000000005
2013-04-18 07:30:00,2916.4759999999997
2013-04-18 08:00:00,3094.4320000000016
2013-04-18 08:30:00,3114.557999999997
2013-04-18 09:00:00,3032.9479999999994
2013-04-18 09:30:00,2891.076000000005
2013-04-18 10:00:00,2864.609999999993
2013-04-18 10:30:00,2825.215999999997
2013-04-18 11:00:00,2719.9879999999985
2013-04-18 11:30:00,2725.015999999998
2013-04-18 12:00:00,2739.0580000000054
2013-04-18 12:30:00,2756.811999999997
2013-04-18 13:00:00,2719.713999999997
2013-04-18 13:30:00,2662.4020000000082
2013-04-18 14:00:00,2706.9399999999932
2013-04-18 14:30:00,2687.205999999997
2013-04-18 15:00:00,2726.4119999999893
2013-04-18 15:30:00,2782.143999999998
2013-04-18 16:00:00,2844.5479999999948
2013-04-18 16:30:00,2962.291999999987
2013-04-18 17:00:00,3201.3859999999872
2013-04-18 17:30:00,3724.3060000000096
2013-04-18 18:00:00,4392.887999999994
2013-04-18 18:30:00,4848.793999999995
2013-04-18 19:00:00,4942.068000000005
2013-04-18 19:30:00,4634.378000000019
2013-04-18 20:00:00,4476.456000000004
2013-04-18 20:30:00,4349.437999999982
2013-04-18 21:00:00,4148.996000000005
2013-04-18 21:30:00,4012.7700000000095
2013-04-18 22:00:00,3836.4740000000033
2013-04-18 22:30:00,3440.402000000001
2013-04-18 23:00:00,3103.3559999999993
2013-04-18 23:30:00,2761.6279999999992
2013-04-19 00:00:00,2483.9159999999993
2013-04-19 00:30:00,2300.5200000000013
2013-04-19 01:00:00,2070.919999999997
2013-04-19 01:30:00,1981.4420000000002
2013-04-19 02:00:00,1846.578000000003
2013-04-19 02:30:00,1790.874
2013-04-19 03:00:00,1737.226000000006
2013-04-19 03:30:00,1717.953999999997
2013-04-19 04:00:00,1721.9679999999973
2013-04-19 04:30:00,1675.8000000000045
2013-04-19 05:00:00,1727.8919999999985
2013-04-19 05:30:00,1859.6000000000017
2013-04-19 06:00:00,2067.296
2013-04-19 06:30:00,2297.9100000000008
2013-04-19 07:00:00,2617.5539999999887
2013-04-19 07:30:00,2963.875999999992
2013-04-19 08:00:00,3194.531999999998
2013-04-19 08:30:00,3286.3460000000005
2013-04-19 09:00:00,3195.897999999995
2013-04-19 09:30:00,3101.826000000002
2013-04-19 10:00:00,2991.7599999999916
2013-04-19 10:30:00,2934.4979999999914
2013-04-19 11:00:00,2856.5319999999983
2013-04-19 11:30:00,2829.0939999999973
2013-04-19 12:00:00,2867.5499999999915
2013-04-19 12:30:00,2886.1580000000035
2013-04-19 13:00:00,2861.518000000009
2013-04-19 13:30:00,2763.9739999999997
2013-04-19 14:00:00,2702.026000000006
2013-04-19 14:30:00,2736.6320000000014
2013-04-19 15:00:00,2850.008000000005
2013-04-19 15:30:00,2863.696000000002
2013-04-19 16:00:00,2927.0420000000026
2013-04-19 16:30:00,3085.575999999993
2013-04-19 17:00:00,3432.8839999999927
2013-04-19 17:30:00,3927.316000000002
2013-04-19 18:00:00,4637.243999999996
2013-04-19 18:30:00,5069.556000000008
2013-04-19 19:00:00,5070.146000000003
2013-04-19 19:30:00,4861.5960000000005
2013-04-19 20:00:00,4610.460000000005
2013-04-19 20:30:00,4438.028000000004
2013-04-19 21:00:00,4267.765999999989
2013-04-19 21:30:00,4102.540000000001
2013-04-19 22:00:00,3899.344000000003
2013-04-19 22:30:00,3599.0680000000057
2013-04-19 23:00:00,3311.8039999999955
2013-04-19 23:30:00,2987.1659999999993
2013-04-20 00:00:00,2720.702000000006
2013-04-20 00:30:00,2505.846000000004
2013-04-20 01:00:00,2268.7839999999974
2013-04-20 01:30:00,2118.098000000005
2013-04-20 02:00:00,2021.6760000000022
2013-04-20 02:30:00,1914.5160000000008
2013-04-20 03:00:00,1881.1900000000023
2013-04-20 03:30:00,1865.319999999998
2013-04-20 04:00:00,1855.9060000000015
2013-04-20 04:30:00,1797.2020000000016
2013-04-20 05:00:00,1771.733999999994
2013-04-20 05:30:00,1842.272000000005
2013-04-20 06:00:00,1940.9879999999996
2013-04-20 06:30:00,2122.9760000000088
2013-04-20 07:00:00,2345.7139999999995
2013-04-20 07:30:00,2752.7499999999936
2013-04-20 08:00:00,3130.918000000002
2013-04-20 08:30:00,3528.248000000003
2013-04-20 09:00:00,3786.3939999999993
2013-04-20 09:30:00,3886.7179999999944
2013-04-20 10:00:00,3988.9140000000098
2013-04-20 10:30:00,4224.2980000000025
2013-04-20 11:00:00,4258.211999999995
2013-04-20 11:30:00,4220.883999999992
2013-04-20 12:00:00,4340.494000000007
2013-04-20 12:30:00,4420.614000000002
2013-04-20 13:00:00,4344.7319999999945
2013-04-20 13:30:00,4282.019999999997
2013-04-20 14:00:00,4197.632000000002
2013-04-20 14:30:00,4080.9560000000006
2013-04-20 15:00:00,4107.408000000007
2013-04-20 15:30:00,4232.852000000006
2013-04-20 16:00:00,4355.0599999999995
2013-04-20 16:30:00,4445.121999999993
2013-04-20 17:00:00,4667.037999999985
2013-04-20 17:30:00,5031.0319999999965
2013-04-20 18:00:00,5652.409999999997
2013-04-20 18:30:00,5824.348000000003
2013-04-20 19:00:00,5793.678
2013-04-20 19:30:00,5528.465999999995
2013-04-20 20:00:00,5210.187999999985
2013-04-20 20:30:00,5082.829999999996
2013-04-20 21:00:00,4808.729999999994
2013-04-20 21:30:00,4575.452000000004
2013-04-20 22:00:00,4306.484000000001
2013-04-20 22:30:00,3980.424000000003
2013-04-20 23:00:00,3598.065999999998
2013-04-20 23:30:00,3311.5079999999944
2013-04-21 00:00:00,2993.955999999999
2013-04-21 00:30:00,2719.719999999997
2013-04-21 01:00:00,2462.8479999999986
2013-04-21 01:30:00,2276.626000000008
2013-04-21 02:00:00,2117.915999999995
2013-04-21 02:30:00,2046.8099999999988
2013-04-21 03:00:00,1946.6979999999996
2013-04-21 03:30:00,1907.7759999999955
2013-04-21 04:00:00,1881.5340000000022
2013-04-21 04:30:00,1836.3379999999981
2013-04-21 05:00:00,1843.6940000000086
2013-04-21 05:30:00,1856.971999999995
2013-04-21 06:00:00,1974.1560000000031
2013-04-21 06:30:00,2112.240000000003
2013-04-21 07:00:00,2405.8700000000003
2013-04-21 07:30:00,2786.0839999999916
2013-04-21 08:00:00,3117.9639999999986
2013-04-21 08:30:00,3398.396000000003
2013-04-21 09:00:00,3582.1680000000115
2013-04-21 09:30:00,3640.6099999999915
2013-04-21 10:00:00,3787.524000000016
2013-04-21 10:30:00,3683.6619999999953
2013-04-21 11:00:00,3575.478000000009
2013-04-21 11:30:00,3494.1059999999934
2013-04-21 12:00:00,3439.4939999999997
2013-04-21 12:30:00,3446.4999999999923
2013-04-21 13:00:00,3424.9340000000025
2013-04-21 13:30:00,3303.096
2013-04-21 14:00:00,3258.801999999985
2013-04-21 14:30:00,3187.4659999999963
2013-04-21 15:00:00,3295.881999999989
2013-04-21 15:30:00,3330.9520000000007
2013-04-21 16:00:00,3445.323999999998
2013-04-21 16:30:00,3693.395999999995
2013-04-21 17:00:00,4114.856000000018
2013-04-21 17:30:00,4797.497999999987
2013-04-21 18:00:00,5403.097999999998
2013-04-21 18:30:00,5732.625999999995
2013-04-21 19:00:00,5693.936000000011
2013-04-21 19:30:00,5421.2659999999805
2013-04-21 20:00:00,5203.699999999994
2013-04-21 20:30:00,4986.193999999996
2013-04-21 21:00:00,4855.4600000000155
2013-04-21 21:30:00,4576.689999999995
2013-04-21 22:00:00,4233.710000000003
2013-04-21 22:30:00,3915.030000000002
2013-04-21 23:00:00,3409.629999999999
2013-04-21 23:30:00,2987.9199999999937
2013-04-22 00:00:00,2714.5999999999935
2013-04-22 00:30:00,2422.5079999999994
2013-04-22 01:00:00,2228.1519999999973
2013-04-22 01:30:00,2099.9620000000054
2013-04-22 02:00:00,1956.1599999999987
2013-04-22 02:30:00,1867.181999999998
2013-04-22 03:00:00,1843.1140000000007
2013-04-22 03:30:00,1818.9319999999982
2013-04-22 04:00:00,1791.9319999999968
2013-04-22 04:30:00,1822.7679999999996
2013-04-22 05:00:00,1828.456000000002
2013-04-22 05:30:00,1953.6040000000053
2013-04-22 06:00:00,2146.977999999998
2013-04-22 06:30:00,2399.171999999998
2013-04-22 07:00:00,2745.5339999999987
2013-04-22 07:30:00,3238.8020000000024
2013-04-22 08:00:00,3483.6400000000044
2013-04-22 08:30:00,3595.6560000000113
2013-04-22 09:00:00,3473.522000000005
2013-04-22 09:30:00,3363.995999999992
2013-04-22 10:00:00,3305.41399999999
2013-04-22 10:30:00,3217.3580000000065
2013-04-22 11:00:00,2989.8519999999985
2013-04-22 11:30:00,2972.9159999999906
2013-04-22 12:00:00,2884.9440000000013
2013-04-22 12:30:00,2908.016000000012
2013-04-22 13:00:00,2884.9119999999975
2013-04-22 13:30:00,2858.1799999999953
2013-04-22 14:00:00,2824.3579999999997
2013-04-22 14:30:00,2737.0119999999984
2013-04-22 15:00:00,2746.8919999999944
2013-04-22 15:30:00,2781.2460000000015
2013-04-22 16:00:00,2895.823999999995
2013-04-22 16:30:00,3113.8379999999966
2013-04-22 17:00:00,3446.8679999999995
2013-04-22 17:30:00,4011.828000000002
2013-04-22 18:00:00,4890.421999999993
2013-04-22 18:30:00,5422.185999999985
2013-04-22 19:00:00,5474.942000000002
2013-04-22 19:30:00,5241.555999999995
2013-04-22 20:00:00,4960.874000000006
2013-04-22 20:30:00,4751.047999999991
2013-04-22 21:00:00,4596.13799999999
2013-04-22 21:30:00,4372.918
2013-04-22 22:00:00,4115.542000000004
2013-04-22 22:30:00,3697.2359999999962
2013-04-22 23:00:00,3303.2820000000033
2013-04-22 23:30:00,2921.103999999998
2013-04-23 00:00:00,2637.700000000001
2013-04-23 00:30:00,2357.1479999999997
2013-04-23 01:00:00,2188.534000000001
2013-04-23 01:30:00,2051.737999999993
2013-04-23 02:00:00,1968.477999999999
2013-04-23 02:30:00,1890.106000000004
2013-04-23 03:00:00,1823.7879999999936
2013-04-23 03:30:00,1783.8999999999992
2013-04-23 04:00:00,1777.1879999999935
2013-04-23 04:30:00,1765.9640000000006
2013-04-23 05:00:00,1839.7299999999966
2013-04-23 05:30:00,1942.4580000000024
2013-04-23 06:00:00,2160.8920000000035
2013-04-23 06:30:00,2483.0000000000014
2013-04-23 07:00:00,2845.685999999999
2013-04-23 07:30:00,3225.771999999998
2013-04-23 08:00:00,3438.6280000000006
2013-04-23 08:30:00,3424.9480000000003
2013-04-23 09:00:00,3269.7740000000126
2013-04-23 09:30:00,3065.1459999999925
2013-04-23 10:00:00,3024.226000000004
2013-04-23 10:30:00,2906.245999999989
2013-04-23 11:00:00,2834.445999999998
2013-04-23 11:30:00,2743.9539999999974
2013-04-23 12:00:00,2808.955999999988
2013-04-23 12:30:00,2752.4819999999954
2013-04-23 13:00:00,2704.2599999999984
2013-04-23 13:30:00,2661.8119999999994
2013-04-23 14:00:00,2657.1999999999985
2013-04-23 14:30:00,2628.673999999991
2013-04-23 15:00:00,2673.2239999999974
2013-04-23 15:30:00,2696.0160000000033
2013-04-23 16:00:00,2850.79
2013-04-23 16:30:00,3004.209999999999
2013-04-23 17:00:00,3264.2120000000045
2013-04-23 17:30:00,3820.253999999992
2013-04-23 18:00:00,4707.660000000016
2013-04-23 18:30:00,5249.936000000007
2013-04-23 19:00:00,5362.73
2013-04-23 19:30:00,5047.4480000000085
2013-04-23 20:00:00,4786.349999999999
2013-04-23 20:30:00,4675.660000000002
2013-04-23 21:00:00,4397.4519999999975
2013-04-23 21:30:00,4265.932000000005
2013-04-23 22:00:00,4017.713999999983
2013-04-23 22:30:00,3627.6319999999905
2013-04-23 23:00:00,3287.7480000000037
2013-04-23 23:30:00,2870.9020000000014
2013-04-24 00:00:00,2579.1659999999956
2013-04-24 00:30:00,2382.155999999989
2013-04-24 01:00:00,2156.363999999996
2013-04-24 01:30:00,1984.8139999999944
2013-04-24 02:00:00,1928.2060000000015
2013-04-24 02:30:00,1879.4020000000003
2013-04-24 03:00:00,1791.169999999999
2013-04-24 03:30:00,1764.309999999998
2013-04-24 04:00:00,1768.435999999997
2013-04-24 04:30:00,1779.4459999999951
2013-04-24 05:00:00,1834.3459999999984
2013-04-24 05:30:00,2020.5399999999995
2013-04-24 06:00:00,2250.113999999998
2013-04-24 06:30:00,2501.2699999999973
2013-04-24 07:00:00,2876.51599999999
2013-04-24 07:30:00,3256.2299999999946
2013-04-24 08:00:00,3391.052000000014
2013-04-24 08:30:00,3370.9320000000084
2013-04-24 09:00:00,3244.261999999997
2013-04-24 09:30:00,3053.676000000002
2013-04-24 10:00:00,3007.0379999999927
2013-04-24 10:30:00,2888.638000000004
2013-04-24 11:00:00,2801.022000000002
2013-04-24 11:30:00,2784.3279999999977
2013-04-24 12:00:00,2740.259999999996
2013-04-24 12:30:00,2729.9020000000064
2013-04-24 13:00:00,2641.002000000002
2013-04-24 13:30:00,2682.6120000000014
2013-04-24 14:00:00,2658.2999999999975
2013-04-24 14:30:00,2651.344
2013-04-24 15:00:00,2652.223999999999
2013-04-24 15:30:00,2664.5239999999985
2013-04-24 16:00:00,2781.418000000005
2013-04-24 16:30:00,2924.2239999999956
2013-04-24 17:00:00,3182.482000000003
2013-04-24 17:30:00,3729.1060000000034
2013-04-24 18:00:00,4490.646000000013
2013-04-24 18:30:00,4961.160000000014
2013-04-24 19:00:00,5111.040000000001
2013-04-24 19:30:00,4939.641999999993
2013-04-24 20:00:00,4713.302000000001
2013-04-24 20:30:00,4622.089999999986
2013-04-24 21:00:00,4424.299999999993
2013-04-24 21:30:00,4202.325999999995
2013-04-24 22:00:00,3931.3839999999914
2013-04-24 22:30:00,3717.3539999999944
2013-04-24 23:00:00,3379.2199999999934
2013-04-24 23:30:00,2978.758000000002
2013-04-25 00:00:00,2711.3819999999896
2013-04-25 00:30:00,2519.699999999995
2013-04-25 01:00:00,2280.8120000000026
2013-04-25 01:30:00,2151.9100000000035
2013-04-25 02:00:00,2049.3439999999937
2013-04-25 02:30:00,1954.3079999999984
2013-04-25 03:00:00,1916.510000000005
2013-04-25 03:30:00,1865.7819999999965
2013-04-25 04:00:00,1854.421999999998
2013-04-25 04:30:00,1881.2980000000018
2013-04-25 05:00:00,1872.255999999996
2013-04-25 05:30:00,1947.8079999999882
2013-04-25 06:00:00,2051.096
2013-04-25 06:30:00,2209.933999999996
2013-04-25 07:00:00,2412.126000000005
2013-04-25 07:30:00,2783.8399999999942
2013-04-25 08:00:00,3127.977999999987
2013-04-25 08:30:00,3376.3200000000024
2013-04-25 09:00:00,3585.4279999999903
2013-04-25 09:30:00,3687.8879999999976
2013-04-25 10:00:00,3773.531999999988
2013-04-25 10:30:00,3769.491999999997
2013-04-25 11:00:00,3646.707999999987
2013-04-25 11:30:00,3594.4659999999985
2013-04-25 12:00:00,3535.1019999999994
2013-04-25 12:30:00,3447.155999999993
2013-04-25 13:00:00,3343.2160000000017
2013-04-25 13:30:00,3205.175999999994
2013-04-25 14:00:00,3044.432
2013-04-25 14:30:00,2987.0480000000016
2013-04-25 15:00:00,2981.913999999994
2013-04-25 15:30:00,2977.258000000005
2013-04-25 16:00:00,3093.041999999983
2013-04-25 16:30:00,3300.4039999999977
2013-04-25 17:00:00,3624.0660000000053
2013-04-25 17:30:00,4039.0940000000014
2013-04-25 18:00:00,4698.318000000001
2013-04-25 18:30:00,5088.930000000006
2013-04-25 19:00:00,5199.8540000000075
2013-04-25 19:30:00,4992.98200000001
2013-04-25 20:00:00,4846.607999999999
2013-04-25 20:30:00,4618.879999999985
2013-04-25 21:00:00,4536.279999999988
2013-04-25 21:30:00,4248.178000000006
2013-04-25 22:00:00,3946.729999999991
2013-04-25 22:30:00,3598.7300000000077
2013-04-25 23:00:00,3244.0339999999983
2013-04-25 23:30:00,2908.5440000000012
2013-04-26 00:00:00,2639.204000000001
2013-04-26 00:30:00,2400.9559999999965
2013-04-26 01:00:00,2208.455999999999
2013-04-26 01:30:00,2077.9119999999934
2013-04-26 02:00:00,1951.4420000000055
2013-04-26 02:30:00,1912.6599999999987
2013-04-26 03:00:00,1845.6980000000021
2013-04-26 03:30:00,1830.402000000001
2013-04-26 04:00:00,1799.1859999999924
2013-04-26 04:30:00,1836.1960000000006
2013-04-26 05:00:00,1860.103999999997
2013-04-26 05:30:00,1988.9239999999947
2013-04-26 06:00:00,2167.1579999999967
2013-04-26 06:30:00,2418.392000000003
2013-04-26 07:00:00,2790.9580000000014
2013-04-26 07:30:00,3215.28
2013-04-26 08:00:00,3459.259999999997
2013-04-26 08:30:00,3446.3740000000116
2013-04-26 09:00:00,3334.303999999994
2013-04-26 09:30:00,3191.6079999999956
2013-04-26 10:00:00,3121.148000000005
2013-04-26 10:30:00,3062.7219999999975
2013-04-26 11:00:00,2908.961999999993
2013-04-26 11:30:00,2915.000000000001
2013-04-26 12:00:00,2830.606000000002
2013-04-26 12:30:00,2820.957999999999
2013-04-26 13:00:00,2794.6719999999905
2013-04-26 13:30:00,2698.901999999994
2013-04-26 14:00:00,2698.3060000000046
2013-04-26 14:30:00,2701.4019999999996
2013-04-26 15:00:00,2690.124000000008
2013-04-26 15:30:00,2720.7159999999994
2013-04-26 16:00:00,2825.9099999999935
2013-04-26 16:30:00,3015.8920000000057
2013-04-26 17:00:00,3288.385999999998
2013-04-26 17:30:00,3844.8620000000037
2013-04-26 18:00:00,4593.745999999995
2013-04-26 18:30:00,4997.626000000021
2013-04-26 19:00:00,5014.9280000000135
2013-04-26 19:30:00,4892.590000000012
2013-04-26 20:00:00,4683.610000000002
2013-04-26 20:30:00,4499.7440000000115
2013-04-26 21:00:00,4302.2700000000095
2013-04-26 21:30:00,4079.152000000001
2013-04-26 22:00:00,3884.617999999999
2013-04-26 22:30:00,3633.235999999996
2013-04-26 23:00:00,3364.932000000004
2013-04-26 23:30:00,2998.797999999995
2013-04-27 00:00:00,2759.549999999997
2013-04-27 00:30:00,2493.590000000006
2013-04-27 01:00:00,2247.989999999996
2013-04-27 01:30:00,2129.381999999991
2013-04-27 02:00:00,2001.027999999998
2013-04-27 02:30:00,1917.719999999996
2013-04-27 03:00:00,1843.5979999999952
2013-04-27 03:30:00,1790.6359999999977
2013-04-27 04:00:00,1780.9800000000012
2013-04-27 04:30:00,1780.755999999998
2013-04-27 05:00:00,1778.8039999999958
2013-04-27 05:30:00,1827.6019999999974
2013-04-27 06:00:00,1987.425999999994
2013-04-27 06:30:00,2186.5139999999997
2013-04-27 07:00:00,2427.824000000006
2013-04-27 07:30:00,2775.8159999999857
2013-04-27 08:00:00,3115.678000000004
2013-04-27 08:30:00,3379.5179999999973
2013-04-27 09:00:00,3509.6499999999965
2013-04-27 09:30:00,3363.673999999996
2013-04-27 10:00:00,3365.089999999992
2013-04-27 10:30:00,3275.7220000000166
2013-04-27 11:00:00,3253.122000000006
2013-04-27 11:30:00,3224.5900000000006
2013-04-27 12:00:00,3163.939999999999
2013-04-27 12:30:00,3127.2979999999975
2013-04-27 13:00:00,3054.129999999998
2013-04-27 13:30:00,2994.204000000002
2013-04-27 14:00:00,2923.4199999999937
2013-04-27 14:30:00,2894.981999999997
2013-04-27 15:00:00,2922.215999999985
2013-04-27 15:30:00,3004.359999999997
2013-04-27 16:00:00,3124.187999999998
2013-04-27 16:30:00,3282.9180000000015
2013-04-27 17:00:00,3559.6180000000013
2013-04-27 17:30:00,4016.7919999999917
2013-04-27 18:00:00,4587.295999999999
2013-04-27 18:30:00,4925.202000000013
2013-04-27 19:00:00,4808.941999999981
2013-04-27 19:30:00,4559.631999999994
2013-04-27 20:00:00,4363.760000000005
2013-04-27 20:30:00,4134.355999999993
2013-04-27 21:00:00,3980.9539999999956
2013-04-27 21:30:00,3829.926
2013-04-27 22:00:00,3609.972000000013
2013-04-27 22:30:00,3400.4560000000047
2013-04-27 23:00:00,3135.3039999999937
2013-04-27 23:30:00,2932.7699999999927
2013-04-28 00:00:00,2706.232000000002
2013-04-28 00:30:00,2507.9959999999915
2013-04-28 01:00:00,2300.035999999998
2013-04-28 01:30:00,2136.621999999997
2013-04-28 02:00:00,2032.9220000000014
2013-04-28 02:30:00,1956.6979999999965
2013-04-28 03:00:00,1872.36
2013-04-28 03:30:00,1818.1820000000018
2013-04-28 04:00:00,1789.2379999999982
2013-04-28 04:30:00,1778.387999999996
2013-04-28 05:00:00,1779.3659999999995
2013-04-28 05:30:00,1814.6939999999956
2013-04-28 06:00:00,1921.1939999999993
2013-04-28 06:30:00,2050.308000000002
2013-04-28 07:00:00,2274.641999999996
2013-04-28 07:30:00,2631.102
2013-04-28 08:00:00,2926.3640000000014
2013-04-28 08:30:00,3145.491999999992
2013-04-28 09:00:00,3324.1400000000085
2013-04-28 09:30:00,3374.299999999997
2013-04-28 10:00:00,3424.513999999995
2013-04-28 10:30:00,3385.421999999999
2013-04-28 11:00:00,3227.5499999999943
2013-04-28 11:30:00,3153.8259999999996
2013-04-28 12:00:00,3228.7060000000033
2013-04-28 12:30:00,3259.7439999999897
2013-04-28 13:00:00,3218.6779999999976
2013-04-28 13:30:00,3104.3439999999864
2013-04-28 14:00:00,3089.6940000000036
2013-04-28 14:30:00,2988.5900000000074
2013-04-28 15:00:00,3042.3200000000106
2013-04-28 15:30:00,3116.0960000000077
2013-04-28 16:00:00,3259.0959999999864
2013-04-28 16:30:00,3435.708000000001
2013-04-28 17:00:00,3796.04599999999
2013-04-28 17:30:00,4378.006000000017
2013-04-28 18:00:00,5071.03400000001
2013-04-28 18:30:00,5474.375999999983
2013-04-28 19:00:00,5346.578000000002
2013-04-28 19:30:00,5030.654000000013
2013-04-28 20:00:00,4819.913999999999
2013-04-28 20:30:00,4518.1380000000145
2013-04-28 21:00:00,4394.777999999997
2013-04-28 21:30:00,4204.262000000006
2013-04-28 22:00:00,3900.8320000000026
2013-04-28 22:30:00,3486.799999999998
2013-04-28 23:00:00,3143.9800000000005
2013-04-28 23:30:00,2820.8320000000044
2013-04-29 00:00:00,2517.810000000007
2013-04-29 00:30:00,2258.086000000003
2013-04-29 01:00:00,2071.1940000000063
2013-04-29 01:30:00,1957.6359999999952
2013-04-29 02:00:00,1866.6880000000058
2013-04-29 02:30:00,1816.9979999999994
2013-04-29 03:00:00,1739.8919999999907
2013-04-29 03:30:00,1715.516
2013-04-29 04:00:00,1719.800000000003
2013-04-29 04:30:00,1706.6960000000008
2013-04-29 05:00:00,1772.8799999999922
2013-04-29 05:30:00,1929.1740000000013
2013-04-29 06:00:00,2127.2160000000003
2013-04-29 06:30:00,2455.0740000000055
2013-04-29 07:00:00,2803.9879999999926
2013-04-29 07:30:00,3243.319999999988
2013-04-29 08:00:00,3366.6679999999997
2013-04-29 08:30:00,3228.903999999998
2013-04-29 09:00:00,3044.212000000009
2013-04-29 09:30:00,2987.385999999992
2013-04-29 10:00:00,2893.4020000000073
2013-04-29 10:30:00,2859.9619999999827
2013-04-29 11:00:00,2794.4059999999954
2013-04-29 11:30:00,2765.459999999998
2013-04-29 12:00:00,2707.3820000000037
2013-04-29 12:30:00,2750.159999999994
2013-04-29 13:00:00,2708.256000000001
2013-04-29 13:30:00,2768.0720000000115
2013-04-29 14:00:00,2651.1939999999877
2013-04-29 14:30:00,2660.9499999999975
2013-04-29 15:00:00,2671.557999999998
2013-04-29 15:30:00,2707.9659999999885
2013-04-29 16:00:00,2892.9640000000018
2013-04-29 16:30:00,3150.4640000000004
2013-04-29 17:00:00,3462.7979999999943
2013-04-29 17:30:00,4106.547999999997
2013-04-29 18:00:00,4996.551999999996
2013-04-29 18:30:00,5478.694000000009
2013-04-29 19:00:00,5430.206000000001
2013-04-29 19:30:00,5150.076000000014
2013-04-29 20:00:00,4834.300000000002
2013-04-29 20:30:00,4612.722
2013-04-29 21:00:00,4428.842000000011
2013-04-29 21:30:00,4178.94599999999
2013-04-29 22:00:00,3874.6220000000044
2013-04-29 22:30:00,3575.878000000004
2013-04-29 23:00:00,3168.3420000000046
2013-04-29 23:30:00,2835.060000000006
2013-04-30 00:00:00,2528.302000000001
2013-04-30 00:30:00,2274.947999999996
2013-04-30 01:00:00,2079.8300000000063
2013-04-30 01:30:00,1958.0659999999928
2013-04-30 02:00:00,1895.73
2013-04-30 02:30:00,1824.5380000000016
2013-04-30 03:00:00,1784.3160000000016
2013-04-30 03:30:00,1750.719999999996
2013-04-30 04:00:00,1723.8800000000037
2013-04-30 04:30:00,1700.627999999998
2013-04-30 05:00:00,1794.7100000000019
2013-04-30 05:30:00,1924.4060000000022
2013-04-30 06:00:00,2087.7999999999993
2013-04-30 06:30:00,2433.506
2013-04-30 07:00:00,2795.742
2013-04-30 07:30:00,3232.0280000000057
2013-04-30 08:00:00,3333.006000000002
2013-04-30 08:30:00,3268.734000000008
2013-04-30 09:00:00,3024.621999999996
2013-04-30 09:30:00,2948.977999999999
2013-04-30 10:00:00,2884.057999999996
2013-04-30 10:30:00,2823.763999999995
2013-04-30 11:00:00,2750.543999999997
2013-04-30 11:30:00,2719.697999999997
2013-04-30 12:00:00,2682.4939999999997
2013-04-30 12:30:00,2710.579999999998
2013-04-30 13:00:00,2735.642000000011
2013-04-30 13:30:00,2652.306000000005
2013-04-30 14:00:00,2662.9239999999986
2013-04-30 14:30:00,2632.356000000004
2013-04-30 15:00:00,2624.284000000008
2013-04-30 15:30:00,2673.862000000001
2013-04-30 16:00:00,2819.818000000001
2013-04-30 16:30:00,2984.7959999999966
2013-04-30 17:00:00,3351.713999999994
2013-04-30 17:30:00,4131.462000000012
2013-04-30 18:00:00,4921.268000000004
2013-04-30 18:30:00,5279.78399999999
2013-04-30 19:00:00,5317.262000000002
2013-04-30 19:30:00,5097.051999999991
2013-04-30 20:00:00,4842.050000000007
2013-04-30 20:30:00,4605.009999999993
2013-04-30 21:00:00,4416.255999999995
2013-04-30 21:30:00,4208.865999999994
2013-04-30 22:00:00,3945.572000000005
2013-04-30 22:30:00,3588.360000000002
2013-04-30 23:00:00,3190.1219999999935
2013-04-30 23:30:00,2782.928000000005
2013-05-01 00:00:00,2509.3079999999914
2013-05-01 00:30:00,2265.286000000001
2013-05-01 01:00:00,2077.2960000000007
2013-05-01 01:30:00,1964.053999999998
2013-05-01 02:00:00,1880.0819999999894
2013-05-01 02:30:00,1814.4299999999969
2013-05-01 03:00:00,1773.2519999999988
2013-05-01 03:30:00,1736.2319999999954
2013-05-01 04:00:00,1708.5639999999964
2013-05-01 04:30:00,1712.6339999999973
2013-05-01 05:00:00,1804.7199999999941
2013-05-01 05:30:00,1912.1940000000038
2013-05-01 06:00:00,2167.6420000000026
2013-05-01 06:30:00,2516.107999999997
2013-05-01 07:00:00,2944.924000000007
2013-05-01 07:30:00,3345.2180000000026
2013-05-01 08:00:00,3514.3520000000076
2013-05-01 08:30:00,3273.748
2013-05-01 09:00:00,2974.094000000012
2013-05-01 09:30:00,2741.0359999999973
2013-05-01 10:00:00,2655.382000000004
2013-05-01 10:30:00,2603.1400000000017
2013-05-01 11:00:00,2541.6319999999996
2013-05-01 11:30:00,2528.9599999999996
2013-05-01 12:00:00,2528.5619999999913
2013-05-01 12:30:00,2544.1139999999978
2013-05-01 13:00:00,2585.8019999999983
2013-05-01 13:30:00,2542.730000000006
2013-05-01 14:00:00,2558.472000000003
2013-05-01 14:30:00,2531.1859999999906
2013-05-01 15:00:00,2554.1060000000057
2013-05-01 15:30:00,2611.6960000000045
2013-05-01 16:00:00,2906.0300000000025
2013-05-01 16:30:00,3154.9339999999943
2013-05-01 17:00:00,3432.1360000000077
2013-05-01 17:30:00,4125.409999999999
2013-05-01 18:00:00,4846.835999999989
2013-05-01 18:30:00,5200.594000000018
2013-05-01 19:00:00,5159.153999999985
2013-05-01 19:30:00,5059.148000000003
2013-05-01 20:00:00,4836.2260000000015
2013-05-01 20:30:00,4594.107999999988
2013-05-01 21:00:00,4420.7040000000015
2013-05-01 21:30:00,4102.020000000008
2013-05-01 22:00:00,3819.2819999999992
2013-05-01 22:30:00,3460.6219999999994
2013-05-01 23:00:00,3138.893999999999
2013-05-01 23:30:00,2763.011999999999
2013-05-02 00:00:00,2445.8540000000016
2013-05-02 00:30:00,2237.8240000000037
2013-05-02 01:00:00,2054.371999999998
2013-05-02 01:30:00,1925.6680000000058
2013-05-02 02:00:00,1868.1099999999965
2013-05-02 02:30:00,1797.3459999999984
2013-05-02 03:00:00,1753.7900000000004
2013-05-02 03:30:00,1734.4900000000002
2013-05-02 04:00:00,1698.4619999999984
2013-05-02 04:30:00,1709.3600000000042
2013-05-02 05:00:00,1793.1920000000052
2013-05-02 05:30:00,1923.296000000002
2013-05-02 06:00:00,2170.9719999999943
2013-05-02 06:30:00,2493.820000000007
2013-05-02 07:00:00,2874.8859999999945
2013-05-02 07:30:00,3382.3999999999974
2013-05-02 08:00:00,3489.200000000009
2013-05-02 08:30:00,3239.045999999998
2013-05-02 09:00:00,3011.8919999999985
2013-05-02 09:30:00,2797.804000000001
2013-05-02 10:00:00,2675.335999999996
2013-05-02 10:30:00,2613.431999999991
2013-05-02 11:00:00,2636.374000000003
2013-05-02 11:30:00,2634.4940000000047
2013-05-02 12:00:00,2670.995999999989
2013-05-02 12:30:00,2644.310000000005
2013-05-02 13:00:00,2553.7580000000044
2013-05-02 13:30:00,2532.6520000000046
2013-05-02 14:00:00,2516.546000000012
2013-05-02 14:30:00,2473.1979999999962
2013-05-02 15:00:00,2446.4099999999976
2013-05-02 15:30:00,2563.6439999999966
2013-05-02 16:00:00,2757.086000000008
2013-05-02 16:30:00,3043.294000000006
2013-05-02 17:00:00,3395.6500000000074
2013-05-02 17:30:00,4105.781999999998
2013-05-02 18:00:00,4995.437999999981
2013-05-02 18:30:00,5333.547999999996
2013-05-02 19:00:00,5430.402000000015
2013-05-02 19:30:00,5297.175999999995
2013-05-02 20:00:00,5069.579999999991
2013-05-02 20:30:00,4944.903999999998
2013-05-02 21:00:00,4785.343999999999
2013-05-02 21:30:00,4503.080000000013
2013-05-02 22:00:00,4178.0019999999895
2013-05-02 22:30:00,3801.359999999998
2013-05-02 23:00:00,3416.805999999997
2013-05-02 23:30:00,3003.2680000000014
2013-05-03 00:00:00,2668.4279999999894
2013-05-03 00:30:00,2380.655999999999
2013-05-03 01:00:00,2168.4580000000005
2013-05-03 01:30:00,2050.284000000002
2013-05-03 02:00:00,1961.3740000000014
2013-05-03 02:30:00,1862.3439999999996
2013-05-03 03:00:00,1829.2899999999977
2013-05-03 03:30:00,1788.7460000000021
2013-05-03 04:00:00,1757.773999999998
2013-05-03 04:30:00,1764.7219999999977
2013-05-03 05:00:00,1857.1400000000053
2013-05-03 05:30:00,2037.1659999999988
2013-05-03 06:00:00,2303.9340000000007
2013-05-03 06:30:00,2639.039999999998
2013-05-03 07:00:00,3132.7920000000026
2013-05-03 07:30:00,3715.199999999994
2013-05-03 08:00:00,3842.916000000004
2013-05-03 08:30:00,3606.622000000011
2013-05-03 09:00:00,3227.8980000000047
2013-05-03 09:30:00,2967.984000000014
2013-05-03 10:00:00,2881.689999999996
2013-05-03 10:30:00,2824.877999999996
2013-05-03 11:00:00,2718.4880000000003
2013-05-03 11:30:00,2673.697999999991
2013-05-03 12:00:00,2672.2259999999983
2013-05-03 12:30:00,2632.5799999999927
2013-05-03 13:00:00,2600.742
2013-05-03 13:30:00,2544.937999999996
2013-05-03 14:00:00,2554.69799999999
2013-05-03 14:30:00,2527.818000000003
2013-05-03 15:00:00,2485.58599999999
2013-05-03 15:30:00,2556.2900000000004
2013-05-03 16:00:00,2700.408000000006
2013-05-03 16:30:00,3014.1339999999973
2013-05-03 17:00:00,3312.902000000017
2013-05-03 17:30:00,3987.2139999999963
2013-05-03 18:00:00,4806.748000000007
2013-05-03 18:30:00,5156.454000000005
2013-05-03 19:00:00,5165.221999999973
2013-05-03 19:30:00,4942.136000000003
2013-05-03 20:00:00,4787.893999999989
2013-05-03 20:30:00,4649.6160000000045
2013-05-03 21:00:00,4562.587999999991
2013-05-03 21:30:00,4258.153999999998
2013-05-03 22:00:00,4072.5859999999907
2013-05-03 22:30:00,3779.1800000000044
2013-05-03 23:00:00,3419.015999999983
2013-05-03 23:30:00,3113.3679999999995
2013-05-04 00:00:00,2812.235999999989
2013-05-04 00:30:00,2555.9119999999994
2013-05-04 01:00:00,2345.396000000003
2013-05-04 01:30:00,2178.9359999999992
2013-05-04 02:00:00,2046.0500000000036
2013-05-04 02:30:00,1958.1359999999975
2013-05-04 03:00:00,1890.851999999996
2013-05-04 03:30:00,1830.4559999999965
2013-05-04 04:00:00,1795.1479999999947
2013-05-04 04:30:00,1791.6459999999988
2013-05-04 05:00:00,1810.9839999999965
2013-05-04 05:30:00,1914.1540000000002
2013-05-04 06:00:00,2050.8159999999966
2013-05-04 06:30:00,2168.8619999999955
2013-05-04 07:00:00,2476.6939999999936
2013-05-04 07:30:00,2904.4879999999953
2013-05-04 08:00:00,3239.9120000000153
2013-05-04 08:30:00,3474.656000000002
2013-05-04 09:00:00,3640.7880000000036
2013-05-04 09:30:00,3614.2059999999997
2013-05-04 10:00:00,3683.2399999999866
2013-05-04 10:30:00,3670.2479999999905
2013-05-04 11:00:00,3611.748000000005
2013-05-04 11:30:00,3503.630000000003
2013-05-04 12:00:00,3475.706000000003
2013-05-04 12:30:00,3371.6659999999897
2013-05-04 13:00:00,3346.9579999999983
2013-05-04 13:30:00,3224.27
2013-05-04 14:00:00,3135.4220000000037
2013-05-04 14:30:00,3076.8179999999943
2013-05-04 15:00:00,3132.2380000000117
2013-05-04 15:30:00,3133.7579999999957
2013-05-04 16:00:00,3285.8140000000085
2013-05-04 16:30:00,3515.1039999999966
2013-05-04 17:00:00,3969.2700000000095
2013-05-04 17:30:00,4598.465999999991
2013-05-04 18:00:00,5249.27800000001
2013-05-04 18:30:00,5403.1480000000165
2013-05-04 19:00:00,5270.474000000004
2013-05-04 19:30:00,4958.82399999999
2013-05-04 20:00:00,4722.999999999983
2013-05-04 20:30:00,4501.700000000019
2013-05-04 21:00:00,4367.077999999994
2013-05-04 21:30:00,4232.676000000015
2013-05-04 22:00:00,3956.9120000000053
2013-05-04 22:30:00,3711.9499999999903
2013-05-04 23:00:00,3428.539999999999
2013-05-04 23:30:00,3187.5259999999985
2013-05-05 00:00:00,2945.0239999999994
2013-05-05 00:30:00,2611.318000000002
2013-05-05 01:00:00,2357.862000000001
2013-05-05 01:30:00,2199.7099999999978
2013-05-05 02:00:00,2076.057999999995
2013-05-05 02:30:00,1945.6959999999992
2013-05-05 03:00:00,1887.7240000000038
2013-05-05 03:30:00,1840.396000000008
2013-05-05 04:00:00,1795.560000000001
2013-05-05 04:30:00,1773.969999999991
2013-05-05 05:00:00,1779.4480000000005
2013-05-05 05:30:00,1844.584
2013-05-05 06:00:00,1916.259999999997
2013-05-05 06:30:00,2076.9139999999975
2013-05-05 07:00:00,2318.9259999999927
2013-05-05 07:30:00,2653.2979999999893
2013-05-05 08:00:00,3002.1639999999948
2013-05-05 08:30:00,3356.1199999999976
2013-05-05 09:00:00,3551.662000000003
2013-05-05 09:30:00,3707.3859999999945
2013-05-05 10:00:00,3684.63799999999
2013-05-05 10:30:00,3571.173999999999
2013-05-05 11:00:00,3529.369999999987
2013-05-05 11:30:00,3461.9419999999836
2013-05-05 12:00:00,3396.297999999997
2013-05-05 12:30:00,3382.1120000000137
2013-05-05 13:00:00,3328.7879999999964
2013-05-05 13:30:00,3293.6780000000103
2013-05-05 14:00:00,3188.199999999998
2013-05-05 14:30:00,3232.4140000000034
2013-05-05 15:00:00,3281.6959999999985
2013-05-05 15:30:00,3358.5059999999994
2013-05-05 16:00:00,3446.1279999999942
2013-05-05 16:30:00,3740.2279999999973
2013-05-05 17:00:00,4283.649999999998
2013-05-05 17:30:00,5096.257999999975
2013-05-05 18:00:00,5950.102000000006
2013-05-05 18:30:00,6255.55399999999
2013-05-05 19:00:00,6057.341999999991
2013-05-05 19:30:00,5751.621999999973
2013-05-05 20:00:00,5541.036000000005
2013-05-05 20:30:00,5363.6800000000085
2013-05-05 21:00:00,5172.641999999982
2013-05-05 21:30:00,4722.859999999984
2013-05-05 22:00:00,4355.278000000002
2013-05-05 22:30:00,3962.7820000000033
2013-05-05 23:00:00,3424.3500000000035
2013-05-05 23:30:00,2971.6500000000065
2013-05-06 00:00:00,2657.8480000000104
2013-05-06 00:30:00,2392.0999999999967
2013-05-06 01:00:00,2187.6500000000046
2013-05-06 01:30:00,2074.3799999999997
2013-05-06 02:00:00,1973.4239999999998
2013-05-06 02:30:00,1903.8199999999983
2013-05-06 03:00:00,1852.3800000000015
2013-05-06 03:30:00,1820.5060000000012
2013-05-06 04:00:00,1825.0299999999975
2013-05-06 04:30:00,1822.6939999999945
2013-05-06 05:00:00,1905.2460000000021
2013-05-06 05:30:00,2042.3479999999975
2013-05-06 06:00:00,2396.0119999999993
2013-05-06 06:30:00,2753.879999999993
2013-05-06 07:00:00,3331.373999999995
2013-05-06 07:30:00,3908.173999999993
2013-05-06 08:00:00,4066.0520000000047
2013-05-06 08:30:00,3769.3159999999975
2013-05-06 09:00:00,3370.8639999999928
2013-05-06 09:30:00,3096.211999999992
2013-05-06 10:00:00,3017.3600000000024
2013-05-06 10:30:00,2923.2419999999925
2013-05-06 11:00:00,2825.284000000007
2013-05-06 11:30:00,2750.5459999999994
2013-05-06 12:00:00,2796.7999999999897
2013-05-06 12:30:00,2776.713999999993
2013-05-06 13:00:00,2744.2540000000017
2013-05-06 13:30:00,2817.0660000000075
2013-05-06 14:00:00,2760.5759999999987
2013-05-06 14:30:00,2756.7300000000055
2013-05-06 15:00:00,2740.0840000000044
2013-05-06 15:30:00,2778.132000000002
2013-05-06 16:00:00,3071.359999999998
2013-05-06 16:30:00,3395.147999999984
2013-05-06 17:00:00,3855.0260000000003
2013-05-06 17:30:00,4861.738000000001
2013-05-06 18:00:00,5790.476000000006
2013-05-06 18:30:00,6356.2699999999895
2013-05-06 19:00:00,6299.809999999999
2013-05-06 19:30:00,6069.277999999995
2013-05-06 20:00:00,5791.237999999993
2013-05-06 20:30:00,5535.178000000003
2013-05-06 21:00:00,5288.07799999999
2013-05-06 21:30:00,4949.56999999998
2013-05-06 22:00:00,4593.174000000004
2013-05-06 22:30:00,4012.7899999999936
2013-05-06 23:00:00,3574.4959999999983
2013-05-06 23:30:00,3062.9919999999966
2013-05-07 00:00:00,2713.6039999999994
2013-05-07 00:30:00,2431.471999999992
2013-05-07 01:00:00,2250.117999999999
2013-05-07 01:30:00,2088.1759999999917
2013-05-07 02:00:00,1985.796000000002
2013-05-07 02:30:00,1914.0600000000018
2013-05-07 03:00:00,1898.2360000000012
2013-05-07 03:30:00,1858.3259999999925
2013-05-07 04:00:00,1854.8459999999973
2013-05-07 04:30:00,1850.7299999999977
2013-05-07 05:00:00,1925.0859999999925
2013-05-07 05:30:00,2065.2719999999995
2013-05-07 06:00:00,2373.081999999993
2013-05-07 06:30:00,2837.9620000000027
2013-05-07 07:00:00,3357.4119999999953
2013-05-07 07:30:00,3835.4519999999943
2013-05-07 08:00:00,3954.6360000000036
2013-05-07 08:30:00,3735.2039999999974
2013-05-07 09:00:00,3357.799999999999
2013-05-07 09:30:00,3077.1119999999964
2013-05-07 10:00:00,3047.2339999999963
2013-05-07 10:30:00,2867.082
2013-05-07 11:00:00,2847.0299999999975
2013-05-07 11:30:00,2834.682000000005
2013-05-07 12:00:00,2821.0079999999953
2013-05-07 12:30:00,2802.085999999995
2013-05-07 13:00:00,2809.5620000000013
2013-05-07 13:30:00,2833.096000000009
2013-05-07 14:00:00,2721.7460000000056
2013-05-07 14:30:00,2683.417999999993
2013-05-07 15:00:00,2637.683999999996
2013-05-07 15:30:00,2768.9780000000014
2013-05-07 16:00:00,3053.5759999999987
2013-05-07 16:30:00,3300.2740000000026
2013-05-07 17:00:00,3830.752000000008
2013-05-07 17:30:00,4667.997999999987
2013-05-07 18:00:00,5550.845999999993
2013-05-07 18:30:00,6021.211999999985
2013-05-07 19:00:00,6139.200000000008
2013-05-07 19:30:00,5868.606000000027
2013-05-07 20:00:00,5725.1419999999935
2013-05-07 20:30:00,5569.1759999999995
2013-05-07 21:00:00,5269.741999999995
2013-05-07 21:30:00,4952.477999999989
2013-05-07 22:00:00,4508.031999999995
2013-05-07 22:30:00,4077.9860000000053
2013-05-07 23:00:00,3507.159999999994
2013-05-07 23:30:00,3062.444000000001
2013-05-08 00:00:00,2765.1299999999947
2013-05-08 00:30:00,2438.182000000001
2013-05-08 01:00:00,2266.032000000002
2013-05-08 01:30:00,2106.754000000002
2013-05-08 02:00:00,2027.6100000000004
2013-05-08 02:30:00,1904.617999999996
2013-05-08 03:00:00,1871.7800000000027
2013-05-08 03:30:00,1835.5600000000031
2013-05-08 04:00:00,1816.6639999999968
2013-05-08 04:30:00,1863.6819999999936
2013-05-08 05:00:00,1918.8139999999958
2013-05-08 05:30:00,2124.145999999997
2013-05-08 06:00:00,2463.2960000000003
2013-05-08 06:30:00,2832.4259999999904
2013-05-08 07:00:00,3376.8779999999947
2013-05-08 07:30:00,3984.6439999999893
2013-05-08 08:00:00,4085.367999999992
2013-05-08 08:30:00,3747.047999999998
2013-05-08 09:00:00,3332.3840000000055
2013-05-08 09:30:00,3095.7900000000004
2013-05-08 10:00:00,2999.9700000000034
2013-05-08 10:30:00,2970.320000000013
2013-05-08 11:00:00,2897.144000000004
2013-05-08 11:30:00,2813.5240000000053
2013-05-08 12:00:00,2762.3600000000006
2013-05-08 12:30:00,2758.0840000000035
2013-05-08 13:00:00,2751.0720000000038
2013-05-08 13:30:00,2652.7540000000013
2013-05-08 14:00:00,2630.568000000005
2013-05-08 14:30:00,2582.262000000002
2013-05-08 15:00:00,2615.205999999995
2013-05-08 15:30:00,2642.922000000003
2013-05-08 16:00:00,2903.380000000003
2013-05-08 16:30:00,3243.392000000001
2013-05-08 17:00:00,3742.013999999995
2013-05-08 17:30:00,4504.4479999999885
2013-05-08 18:00:00,5330.778000000011
2013-05-08 18:30:00,5840.00799999999
2013-05-08 19:00:00,5886.2859999999855
2013-05-08 19:30:00,5642.961999999999
2013-05-08 20:00:00,5562.661999999997
2013-05-08 20:30:00,5295.473999999987
2013-05-08 21:00:00,5092.5680000000075
2013-05-08 21:30:00,4798.358000000003
2013-05-08 22:00:00,4495.644000000009
2013-05-08 22:30:00,4041.1300000000097
2013-05-08 23:00:00,3557.9259999999936
2013-05-08 23:30:00,3065.035999999985
2013-05-09 00:00:00,2742.7579999999953
2013-05-09 00:30:00,2450.1639999999993
2013-05-09 01:00:00,2256.436000000002
2013-05-09 01:30:00,2126.9039999999973
2013-05-09 02:00:00,1987.0700000000013
2013-05-09 02:30:00,1924.509999999996
2013-05-09 03:00:00,1885.6420000000005
2013-05-09 03:30:00,1847.803999999998
2013-05-09 04:00:00,1864.4460000000008
2013-05-09 04:30:00,1886.3079999999936
2013-05-09 05:00:00,1965.8280000000022
2013-05-09 05:30:00,2117.877999999998
2013-05-09 06:00:00,2404.968000000001
2013-05-09 06:30:00,2773.2459999999946
2013-05-09 07:00:00,3347.8920000000035
2013-05-09 07:30:00,3918.871999999994
2013-05-09 08:00:00,4043.2079999999933
2013-05-09 08:30:00,3848.224000000008
2013-05-09 09:00:00,3341.8399999999965
2013-05-09 09:30:00,2983.4739999999942
2013-05-09 10:00:00,2898.866000000001
2013-05-09 10:30:00,2797.2620000000074
2013-05-09 11:00:00,2653.043999999999
2013-05-09 11:30:00,2591.9099999999926
2013-05-09 12:00:00,2600.9379999999956
2013-05-09 12:30:00,2586.8880000000045
2013-05-09 13:00:00,2519.937999999993
2013-05-09 13:30:00,2515.841999999995
2013-05-09 14:00:00,2534.52400000001
2013-05-09 14:30:00,2498.442000000002
2013-05-09 15:00:00,2521.548000000004
2013-05-09 15:30:00,2552.0100000000025
2013-05-09 16:00:00,2741.6079999999984
2013-05-09 16:30:00,2998.3899999999917
2013-05-09 17:00:00,3373.6519999999978
2013-05-09 17:30:00,4187.940000000004
2013-05-09 18:00:00,5062.301999999992
2013-05-09 18:30:00,5401.479999999988
2013-05-09 19:00:00,5485.224000000004
2013-05-09 19:30:00,5321.458000000012
2013-05-09 20:00:00,5113.551999999989
2013-05-09 20:30:00,5049.599999999992
2013-05-09 21:00:00,4978.5179999999955
2013-05-09 21:30:00,4730.577999999989
2013-05-09 22:00:00,4451.766000000009
2013-05-09 22:30:00,4041.788000000006
2013-05-09 23:00:00,3549.955999999995
2013-05-09 23:30:00,3060.6999999999875
2013-05-10 00:00:00,2770.3700000000035
2013-05-10 00:30:00,2459.1399999999976
2013-05-10 01:00:00,2246.9500000000016
2013-05-10 01:30:00,2113.421999999993
2013-05-10 02:00:00,2034.0459999999985
2013-05-10 02:30:00,1949.2399999999948
2013-05-10 03:00:00,1893.198000000001
2013-05-10 03:30:00,1859.886000000001
2013-05-10 04:00:00,1861.4480000000026
2013-05-10 04:30:00,1855.5980000000006
2013-05-10 05:00:00,1902.2359999999967
2013-05-10 05:30:00,2116.8620000000037
2013-05-10 06:00:00,2379.1539999999977
2013-05-10 06:30:00,2816.8520000000008
2013-05-10 07:00:00,3355.5139999999983
2013-05-10 07:30:00,3934.57199999999
2013-05-10 08:00:00,4108.266000000006
2013-05-10 08:30:00,3850.343999999984
2013-05-10 09:00:00,3380.7179999999985
2013-05-10 09:30:00,3155.4639999999963
2013-05-10 10:00:00,2993.7220000000075
2013-05-10 10:30:00,2889.8539999999957
2013-05-10 11:00:00,2774.100000000002
2013-05-10 11:30:00,2721.8160000000144
2013-05-10 12:00:00,2669.503999999996
2013-05-10 12:30:00,2696.6720000000005
2013-05-10 13:00:00,2593.029999999993
2013-05-10 13:30:00,2588.256000000002
2013-05-10 14:00:00,2562.3560000000093
2013-05-10 14:30:00,2541.065999999997
2013-05-10 15:00:00,2519.965999999996
2013-05-10 15:30:00,2536.9299999999967
2013-05-10 16:00:00,2760.1839999999966
2013-05-10 16:30:00,3079.9960000000037
2013-05-10 17:00:00,3486.1080000000065
2013-05-10 17:30:00,4190.628000000005
2013-05-10 18:00:00,4945.581999999999
2013-05-10 18:30:00,5284.861999999992
2013-05-10 19:00:00,5341.991999999996
2013-05-10 19:30:00,5214.030000000006
2013-05-10 20:00:00,5036.235999999998
2013-05-10 20:30:00,4834.524000000004
2013-05-10 21:00:00,4713.175999999994
2013-05-10 21:30:00,4392.6260000000075
2013-05-10 22:00:00,4218.357999999999
2013-05-10 22:30:00,3854.81
2013-05-10 23:00:00,3487.74
2013-05-10 23:30:00,3176.3439999999946
2013-05-11 00:00:00,2877.645999999997
2013-05-11 00:30:00,2633.227999999996
2013-05-11 01:00:00,2389.881999999993
2013-05-11 01:30:00,2174.8599999999997
2013-05-11 02:00:00,2096.3759999999993
2013-05-11 02:30:00,1984.930000000001
2013-05-11 03:00:00,1907.132000000004
2013-05-11 03:30:00,1873.826000000002
2013-05-11 04:00:00,1873.5399999999997
2013-05-11 04:30:00,1843.3959999999997
2013-05-11 05:00:00,1843.129999999996
2013-05-11 05:30:00,1910.032
2013-05-11 06:00:00,2054.042000000004
2013-05-11 06:30:00,2315.8780000000065
2013-05-11 07:00:00,2606.2060000000006
2013-05-11 07:30:00,3046.860000000006
2013-05-11 08:00:00,3397.684
2013-05-11 08:30:00,3632.7359999999944
2013-05-11 09:00:00,3618.393999999997
2013-05-11 09:30:00,3639.6039999999994
2013-05-11 10:00:00,3551.05999999999
2013-05-11 10:30:00,3570.613999999993
2013-05-11 11:00:00,3471.253999999983
2013-05-11 11:30:00,3443.6239999999802
2013-05-11 12:00:00,3432.8619999999914
2013-05-11 12:30:00,3380.3579999999906
2013-05-11 13:00:00,3407.360000000008
2013-05-11 13:30:00,3321.5040000000004
2013-05-11 14:00:00,3272.154000000009
2013-05-11 14:30:00,3317.8459999999964
2013-05-11 15:00:00,3309.7420000000097
2013-05-11 15:30:00,3411.3380000000093
2013-05-11 16:00:00,3584.651999999998
2013-05-11 16:30:00,3772.581999999985
2013-05-11 17:00:00,4164.788000000009
2013-05-11 17:30:00,4849.397999999991
2013-05-11 18:00:00,5455.474000000004
2013-05-11 18:30:00,5552.979999999991
2013-05-11 19:00:00,5454.954
2013-05-11 19:30:00,5141.615999999997
2013-05-11 20:00:00,4875.025999999984
2013-05-11 20:30:00,4656.798000000006
2013-05-11 21:00:00,4444.696000000004
2013-05-11 21:30:00,4279.292000000005
2013-05-11 22:00:00,4060.345999999998
2013-05-11 22:30:00,3851.2319999999977
2013-05-11 23:00:00,3510.214000000002
2013-05-11 23:30:00,3181.194000000004
2013-05-12 00:00:00,2924.611999999999
2013-05-12 00:30:00,2680.261999999993
2013-05-12 01:00:00,2408.950000000003
2013-05-12 01:30:00,2249.9139999999925
2013-05-12 02:00:00,2151.781999999997
2013-05-12 02:30:00,2012.3099999999977
2013-05-12 03:00:00,1904.9979999999966
2013-05-12 03:30:00,1881.751999999998
2013-05-12 04:00:00,1831.3599999999997
2013-05-12 04:30:00,1802.0920000000033
2013-05-12 05:00:00,1842.243999999999
2013-05-12 05:30:00,1879.2300000000025
2013-05-12 06:00:00,1991.9939999999972
2013-05-12 06:30:00,2165.124000000006
2013-05-12 07:00:00,2473.7579999999916
2013-05-12 07:30:00,2849.058000000002
2013-05-12 08:00:00,3255.3079999999936
2013-05-12 08:30:00,3559.4680000000058
2013-05-12 09:00:00,3818.2999999999984
2013-05-12 09:30:00,3928.695999999993
2013-05-12 10:00:00,3856.713999999997
2013-05-12 10:30:00,3813.179999999988
2013-05-12 11:00:00,3658.273999999993
2013-05-12 11:30:00,3525.311999999985
2013-05-12 12:00:00,3349.0320000000006
2013-05-12 12:30:00,3288.3860000000022
2013-05-12 13:00:00,3192.8600000000006
2013-05-12 13:30:00,3050.4700000000016
2013-05-12 14:00:00,3058.955999999991
2013-05-12 14:30:00,2994.176000000001
2013-05-12 15:00:00,2984.1740000000004
2013-05-12 15:30:00,3082.246000000007
2013-05-12 16:00:00,3144.1400000000012
2013-05-12 16:30:00,3404.377999999993
2013-05-12 17:00:00,3813.2739999999976
2013-05-12 17:30:00,4579.553999999987
2013-05-12 18:00:00,5291.690000000004
2013-05-12 18:30:00,5614.169999999995
2013-05-12 19:00:00,5618.757999999999
2013-05-12 19:30:00,5380.11799999999
2013-05-12 20:00:00,5141.043999999997
2013-05-12 20:30:00,4929.693999999994
2013-05-12 21:00:00,4700.331999999988
2013-05-12 21:30:00,4472.414000000011
2013-05-12 22:00:00,4204.988000000007
2013-05-12 22:30:00,3824.2119999999964
2013-05-12 23:00:00,3420.890000000004
2013-05-12 23:30:00,2963.295999999993
2013-05-13 00:00:00,2640.6059999999866
2013-05-13 00:30:00,2356.212000000002
2013-05-13 01:00:00,2188.5979999999877
2013-05-13 01:30:00,2068.7740000000035
2013-05-13 02:00:00,1943.4919999999972
2013-05-13 02:30:00,1876.2139999999984
2013-05-13 03:00:00,1860.484000000001
2013-05-13 03:30:00,1799.8820000000073
2013-05-13 04:00:00,1804.5639999999983
2013-05-13 04:30:00,1840.4219999999934
2013-05-13 05:00:00,1895.4080000000017
2013-05-13 05:30:00,2052.003999999996
2013-05-13 06:00:00,2305.7799999999993
2013-05-13 06:30:00,2678.316000000008
2013-05-13 07:00:00,3250.9719999999916
2013-05-13 07:30:00,3828.9440000000072
2013-05-13 08:00:00,4049.125999999997
2013-05-13 08:30:00,3872.9599999999928
2013-05-13 09:00:00,3376.186000000002
2013-05-13 09:30:00,3150.325999999999
2013-05-13 10:00:00,3157.1380000000086
2013-05-13 10:30:00,2974.778000000003
2013-05-13 11:00:00,2934.7359999999944
2013-05-13 11:30:00,2869.12599999999
2013-05-13 12:00:00,2841.7859999999987
2013-05-13 12:30:00,2829.8859999999986
2013-05-13 13:00:00,2830.4080000000013
2013-05-13 13:30:00,2881.1279999999974
2013-05-13 14:00:00,2849.6160000000054
2013-05-13 14:30:00,2808.4439999999995
2013-05-13 15:00:00,2774.9319999999875
2013-05-13 15:30:00,2836.274000000002
2013-05-13 16:00:00,3127.6160000000027
2013-05-13 16:30:00,3437.3879999999967
2013-05-13 17:00:00,3982.1660000000084
2013-05-13 17:30:00,4895.485999999991
2013-05-13 18:00:00,5762.204000000001
2013-05-13 18:30:00,6100.993999999984
2013-05-13 19:00:00,6079.637999999997
2013-05-13 19:30:00,5824.0599999999995
2013-05-13 20:00:00,5500.019999999986
2013-05-13 20:30:00,5215.021999999995
2013-05-13 21:00:00,5005.805999999999
2013-05-13 21:30:00,4767.65999999999
2013-05-13 22:00:00,4318.701999999997
2013-05-13 22:30:00,3897.0260000000044
2013-05-13 23:00:00,3422.8759999999916
2013-05-13 23:30:00,2913.4620000000045
2013-05-14 00:00:00,2569.2700000000036
2013-05-14 00:30:00,2347.6760000000017
2013-05-14 01:00:00,2135.039999999999
2013-05-14 01:30:00,2036.062000000003
2013-05-14 02:00:00,1932.2140000000038
2013-05-14 02:30:00,1869.438
2013-05-14 03:00:00,1818.2840000000017
2013-05-14 03:30:00,1774.0500000000009
2013-05-14 04:00:00,1772.6980000000026
2013-05-14 04:30:00,1790.7760000000007
2013-05-14 05:00:00,1853.3099999999984
2013-05-14 05:30:00,1993.0659999999987
2013-05-14 06:00:00,2337.3799999999937
2013-05-14 06:30:00,2686.2239999999983
2013-05-14 07:00:00,3176.8280000000027
2013-05-14 07:30:00,3757.2220000000066
2013-05-14 08:00:00,3992.1300000000037
2013-05-14 08:30:00,3831.44999999999
2013-05-14 09:00:00,3465.547999999996
2013-05-14 09:30:00,3247.2679999999937
2013-05-14 10:00:00,3193.5259999999944
2013-05-14 10:30:00,3063.293999999997
2013-05-14 11:00:00,3074.08
2013-05-14 11:30:00,3039.920000000002
2013-05-14 12:00:00,2968.0219999999968
2013-05-14 12:30:00,2974.671999999997
2013-05-14 13:00:00,2929.7520000000063
2013-05-14 13:30:00,2832.746000000007
2013-05-14 14:00:00,2795.1080000000006
2013-05-14 14:30:00,2705.2119999999977
2013-05-14 15:00:00,2690.387999999994
2013-05-14 15:30:00,2793.201999999991
2013-05-14 16:00:00,3075.410000000005
2013-05-14 16:30:00,3402.1360000000045
2013-05-14 17:00:00,3961.703999999995
2013-05-14 17:30:00,4897.304000000015
2013-05-14 18:00:00,5797.696
2013-05-14 18:30:00,6092.812000000011
2013-05-14 19:00:00,6248.247999999973
2013-05-14 19:30:00,6183.48800000001
2013-05-14 20:00:00,5919.320000000002
2013-05-14 20:30:00,5710.119999999998
2013-05-14 21:00:00,5511.314000000002
2013-05-14 21:30:00,5154.126000000009
2013-05-14 22:00:00,4815.4840000000095
2013-05-14 22:30:00,4311.480000000014
2013-05-14 23:00:00,3764.021999999992
2013-05-14 23:30:00,3264.767999999992
2013-05-15 00:00:00,2888.5879999999916
2013-05-15 00:30:00,2640.4759999999915
2013-05-15 01:00:00,2390.8200000000047
2013-05-15 01:30:00,2223.5140000000056
2013-05-15 02:00:00,2110.6719999999914
2013-05-15 02:30:00,2017.4079999999947
2013-05-15 03:00:00,1991.1279999999988
2013-05-15 03:30:00,1934.2680000000025
2013-05-15 04:00:00,1938.7779999999934
2013-05-15 04:30:00,1947.878
2013-05-15 05:00:00,2056.197999999997
2013-05-15 05:30:00,2230.1839999999966
2013-05-15 06:00:00,2594.919999999994
2013-05-15 06:30:00,3051.331999999997
2013-05-15 07:00:00,3791.90600000001
2013-05-15 07:30:00,4428.724000000012
2013-05-15 08:00:00,4575.515999999998
2013-05-15 08:30:00,4356.780000000003
2013-05-15 09:00:00,3775.397999999995
2013-05-15 09:30:00,3400.0680000000016
2013-05-15 10:00:00,3228.9440000000063
2013-05-15 10:30:00,3155.5779999999854
2013-05-15 11:00:00,2991.223999999987
2013-05-15 11:30:00,2868.344
2013-05-15 12:00:00,2913.7899999999986
2013-05-15 12:30:00,2865.795999999994
2013-05-15 13:00:00,2806.8999999999974
2013-05-15 13:30:00,2793.134000000009
2013-05-15 14:00:00,2774.3800000000106
2013-05-15 14:30:00,2740.142000000004
2013-05-15 15:00:00,2721.0279999999916
2013-05-15 15:30:00,2817.002000000001
2013-05-15 16:00:00,3090.4620000000036
2013-05-15 16:30:00,3448.9800000000064
2013-05-15 17:00:00,4097.683999999979
2013-05-15 17:30:00,5153.751999999991
2013-05-15 18:00:00,6053.743999999998
2013-05-15 18:30:00,6475.533999999997
2013-05-15 19:00:00,6684.839999999992
2013-05-15 19:30:00,6521.795999999973
2013-05-15 20:00:00,6268.899999999985
2013-05-15 20:30:00,6020.203999999996
2013-05-15 21:00:00,5779.1100000000015
2013-05-15 21:30:00,5402.691999999979
2013-05-15 22:00:00,4931.7339999999995
2013-05-15 22:30:00,4388.120000000012
2013-05-15 23:00:00,3770.9120000000034
2013-05-15 23:30:00,3219.1459999999865
2013-05-16 00:00:00,2875.127999999993
2013-05-16 00:30:00,2576.634000000006
2013-05-16 01:00:00,2339.0920000000015
2013-05-16 01:30:00,2225.7920000000017
2013-05-16 02:00:00,2150.295999999998
2013-05-16 02:30:00,2026.4400000000035
2013-05-16 03:00:00,1972.873999999994
2013-05-16 03:30:00,1933.3279999999909
2013-05-16 04:00:00,1931.8599999999951
2013-05-16 04:30:00,1948.9179999999956
2013-05-16 05:00:00,2027.6580000000001
2013-05-16 05:30:00,2201.796000000003
2013-05-16 06:00:00,2488.909999999998
2013-05-16 06:30:00,2894.2060000000033
2013-05-16 07:00:00,3538.516
2013-05-16 07:30:00,4181.316000000006
2013-05-16 08:00:00,4247.634000000008
2013-05-16 08:30:00,4044.8719999999976
2013-05-16 09:00:00,3593.214000000008
2013-05-16 09:30:00,3274.327999999996
2013-05-16 10:00:00,3103.6359999999927
2013-05-16 10:30:00,2904.819999999991
2013-05-16 11:00:00,2765.739999999992
2013-05-16 11:30:00,2723.9559999999997
2013-05-16 12:00:00,2801.004000000001
2013-05-16 12:30:00,2839.429999999995
2013-05-16 13:00:00,2757.669999999997
2013-05-16 13:30:00,2712.999999999986
2013-05-16 14:00:00,2709.637999999995
2013-05-16 14:30:00,2709.178000000001
2013-05-16 15:00:00,2681.3039999999987
2013-05-16 15:30:00,2692.1000000000004
2013-05-16 16:00:00,2990.586
2013-05-16 16:30:00,3355.1039999999907
2013-05-16 17:00:00,3869.1879999999987
2013-05-16 17:30:00,4774.016
2013-05-16 18:00:00,5763.861999999986
2013-05-16 18:30:00,6120.547999999972
2013-05-16 19:00:00,6110.04199999998
2013-05-16 19:30:00,6053.612000000006
2013-05-16 20:00:00,5842.451999999993
2013-05-16 20:30:00,5720.756000000002
2013-05-16 21:00:00,5518.181999999981
2013-05-16 21:30:00,5208.965999999995
2013-05-16 22:00:00,4789.972000000012
2013-05-16 22:30:00,4374.523999999996
2013-05-16 23:00:00,3822.2419999999943
2013-05-16 23:30:00,3354.789999999991
2013-05-17 00:00:00,2953.0860000000043
2013-05-17 00:30:00,2626.396000000007
2013-05-17 01:00:00,2429.4240000000045
2013-05-17 01:30:00,2286.081999999996
2013-05-17 02:00:00,2182.208
2013-05-17 02:30:00,2062.7119999999973
2013-05-17 03:00:00,1982.2139999999984
2013-05-17 03:30:00,1994.8200000000004
2013-05-17 04:00:00,1996.931999999999
2013-05-17 04:30:00,2017.8299999999965
2013-05-17 05:00:00,2077.8999999999987
2013-05-17 05:30:00,2334.5759999999946
2013-05-17 06:00:00,2627.539999999998
2013-05-17 06:30:00,3103.395999999996
2013-05-17 07:00:00,3703.21000000001
2013-05-17 07:30:00,4332.916000000005
2013-05-17 08:00:00,4426.148000000017
2013-05-17 08:30:00,4062.103999999998
2013-05-17 09:00:00,3653.102000000005
2013-05-17 09:30:00,3402.849999999996
2013-05-17 10:00:00,3205.7139999999954
2013-05-17 10:30:00,3083.704000000008
2013-05-17 11:00:00,2999.237999999998
2013-05-17 11:30:00,2890.041999999997
2013-05-17 12:00:00,2903.030000000005
2013-05-17 12:30:00,2871.5139999999924
2013-05-17 13:00:00,2843.382
2013-05-17 13:30:00,2832.5380000000027
2013-05-17 14:00:00,2817.218
2013-05-17 14:30:00,2764.726
2013-05-17 15:00:00,2707.596000000009
2013-05-17 15:30:00,2838.5179999999973
2013-05-17 16:00:00,3085.316000000008
2013-05-17 16:30:00,3437.9259999999945
2013-05-17 17:00:00,3991.668000000004
2013-05-17 17:30:00,4940.507999999994
2013-05-17 18:00:00,5913.727999999992
2013-05-17 18:30:00,6310.289999999979
2013-05-17 19:00:00,6373.008000000002
2013-05-17 19:30:00,6203.415999999999
2013-05-17 20:00:00,6018.902000000005
2013-05-17 20:30:00,5838.675999999997
2013-05-17 21:00:00,5664.316000000026
2013-05-17 21:30:00,5399.857999999996
2013-05-17 22:00:00,5077.932000000005
2013-05-17 22:30:00,4678.935999999998
2013-05-17 23:00:00,4229.477999999997
2013-05-17 23:30:00,3718.747999999987
2013-05-18 00:00:00,3293.9340000000034
2013-05-18 00:30:00,2945.817999999996
2013-05-18 01:00:00,2649.0799999999927
2013-05-18 01:30:00,2447.1339999999987
2013-05-18 02:00:00,2299.4660000000013
2013-05-18 02:30:00,2210.0520000000024
2013-05-18 03:00:00,2139.468000000001
2013-05-18 03:30:00,2072.99399999999
2013-05-18 04:00:00,2040.9259999999913
2013-05-18 04:30:00,2034.6439999999943
2013-05-18 05:00:00,2076.065999999994
2013-05-18 05:30:00,2195.327999999994
2013-05-18 06:00:00,2358.419999999994
2013-05-18 06:30:00,2582.6199999999944
2013-05-18 07:00:00,2981.7299999999977
2013-05-18 07:30:00,3549.5879999999943
2013-05-18 08:00:00,4017.079999999994
2013-05-18 08:30:00,4266.997999999988
2013-05-18 09:00:00,4286.140000000001
2013-05-18 09:30:00,4139.559999999992
2013-05-18 10:00:00,4028.3380000000034
2013-05-18 10:30:00,3901.3719999999976
2013-05-18 11:00:00,3773.806000000005
2013-05-18 11:30:00,3583.1799999999944
2013-05-18 12:00:00,3595.3220000000097
2013-05-18 12:30:00,3516.5479999999993
2013-05-18 13:00:00,3472.652
2013-05-18 13:30:00,3373.558000000007
2013-05-18 14:00:00,3424.2319999999945
2013-05-18 14:30:00,3380.1440000000002
2013-05-18 15:00:00,3388.746000000004
2013-05-18 15:30:00,3470.091999999992
2013-05-18 16:00:00,3674.021999999998
2013-05-18 16:30:00,3989.2599999999948
2013-05-18 17:00:00,4509.754000000003
2013-05-18 17:30:00,5417.97800000001
2013-05-18 18:00:00,6236.352000000025
2013-05-18 18:30:00,6462.8539999999875
2013-05-18 19:00:00,6392.700000000016
2013-05-18 19:30:00,6154.171999999993
2013-05-18 20:00:00,5972.183999999971
2013-05-18 20:30:00,5711.1099999999915
2013-05-18 21:00:00,5516.397999999998
2013-05-18 21:30:00,5199.786000000007
2013-05-18 22:00:00,4939.277999999991
2013-05-18 22:30:00,4501.566000000003
2013-05-18 23:00:00,4134.868000000003
2013-05-18 23:30:00,3812.243999999989
2013-05-19 00:00:00,3488.5540000000046
2013-05-19 00:30:00,3124.0899999999924
2013-05-19 01:00:00,2784.185999999996
2013-05-19 01:30:00,2630.122000000006
2013-05-19 02:00:00,2481.6799999999985
2013-05-19 02:30:00,2346.859999999998
2013-05-19 03:00:00,2206.6759999999895
2013-05-19 03:30:00,2173.2519999999904
2013-05-19 04:00:00,2141.0579999999995
2013-05-19 04:30:00,2124.535999999995
2013-05-19 05:00:00,2102.583999999995
2013-05-19 05:30:00,2195.6079999999943
2013-05-19 06:00:00,2368.1140000000023
2013-05-19 06:30:00,2520.4820000000045
2013-05-19 07:00:00,2876.2299999999846
2013-05-19 07:30:00,3405.3520000000003
2013-05-19 08:00:00,3860.7620000000043
2013-05-19 08:30:00,4249.117999999999
2013-05-19 09:00:00,4493.324000000005
2013-05-19 09:30:00,4470.07
2013-05-19 10:00:00,4462.5900000000165
2013-05-19 10:30:00,4270.162000000003
2013-05-19 11:00:00,4166.994000000006
2013-05-19 11:30:00,4004.9619999999945
2013-05-19 12:00:00,3958.788000000008
2013-05-19 12:30:00,3859.9780000000105
2013-05-19 13:00:00,3782.5760000000096
2013-05-19 13:30:00,3620.4940000000097
2013-05-19 14:00:00,3546.102000000004
2013-05-19 14:30:00,3502.935999999993
2013-05-19 15:00:00,3545.0359999999955
2013-05-19 15:30:00,3687.4539999999965
2013-05-19 16:00:00,3823.0319999999983
2013-05-19 16:30:00,4264.193999999999
2013-05-19 17:00:00,5018.244000000006
2013-05-19 17:30:00,6089.391999999987
2013-05-19 18:00:00,6985.172000000009
2013-05-19 18:30:00,7389.097999999988
2013-05-19 19:00:00,7371.141999999988
2013-05-19 19:30:00,7133.204000000009
2013-05-19 20:00:00,6880.463999999991
2013-05-19 20:30:00,6555.695999999999
2013-05-19 21:00:00,6329.610000000005
2013-05-19 21:30:00,5913.648000000027
2013-05-19 22:00:00,5316.133999999994
2013-05-19 22:30:00,4680.466000000005
2013-05-19 23:00:00,4104.112000000003
2013-05-19 23:30:00,3501.5200000000004
2013-05-20 00:00:00,3115.8659999999913
2013-05-20 00:30:00,2794.8740000000075
2013-05-20 01:00:00,2563.5439999999917
2013-05-20 01:30:00,2415.887999999998
2013-05-20 02:00:00,2297.5760000000028
2013-05-20 02:30:00,2204.444000000001
2013-05-20 03:00:00,2129.849999999997
2013-05-20 03:30:00,2082.7779999999966
2013-05-20 04:00:00,2089.820000000001
2013-05-20 04:30:00,2109.7559999999953
2013-05-20 05:00:00,2215.7300000000027
2013-05-20 05:30:00,2399.2219999999993
2013-05-20 06:00:00,2777.228
2013-05-20 06:30:00,3395.9980000000037
2013-05-20 07:00:00,4175.904000000004
2013-05-20 07:30:00,4921.302000000014
2013-05-20 08:00:00,5156.684000000007
2013-05-20 08:30:00,4722.03600000001
2013-05-20 09:00:00,4180.51399999999
2013-05-20 09:30:00,3737.26199999999
2013-05-20 10:00:00,3596.2840000000037
2013-05-20 10:30:00,3389.9879999999976
2013-05-20 11:00:00,3246.219999999993
2013-05-20 11:30:00,3140.678
2013-05-20 12:00:00,3079.4940000000042
2013-05-20 12:30:00,3083.744000000004
2013-05-20 13:00:00,3023.4759999999974
2013-05-20 13:30:00,2930.6300000000033
2013-05-20 14:00:00,2860.8660000000004
2013-05-20 14:30:00,2860.374000000006
2013-05-20 15:00:00,2879.211999999993
2013-05-20 15:30:00,3011.3439999999864
2013-05-20 16:00:00,3419.364000000001
2013-05-20 16:30:00,3857.972000000003
2013-05-20 17:00:00,4524.742000000002
2013-05-20 17:30:00,5797.461999999998
2013-05-20 18:00:00,6901.756000000006
2013-05-20 18:30:00,7341.020000000004
2013-05-20 19:00:00,7419.664000000012
2013-05-20 19:30:00,7286.784000000018
2013-05-20 20:00:00,7130.3059999999805
2013-05-20 20:30:00,6911.834000000008
2013-05-20 21:00:00,6597.369999999969
2013-05-20 21:30:00,6175.003999999989
2013-05-20 22:00:00,5716.485999999984
2013-05-20 22:30:00,5061.098000000008
2013-05-20 23:00:00,4392.668000000002
2013-05-20 23:30:00,3623.740000000007
2013-05-21 00:00:00,3155.546000000009
2013-05-21 00:30:00,2831.8539999999894
2013-05-21 01:00:00,2554.4660000000063
2013-05-21 01:30:00,2393.762000000008
2013-05-21 02:00:00,2280.31
2013-05-21 02:30:00,2179.6180000000027
2013-05-21 03:00:00,2087.571999999995
2013-05-21 03:30:00,2091.3499999999976
2013-05-21 04:00:00,2092.3879999999986
2013-05-21 04:30:00,2128.499999999995
2013-05-21 05:00:00,2275.303999999994
2013-05-21 05:30:00,2489.608000000003
2013-05-21 06:00:00,2872.812000000001
2013-05-21 06:30:00,3401.053999999994
2013-05-21 07:00:00,4086.76399999999
2013-05-21 07:30:00,4759.80600000002
2013-05-21 08:00:00,4884.055999999995
2013-05-21 08:30:00,4514.895999999997
2013-05-21 09:00:00,3931.6020000000026
2013-05-21 09:30:00,3561.979999999995
2013-05-21 10:00:00,3209.630000000006
2013-05-21 10:30:00,3071.3339999999966
2013-05-21 11:00:00,3028.2999999999956
2013-05-21 11:30:00,2961.8739999999993
2013-05-21 12:00:00,2932.219999999996
2013-05-21 12:30:00,2836.6459999999906
2013-05-21 13:00:00,2835.602000000002
2013-05-21 13:30:00,2795.3180000000034
2013-05-21 14:00:00,2806.1639999999916
2013-05-21 14:30:00,2708.369999999992
2013-05-21 15:00:00,2707.4939999999956
2013-05-21 15:30:00,2872.7960000000066
2013-05-21 16:00:00,3086.779999999997
2013-05-21 16:30:00,3492.3879999999863
2013-05-21 17:00:00,4119.573999999999
2013-05-21 17:30:00,5101.676
2013-05-21 18:00:00,6120.715999999983
2013-05-21 18:30:00,6549.025999999996
2013-05-21 19:00:00,6673.426000000002
2013-05-21 19:30:00,6501.5860000000075
2013-05-21 20:00:00,6243.05200000003
2013-05-21 20:30:00,6191.78199999998
2013-05-21 21:00:00,5869.51999999998
2013-05-21 21:30:00,5545.92400000001
2013-05-21 22:00:00,5210.318000000001
2013-05-21 22:30:00,4593.859999999987
2013-05-21 23:00:00,3997.291999999998
2013-05-21 23:30:00,3428.0540000000037
2013-05-22 00:00:00,3016.0719999999887
2013-05-22 00:30:00,2730.863999999999
2013-05-22 01:00:00,2465.107999999999
2013-05-22 01:30:00,2336.798000000002
2013-05-22 02:00:00,2201.3320000000085
2013-05-22 02:30:00,2108.012000000002
2013-05-22 03:00:00,2067.6060000000043
2013-05-22 03:30:00,2033.2279999999973
2013-05-22 04:00:00,2046.961999999997
2013-05-22 04:30:00,2068.796000000007
2013-05-22 05:00:00,2159.3979999999997
2013-05-22 05:30:00,2402.6300000000047
2013-05-22 06:00:00,2777.055999999995
2013-05-22 06:30:00,3316.065999999996
2013-05-22 07:00:00,3859.0600000000013
2013-05-22 07:30:00,4713.159999999993
2013-05-22 08:00:00,4887.565999999982
2013-05-22 08:30:00,4596.610000000011
2013-05-22 09:00:00,4076.4220000000137
2013-05-22 09:30:00,3624.041999999995
2013-05-22 10:00:00,3503.702000000004
2013-05-22 10:30:00,3326.480000000008
2013-05-22 11:00:00,3281.1239999999934
2013-05-22 11:30:00,3270.007999999989
2013-05-22 12:00:00,3302.002000000005
2013-05-22 12:30:00,3378.662
2013-05-22 13:00:00,3401.844000000003
2013-05-22 13:30:00,3417.844000000006
2013-05-22 14:00:00,3371.356000000004
2013-05-22 14:30:00,3407.3180000000057
2013-05-22 15:00:00,3454.3779999999915
2013-05-22 15:30:00,3649.9099999999985
2013-05-22 16:00:00,4177.4320000000025
2013-05-22 16:30:00,4777.849999999996
2013-05-22 17:00:00,5474.201999999987
2013-05-22 17:30:00,6378.772000000006
2013-05-22 18:00:00,7225.035999999998
2013-05-22 18:30:00,7615.116000000006
2013-05-22 19:00:00,7690.505999999972
2013-05-22 19:30:00,7503.748000000017
2013-05-22 20:00:00,7244.502000000002
2013-05-22 20:30:00,6988.27399999998
2013-05-22 21:00:00,6571.288000000007
2013-05-22 21:30:00,6279.673999999998
2013-05-22 22:00:00,5637.15000000002
2013-05-22 22:30:00,4977.987999999983
2013-05-22 23:00:00,4345.3520000000035
2013-05-22 23:30:00,3760.178
2013-05-23 00:00:00,3277.608000000009
2013-05-23 00:30:00,2903.639999999998
2013-05-23 01:00:00,2649.827999999995
2013-05-23 01:30:00,2454.057999999995
2013-05-23 02:00:00,2367.2739999999962
2013-05-23 02:30:00,2264.716
2013-05-23 03:00:00,2207.3079999999936
2013-05-23 03:30:00,2182.043999999996
2013-05-23 04:00:00,2166.1899999999932
2013-05-23 04:30:00,2210.9179999999988
2013-05-23 05:00:00,2312.795999999998
2013-05-23 05:30:00,2515.0919999999946
2013-05-23 06:00:00,2808.031999999997
2013-05-23 06:30:00,3243.541999999997
2013-05-23 07:00:00,3937.4979999999987
2013-05-23 07:30:00,4807.309999999988
2013-05-23 08:00:00,5159.443999999999
2013-05-23 08:30:00,4909.909999999983
2013-05-23 09:00:00,4408.553999999999
2013-05-23 09:30:00,4154.841999999993
2013-05-23 10:00:00,3955.4640000000086
2013-05-23 10:30:00,3814.8860000000054
2013-05-23 11:00:00,3732.234000000009
2013-05-23 11:30:00,3773.6319999999914
2013-05-23 12:00:00,3733.762000000005
2013-05-23 12:30:00,3753.324000000005
2013-05-23 13:00:00,3868.581999999995
2013-05-23 13:30:00,3884.852000000006
2013-05-23 14:00:00,3850.0740000000005
2013-05-23 14:30:00,3739.968000000002
2013-05-23 15:00:00,3717.852000000004
2013-05-23 15:30:00,3841.2479999999946
2013-05-23 16:00:00,4334.117999999999
2013-05-23 16:30:00,4801.422000000009
2013-05-23 17:00:00,5531.926000000015
2013-05-23 17:30:00,6543.47999999999
2013-05-23 18:00:00,7297.382000000001
2013-05-23 18:30:00,7530.813999999984
2013-05-23 19:00:00,7497.887999999989
2013-05-23 19:30:00,7242.718000000009
2013-05-23 20:00:00,7102.005999999964
2013-05-23 20:30:00,6894.653999999989
2013-05-23 21:00:00,6618.721999999996
2013-05-23 21:30:00,6188.842000000016
2013-05-23 22:00:00,5625.500000000005
2013-05-23 22:30:00,5080.521999999995
2013-05-23 23:00:00,4342.599999999997
2013-05-23 23:30:00,3745.5460000000057
2013-05-24 00:00:00,3322.086000000004
2013-05-24 00:30:00,2920.021999999988
2013-05-24 01:00:00,2660.308000000004
2013-05-24 01:30:00,2462.631999999998
2013-05-24 02:00:00,2366.0839999999985
2013-05-24 02:30:00,2225.460000000004
2013-05-24 03:00:00,2134.297999999992
2013-05-24 03:30:00,2110.2899999999963
2013-05-24 04:00:00,2102.5139999999988
2013-05-24 04:30:00,2100.007999999995
2013-05-24 05:00:00,2181.7799999999934
2013-05-24 05:30:00,2379.2840000000047
2013-05-24 06:00:00,2711.9999999999955
2013-05-24 06:30:00,3224.0799999999936
2013-05-24 07:00:00,3886.5680000000116
2013-05-24 07:30:00,4572.485999999991
2013-05-24 08:00:00,4820.691999999984
2013-05-24 08:30:00,4621.573999999994
2013-05-24 09:00:00,4218.169999999992
2013-05-24 09:30:00,3855.1859999999942
2013-05-24 10:00:00,3667.530000000011
2013-05-24 10:30:00,3524.306000000003
2013-05-24 11:00:00,3318.4419999999873
2013-05-24 11:30:00,3359.4820000000036
2013-05-24 12:00:00,3318.8959999999956
2013-05-24 12:30:00,3327.403999999997
2013-05-24 13:00:00,3273.3380000000097
2013-05-24 13:30:00,3348.951999999997
2013-05-24 14:00:00,3300.314000000003
2013-05-24 14:30:00,3258.7079999999983
2013-05-24 15:00:00,3214.7960000000035
2013-05-24 15:30:00,3225.650000000016
2013-05-24 16:00:00,3476.8600000000047
2013-05-24 16:30:00,3916.1439999999902
2013-05-24 17:00:00,4653.455999999995
2013-05-24 17:30:00,5717.900000000001
2013-05-24 18:00:00,6572.895999999989
2013-05-24 18:30:00,6979.529999999977
2013-05-24 19:00:00,6972.220000000011
2013-05-24 19:30:00,6760.8019999999915
2013-05-24 20:00:00,6476.378000000009
2013-05-24 20:30:00,6186.931999999991
2013-05-24 21:00:00,5893.795999999994
2013-05-24 21:30:00,5624.949999999998
2013-05-24 22:00:00,5280.216000000002
2013-05-24 22:30:00,4831.60000000001
2013-05-24 23:00:00,4377.542000000012
2013-05-24 23:30:00,3860.752000000004
2013-05-25 00:00:00,3436.944000000008
2013-05-25 00:30:00,3066.3239999999937
2013-05-25 01:00:00,2800.56
2013-05-25 01:30:00,2553.9199999999905
2013-05-25 02:00:00,2416.0319999999915
2013-05-25 02:30:00,2257.8799999999956
2013-05-25 03:00:00,2178.5159999999996
2013-05-25 03:30:00,2138.2859999999914
2013-05-25 04:00:00,2087.517999999993
2013-05-25 04:30:00,2092.088000000001
2013-05-25 05:00:00,2117.4299999999903
2013-05-25 05:30:00,2210.8980000000083
2013-05-25 06:00:00,2366.809999999999
2013-05-25 06:30:00,2563.478
2013-05-25 07:00:00,2955.4139999999998
2013-05-25 07:30:00,3427.9100000000117
2013-05-25 08:00:00,3977.5800000000004
2013-05-25 08:30:00,4300.38800000001
2013-05-25 09:00:00,4285.211999999993
2013-05-25 09:30:00,4310.136000000011
2013-05-25 10:00:00,4249.277999999984
2013-05-25 10:30:00,4158.956000000003
2013-05-25 11:00:00,3952.486000000011
2013-05-25 11:30:00,3850.7579999999957
2013-05-25 12:00:00,3753.538000000009
2013-05-25 12:30:00,3694.3320000000053
2013-05-25 13:00:00,3659.978000000002
2013-05-25 13:30:00,3675.6199999999994
2013-05-25 14:00:00,3559.708
2013-05-25 14:30:00,3484.3520000000067
2013-05-25 15:00:00,3526.4840000000027
2013-05-25 15:30:00,3588.192000000009
2013-05-25 16:00:00,3735.5400000000027
2013-05-25 16:30:00,4045.9219999999973
2013-05-25 17:00:00,4672.287999999993
2013-05-25 17:30:00,5733.940000000007
2013-05-25 18:00:00,6414.590000000018
2013-05-25 18:30:00,6538.345999999984
2013-05-25 19:00:00,6470.5039999999835
2013-05-25 19:30:00,6313.2660000000005
2013-05-25 20:00:00,6044.395999999989
2013-05-25 20:30:00,5818.831999999991
2013-05-25 21:00:00,5614.105999999999
2013-05-25 21:30:00,5337.812000000008
2013-05-25 22:00:00,4999.632000000001
2013-05-25 22:30:00,4687.433999999991
2013-05-25 23:00:00,4304.578000000003
2013-05-25 23:30:00,3908.671999999992
2013-05-26 00:00:00,3533.6779999999962
2013-05-26 00:30:00,3158.278000000001
2013-05-26 01:00:00,2881.2760000000007
2013-05-26 01:30:00,2652.9340000000043
2013-05-26 02:00:00,2566.8900000000076
2013-05-26 02:30:00,2418.7399999999966
2013-05-26 03:00:00,2265.7500000000014
2013-05-26 03:30:00,2241.1040000000085
2013-05-26 04:00:00,2236.130000000004
2013-05-26 04:30:00,2202.521999999996
2013-05-26 05:00:00,2178.3860000000022
2013-05-26 05:30:00,2270.425999999997
2013-05-26 06:00:00,2460.194000000008
2013-05-26 06:30:00,2715.7560000000017
2013-05-26 07:00:00,3115.29000000001
2013-05-26 07:30:00,3619.7860000000064
2013-05-26 08:00:00,4074.2100000000096
2013-05-26 08:30:00,4501.833999999998
2013-05-26 09:00:00,4713.533999999996
2013-05-26 09:30:00,4677.886000000001
2013-05-26 10:00:00,4639.182000000014
2013-05-26 10:30:00,4451.740000000014
2013-05-26 11:00:00,4277.792000000005
2013-05-26 11:30:00,4083.4259999999963
2013-05-26 12:00:00,3972.236000000005
2013-05-26 12:30:00,3924.414000000009
2013-05-26 13:00:00,3782.301999999985
2013-05-26 13:30:00,3663.2120000000004
2013-05-26 14:00:00,3596.8919999999925
2013-05-26 14:30:00,3467.1680000000115
2013-05-26 15:00:00,3485.2079999999905
2013-05-26 15:30:00,3651.355999999992
2013-05-26 16:00:00,3916.5159999999973
2013-05-26 16:30:00,4283.370000000002
2013-05-26 17:00:00,4984.837999999975
2013-05-26 17:30:00,6190.4139999999925
2013-05-26 18:00:00,7147.944000000013
2013-05-26 18:30:00,7324.909999999984
2013-05-26 19:00:00,7357.363999999982
2013-05-26 19:30:00,7145.6780000000035
2013-05-26 20:00:00,6865.828000000006
2013-05-26 20:30:00,6698.396000000006
2013-05-26 21:00:00,6354.983999999997
2013-05-26 21:30:00,5944.772000000026
2013-05-26 22:00:00,5545.059999999999
2013-05-26 22:30:00,4995.7680000000055
2013-05-26 23:00:00,4323.11399999999
2013-05-26 23:30:00,3683.303999999993
2013-05-27 00:00:00,3211.136000000002
2013-05-27 00:30:00,2858.302000000003
2013-05-27 01:00:00,2610.167999999996
2013-05-27 01:30:00,2475.058000000011
2013-05-27 02:00:00,2354.788000000001
2013-05-27 02:30:00,2258.838000000005
2013-05-27 03:00:00,2188.3539999999957
2013-05-27 03:30:00,2160.0599999999936
2013-05-27 04:00:00,2181.067999999995
2013-05-27 04:30:00,2214.6139999999978
2013-05-27 05:00:00,2313.8359999999966
2013-05-27 05:30:00,2591.3320000000035
2013-05-27 06:00:00,2945.157999999993
2013-05-27 06:30:00,3433.8300000000063
2013-05-27 07:00:00,4186.981999999989
2013-05-27 07:30:00,5007.723999999989
2013-05-27 08:00:00,5336.91399999999
2013-05-27 08:30:00,5168.468000000003
2013-05-27 09:00:00,4652.770000000004
2013-05-27 09:30:00,4301.148000000003
2013-05-27 10:00:00,4131.813999999994
2013-05-27 10:30:00,4032.6519999999887
2013-05-27 11:00:00,3951.3779999999997
2013-05-27 11:30:00,3858.729999999998
2013-05-27 12:00:00,3898.3499999999995
2013-05-27 12:30:00,3933.868000000005
2013-05-27 13:00:00,3916.789999999998
2013-05-27 13:30:00,3899.6419999999907
2013-05-27 14:00:00,3774.1619999999953
2013-05-27 14:30:00,3680.135999999988
2013-05-27 15:00:00,3644.3519999999976
2013-05-27 15:30:00,3613.742000000005
2013-05-27 16:00:00,3847.2200000000016
2013-05-27 16:30:00,4350.174000000008
2013-05-27 17:00:00,5174.4020000000155
2013-05-27 17:30:00,6634.400000000011
2013-05-27 18:00:00,7430.529999999993
2013-05-27 18:30:00,7852.342000000005
2013-05-27 19:00:00,7963.987999999995
2013-05-27 19:30:00,7778.784000000008
2013-05-27 20:00:00,7444.245999999996
2013-05-27 20:30:00,7071.27999999999
2013-05-27 21:00:00,6644.651999999994
2013-05-27 21:30:00,6197.5159999999905
2013-05-27 22:00:00,5672.939999999997
2013-05-27 22:30:00,5077.057999999999
2013-05-27 23:00:00,4385.8060000000005
2013-05-27 23:30:00,3744.580000000001
2013-05-28 00:00:00,3229.0140000000056
2013-05-28 00:30:00,2847.821999999997
2013-05-28 01:00:00,2570.5979999999936
2013-05-28 01:30:00,2403.6920000000036
2013-05-28 02:00:00,2317.9699999999975
2013-05-28 02:30:00,2216.5880000000056
2013-05-28 03:00:00,2133.1439999999925
2013-05-28 03:30:00,2137.065999999996
2013-05-28 04:00:00,2138.085999999996
2013-05-28 04:30:00,2147.8259999999977
2013-05-28 05:00:00,2239.9580000000055
2013-05-28 05:30:00,2464.2360000000035
2013-05-28 06:00:00,2803.5040000000063
2013-05-28 06:30:00,3284.2540000000017
2013-05-28 07:00:00,3890.2059999999906
2013-05-28 07:30:00,4642.555999999998
2013-05-28 08:00:00,4910.127999999997
2013-05-28 08:30:00,4591.036000000004
2013-05-28 09:00:00,4120.622000000004
2013-05-28 09:30:00,3864.5180000000073
2013-05-28 10:00:00,3749.451999999989
2013-05-28 10:30:00,3601.780000000001
2013-05-28 11:00:00,3431.8180000000066
2013-05-28 11:30:00,3355.794000000005
2013-05-28 12:00:00,3309.959999999998
2013-05-28 12:30:00,3202.2060000000015
2013-05-28 13:00:00,3170.9179999999874
2013-05-28 13:30:00,3099.352000000009
2013-05-28 14:00:00,3203.2379999999953
2013-05-28 14:30:00,3127.87399999999
2013-05-28 15:00:00,3064.481999999996
2013-05-28 15:30:00,3248.700000000009
2013-05-28 16:00:00,3608.9939999999942
2013-05-28 16:30:00,4083.134
2013-05-28 17:00:00,4728.000000000004
2013-05-28 17:30:00,5710.231999999983
2013-05-28 18:00:00,6688.675999999974
2013-05-28 18:30:00,7023.070000000038
2013-05-28 19:00:00,7073.560000000006
2013-05-28 19:30:00,6929.631999999999
2013-05-28 20:00:00,6609.463999999991
2013-05-28 20:30:00,6405.923999999998
2013-05-28 21:00:00,6156.9499999999925
2013-05-28 21:30:00,5824.937999999989
2013-05-28 22:00:00,5383.853999999994
2013-05-28 22:30:00,4743.451999999996
2013-05-28 23:00:00,4129.187999999999
2013-05-28 23:30:00,3606.6359999999895
2013-05-29 00:00:00,3150.161999999989
2013-05-29 00:30:00,2813.1079999999947
2013-05-29 01:00:00,2525.4820000000013
2013-05-29 01:30:00,2355.344000000007
2013-05-29 02:00:00,2249.4719999999984
2013-05-29 02:30:00,2164.3819999999973
2013-05-29 03:00:00,2124.1619999999957
2013-05-29 03:30:00,2068.521999999991
2013-05-29 04:00:00,2053.775999999995
2013-05-29 04:30:00,2119.0119999999915
2013-05-29 05:00:00,2174.674000000002
2013-05-29 05:30:00,2362.4840000000004
2013-05-29 06:00:00,2706.664000000006
2013-05-29 06:30:00,3178.16199999999
2013-05-29 07:00:00,3843.249999999996
2013-05-29 07:30:00,4595.871999999995
2013-05-29 08:00:00,4758.722000000008
2013-05-29 08:30:00,4414.924000000003
2013-05-29 09:00:00,3824.1219999999917
2013-05-29 09:30:00,3525.9259999999936
2013-05-29 10:00:00,3286.9819999999972
2013-05-29 10:30:00,3130.7040000000084
2013-05-29 11:00:00,3078.755999999988
2013-05-29 11:30:00,3016.585999999999
2013-05-29 12:00:00,2954.353999999996
2013-05-29 12:30:00,2946.664000000001
2013-05-29 13:00:00,2880.2680000000028
2013-05-29 13:30:00,2835.74200000001
2013-05-29 14:00:00,2852.781999999999
2013-05-29 14:30:00,2754.743999999993
2013-05-29 15:00:00,2762.5599999999936
2013-05-29 15:30:00,2835.365999999991
2013-05-29 16:00:00,3105.3100000000004
2013-05-29 16:30:00,3521.885999999999
2013-05-29 17:00:00,4136.096000000001
2013-05-29 17:30:00,5186.784000000014
2013-05-29 18:00:00,6065.282000000007
2013-05-29 18:30:00,6592.139999999998
2013-05-29 19:00:00,6659.575999999986
2013-05-29 19:30:00,6495.733999999981
2013-05-29 20:00:00,6363.025999999988
2013-05-29 20:30:00,6143.106000000002
2013-05-29 21:00:00,5929.005999999979
2013-05-29 21:30:00,5565.141999999996
2013-05-29 22:00:00,5162.543999999999
2013-05-29 22:30:00,4621.091999999998
2013-05-29 23:00:00,4028.391999999993
2013-05-29 23:30:00,3462.566000000012
2013-05-30 00:00:00,3118.828000000002
2013-05-30 00:30:00,2797.0859999999984
2013-05-30 01:00:00,2591.362000000002
2013-05-30 01:30:00,2407.6300000000033
2013-05-30 02:00:00,2290.920000000006
2013-05-30 02:30:00,2191.6279999999983
2013-05-30 03:00:00,2125.786000000003
2013-05-30 03:30:00,2092.2020000000007
2013-05-30 04:00:00,2103.218000000002
2013-05-30 04:30:00,2143.4999999999945
2013-05-30 05:00:00,2254.6980000000035
2013-05-30 05:30:00,2446.768000000002
2013-05-30 06:00:00,2752.382000000005
2013-05-30 06:30:00,3267.5319999999997
2013-05-30 07:00:00,3935.5080000000085
2013-05-30 07:30:00,4719.047999999994
2013-05-30 08:00:00,4972.348000000005
2013-05-30 08:30:00,4633.142000000017
2013-05-30 09:00:00,3952.966000000006
2013-05-30 09:30:00,3612.6919999999905
2013-05-30 10:00:00,3376.896000000011
2013-05-30 10:30:00,3198.6479999999883
2013-05-30 11:00:00,3031.676000000002
2013-05-30 11:30:00,2923.4520000000034
2013-05-30 12:00:00,2843.839999999995
2013-05-30 12:30:00,2803.000000000004
2013-05-30 13:00:00,2822.3359999999916
2013-05-30 13:30:00,2748.7800000000034
2013-05-30 14:00:00,2722.373999999996
2013-05-30 14:30:00,2645.285999999996
2013-05-30 15:00:00,2615.6779999999962
2013-05-30 15:30:00,2697.6620000000075
2013-05-30 16:00:00,2962.158000000002
2013-05-30 16:30:00,3348.8559999999975
2013-05-30 17:00:00,3937.913999999998
2013-05-30 17:30:00,4937.329999999994
2013-05-30 18:00:00,5763.605999999992
2013-05-30 18:30:00,6239.434000000003
2013-05-30 19:00:00,6215.765999999985
2013-05-30 19:30:00,6105.041999999993
2013-05-30 20:00:00,6065.216000000016
2013-05-30 20:30:00,5906.426000000015
2013-05-30 21:00:00,5714.607999999981
2013-05-30 21:30:00,5450.050000000006
2013-05-30 22:00:00,5061.928000000028
2013-05-30 22:30:00,4627.844000000007
2013-05-30 23:00:00,3965.525999999991
2013-05-30 23:30:00,3445.291999999997
2013-05-31 00:00:00,3023.0400000000072
2013-05-31 00:30:00,2757.693999999997
2013-05-31 01:00:00,2474.2819999999965
2013-05-31 01:30:00,2347.765999999995
2013-05-31 02:00:00,2259.8299999999963
2013-05-31 02:30:00,2153.3139999999994
2013-05-31 03:00:00,2095.1499999999946
2013-05-31 03:30:00,2028.0999999999951
2013-05-31 04:00:00,2010.7319999999972
2013-05-31 04:30:00,2063.695999999999
2013-05-31 05:00:00,2132.321999999997
2013-05-31 05:30:00,2350.5479999999984
2013-05-31 06:00:00,2683.490000000012
2013-05-31 06:30:00,3244.0319999999974
2013-05-31 07:00:00,3879.3099999999936
2013-05-31 07:30:00,4574.975999999999
2013-05-31 08:00:00,4763.337999999988
2013-05-31 08:30:00,4436.364000000001
2013-05-31 09:00:00,3830.005999999982
2013-05-31 09:30:00,3410.794000000001
2013-05-31 10:00:00,3306.1039999999953
2013-05-31 10:30:00,3066.597999999991
2013-05-31 11:00:00,2957.782000000004
2013-05-31 11:30:00,2861.078000000003
2013-05-31 12:00:00,2876.8420000000065
2013-05-31 12:30:00,2859.8459999999973
2013-05-31 13:00:00,2737.9699999999966
2013-05-31 13:30:00,2719.2739999999926
2013-05-31 14:00:00,2642.705999999997
2013-05-31 14:30:00,2595.048000000002
2013-05-31 15:00:00,2638.246000000009
2013-05-31 15:30:00,2693.1400000000117
2013-05-31 16:00:00,2997.8919999999944
2013-05-31 16:30:00,3299.9420000000096
2013-05-31 17:00:00,3799.176000000001
2013-05-31 17:30:00,4737.115999999996
2013-05-31 18:00:00,5443.93800000001
2013-05-31 18:30:00,5743.727999999983
2013-05-31 19:00:00,5736.153999999988
2013-05-31 19:30:00,5585.876000000008
2013-05-31 20:00:00,5490.468000000018
2013-05-31 20:30:00,5295.889999999997
2013-05-31 21:00:00,5135.996000000012
2013-05-31 21:30:00,4849.022000000008
2013-05-31 22:00:00,4517.023999999989
2013-05-31 22:30:00,4257.19600000001
2013-05-31 23:00:00,3871.012000000007
2013-05-31 23:30:00,3495.264000000001
2013-06-01 00:00:00,3189.7820000000147
2013-06-01 00:30:00,2847.0099999999893
2013-06-01 01:00:00,2575.4539999999984
2013-06-01 01:30:00,2429.668000000004
2013-06-01 02:00:00,2295.5579999999964
2013-06-01 02:30:00,2182.0480000000007
2013-06-01 03:00:00,2105.990000000008
2013-06-01 03:30:00,2025.2719999999954
2013-06-01 04:00:00,2045.303999999997
2013-06-01 04:30:00,2035.7200000000012
2013-06-01 05:00:00,2048.4980000000005
2013-06-01 05:30:00,2139.395999999996
2013-06-01 06:00:00,2264.1919999999973
2013-06-01 06:30:00,2430.4820000000027
2013-06-01 07:00:00,2804.415999999998
2013-06-01 07:30:00,3385.9900000000066
2013-06-01 08:00:00,3745.6200000000013
2013-06-01 08:30:00,4040.756000000006
2013-06-01 09:00:00,4159.274000000014
2013-06-01 09:30:00,4124.713999999993
2013-06-01 10:00:00,3922.399999999999
2013-06-01 10:30:00,3801.8779999999992
2013-06-01 11:00:00,3717.5219999999827
2013-06-01 11:30:00,3680.8980000000042
2013-06-01 12:00:00,3689.56
2013-06-01 12:30:00,3694.8460000000096
2013-06-01 13:00:00,3776.2879999999955
2013-06-01 13:30:00,3735.987999999994
2013-06-01 14:00:00,3615.3899999999917
2013-06-01 14:30:00,3724.650000000012
2013-06-01 15:00:00,3844.852000000003
2013-06-01 15:30:00,4133.170000000011
2013-06-01 16:00:00,4294.447999999995
2013-06-01 16:30:00,4705.179999999996
2013-06-01 17:00:00,5220.358
2013-06-01 17:30:00,5936.77400000001
2013-06-01 18:00:00,6240.098000000002
2013-06-01 18:30:00,6303.0
2013-06-01 19:00:00,6207.751999999984
2013-06-01 19:30:00,5931.025999999995
2013-06-01 20:00:00,5609.071999999989
2013-06-01 20:30:00,5368.203999999989
2013-06-01 21:00:00,5209.5999999999985
2013-06-01 21:30:00,4928.375999999994
2013-06-01 22:00:00,4700.893999999988
2013-06-01 22:30:00,4266.709999999994
2013-06-01 23:00:00,3973.969999999997
2013-06-01 23:30:00,3650.4140000000007
2013-06-02 00:00:00,3322.6159999999977
2013-06-02 00:30:00,2938.3419999999974
2013-06-02 01:00:00,2633.3659999999977
2013-06-02 01:30:00,2449.410000000001
2013-06-02 02:00:00,2304.0520000000033
2013-06-02 02:30:00,2219.548000000008
2013-06-02 03:00:00,2136.7439999999992
2013-06-02 03:30:00,2072.4539999999993
2013-06-02 04:00:00,2018.1259999999975
2013-06-02 04:30:00,2031.9420000000011
2013-06-02 05:00:00,2024.589999999998
2013-06-02 05:30:00,2059.056
2013-06-02 06:00:00,2135.4719999999993
2013-06-02 06:30:00,2291.235999999994
2013-06-02 07:00:00,2556.678
2013-06-02 07:30:00,2906.458000000006
2013-06-02 08:00:00,3441.781999999991
2013-06-02 08:30:00,3916.2920000000076
2013-06-02 09:00:00,4326.024000000008
2013-06-02 09:30:00,4572.634000000007
2013-06-02 10:00:00,4741.502000000001
2013-06-02 10:30:00,4853.013999999994
2013-06-02 11:00:00,4873.967999999994
2013-06-02 11:30:00,4903.1219999999985
2013-06-02 12:00:00,5216.395999999998
2013-06-02 12:30:00,5523.541999999982
2013-06-02 13:00:00,5709.415999999998
2013-06-02 13:30:00,5738.890000000014
2013-06-02 14:00:00,5721.767999999998
2013-06-02 14:30:00,5729.963999999997
2013-06-02 15:00:00,5816.796000000009
2013-06-02 15:30:00,5801.156000000009
2013-06-02 16:00:00,5733.995999999983
2013-06-02 16:30:00,5914.423999999997
2013-06-02 17:00:00,6551.073999999999
2013-06-02 17:30:00,7536.57999999998
2013-06-02 18:00:00,8274.050000000012
2013-06-02 18:30:00,8502.829999999969
2013-06-02 19:00:00,8413.613999999978
2013-06-02 19:30:00,8010.03999999999
2013-06-02 20:00:00,7745.616000000009
2013-06-02 20:30:00,7453.360000000033
2013-06-02 21:00:00,7034.120000000008
2013-06-02 21:30:00,6477.931999999992
2013-06-02 22:00:00,6044.230000000004
2013-06-02 22:30:00,5348.34800000001
2013-06-02 23:00:00,4640.143999999991
2013-06-02 23:30:00,4048.2839999999837
2013-06-03 00:00:00,3438.023999999995
2013-06-03 00:30:00,3086.647999999999
2013-06-03 01:00:00,2746.975999999996
2013-06-03 01:30:00,2569.803999999994
2013-06-03 02:00:00,2424.0179999999973
2013-06-03 02:30:00,2303.9540000000025
2013-06-03 03:00:00,2252.6359999999872
2013-06-03 03:30:00,2221.350000000003
2013-06-03 04:00:00,2208.724000000001
2013-06-03 04:30:00,2270.128000000002
2013-06-03 05:00:00,2322.628
2013-06-03 05:30:00,2556.8899999999976
2013-06-03 06:00:00,2888.3020000000065
2013-06-03 06:30:00,3434.322000000001
2013-06-03 07:00:00,4211.274000000003
2013-06-03 07:30:00,5084.194000000011
2013-06-03 08:00:00,5358.737999999996
2013-06-03 08:30:00,5004.425999999996
2013-06-03 09:00:00,4434.140000000008
2013-06-03 09:30:00,4020.2719999999995
2013-06-03 10:00:00,3777.5999999999976
2013-06-03 10:30:00,3669.730000000007
2013-06-03 11:00:00,3531.6600000000017
2013-06-03 11:30:00,3421.0439999999967
2013-06-03 12:00:00,3418.8519999999985
2013-06-03 12:30:00,3441.5439999999985
2013-06-03 13:00:00,3392.8660000000023
2013-06-03 13:30:00,3355.1760000000054
2013-06-03 14:00:00,3235.5719999999906
2013-06-03 14:30:00,3046.553999999997
2013-06-03 15:00:00,3026.129999999988
2013-06-03 15:30:00,3137.580000000011
2013-06-03 16:00:00,3488.677999999997
2013-06-03 16:30:00,3930.506000000009
2013-06-03 17:00:00,4722.387999999991
2013-06-03 17:30:00,6083.822000000011
2013-06-03 18:00:00,7337.862000000024
2013-06-03 18:30:00,7963.735999999981
2013-06-03 19:00:00,8057.8119999999935
2013-06-03 19:30:00,7928.1060000000225
2013-06-03 20:00:00,7754.250000000002
2013-06-03 20:30:00,7598.190000000028
2013-06-03 21:00:00,7249.0560000000005
2013-06-03 21:30:00,6799.311999999995
2013-06-03 22:00:00,6270.465999999992
2013-06-03 22:30:00,5520.0960000000005
2013-06-03 23:00:00,4721.445999999981
2013-06-03 23:30:00,4140.174000000004
2013-06-04 00:00:00,3523.279999999996
2013-06-04 00:30:00,3140.0660000000025
2013-06-04 01:00:00,2858.695999999996
2013-06-04 01:30:00,2651.1319999999923
2013-06-04 02:00:00,2525.6579999999967
2013-06-04 02:30:00,2436.8859999999936
2013-06-04 03:00:00,2346.599999999998
2013-06-04 03:30:00,2308.2459999999937
2013-06-04 04:00:00,2268.939999999994
2013-06-04 04:30:00,2343.171999999995
2013-06-04 05:00:00,2411.8439999999946
2013-06-04 05:30:00,2696.264000000004
2013-06-04 06:00:00,3085.0399999999945
2013-06-04 06:30:00,3713.158000000014
2013-06-04 07:00:00,4457.380000000006
2013-06-04 07:30:00,5267.560000000013
2013-06-04 08:00:00,5520.672000000005
2013-06-04 08:30:00,5047.033999999995
2013-06-04 09:00:00,4454.231999999997
2013-06-04 09:30:00,3967.65000000001
2013-06-04 10:00:00,3714.658000000004
2013-06-04 10:30:00,3520.1239999999966
2013-06-04 11:00:00,3394.1720000000055
2013-06-04 11:30:00,3307.4060000000045
2013-06-04 12:00:00,3195.0919999999974
2013-06-04 12:30:00,3117.025999999997
2013-06-04 13:00:00,3080.0040000000085
2013-06-04 13:30:00,3001.0559999999987
2013-06-04 14:00:00,3004.253999999997
2013-06-04 14:30:00,2910.43
2013-06-04 15:00:00,2861.533999999999
2013-06-04 15:30:00,2969.531999999993
2013-06-04 16:00:00,3293.436000000004
2013-06-04 16:30:00,3687.6220000000008
2013-06-04 17:00:00,4428.619999999996
2013-06-04 17:30:00,5805.5739999999705
2013-06-04 18:00:00,6869.033999999991
2013-06-04 18:30:00,7433.584000000006
2013-06-04 19:00:00,7539.194000000001
2013-06-04 19:30:00,7394.236000000006
2013-06-04 20:00:00,7175.176000000026
2013-06-04 20:30:00,7130.224000000026
2013-06-04 21:00:00,6856.82999999999
2013-06-04 21:30:00,6403.893999999998
2013-06-04 22:00:00,5989.965999999988
2013-06-04 22:30:00,5306.218000000008
2013-06-04 23:00:00,4544.7059999999865
2013-06-04 23:30:00,3976.0060000000058
2013-06-05 00:00:00,3406.478000000003
2013-06-05 00:30:00,3002.7539999999976
2013-06-05 01:00:00,2726.071999999992
2013-06-05 01:30:00,2589.817999999991
2013-06-05 02:00:00,2450.1940000000054
2013-06-05 02:30:00,2295.0720000000074
2013-06-05 03:00:00,2258.2180000000017
2013-06-05 03:30:00,2203.1119999999873
2013-06-05 04:00:00,2210.6439999999902
2013-06-05 04:30:00,2260.2180000000003
2013-06-05 05:00:00,2370.722000000004
2013-06-05 05:30:00,2635.0759999999955
2013-06-05 06:00:00,3050.252000000004
2013-06-05 06:30:00,3605.5199999999945
2013-06-05 07:00:00,4279.213999999983
2013-06-05 07:30:00,5049.2619999999915
2013-06-05 08:00:00,5376.863999999988
2013-06-05 08:30:00,4992.5439999999935
2013-06-05 09:00:00,4477.083999999996
2013-06-05 09:30:00,4188.943999999999
2013-06-05 10:00:00,3923.778000000005
2013-06-05 10:30:00,3756.0960000000105
2013-06-05 11:00:00,3514.165999999991
2013-06-05 11:30:00,3380.9120000000016
2013-06-05 12:00:00,3277.783999999989
2013-06-05 12:30:00,3147.9920000000084
2013-06-05 13:00:00,3138.903999999996
2013-06-05 13:30:00,3091.853999999986
2013-06-05 14:00:00,3130.1520000000073
2013-06-05 14:30:00,3138.021999999998
2013-06-05 15:00:00,3164.859999999995
2013-06-05 15:30:00,3195.159999999999
2013-06-05 16:00:00,3549.191999999995
2013-06-05 16:30:00,4039.908000000002
2013-06-05 17:00:00,4823.69600000001
2013-06-05 17:30:00,6067.499999999981
2013-06-05 18:00:00,6941.9420000000055
2013-06-05 18:30:00,7392.539999999968
2013-06-05 19:00:00,7517.832000000008
2013-06-05 19:30:00,7386.141999999996
2013-06-05 20:00:00,7248.318000000002
2013-06-05 20:30:00,6998.626000000014
2013-06-05 21:00:00,6671.523999999985
2013-06-05 21:30:00,6362.241999999982
2013-06-05 22:00:00,5918.506000000016
2013-06-05 22:30:00,5327.349999999993
2013-06-05 23:00:00,4593.735999999999
2013-06-05 23:30:00,3913.884000000001
2013-06-06 00:00:00,3471.755999999998
2013-06-06 00:30:00,3071.8999999999855
2013-06-06 01:00:00,2728.8639999999978
2013-06-06 01:30:00,2559.2279999999987
2013-06-06 02:00:00,2429.448000000003
2013-06-06 02:30:00,2302.299999999999
2013-06-06 03:00:00,2230.999999999996
2013-06-06 03:30:00,2188.623999999997
2013-06-06 04:00:00,2180.7640000000047
2013-06-06 04:30:00,2203.276000000003
2013-06-06 05:00:00,2258.177999999998
2013-06-06 05:30:00,2520.186000000008
2013-06-06 06:00:00,2865.7860000000032
2013-06-06 06:30:00,3345.748000000004
2013-06-06 07:00:00,4039.3659999999986
2013-06-06 07:30:00,4791.618
2013-06-06 08:00:00,5021.396000000005
2013-06-06 08:30:00,4669.287999999998
2013-06-06 09:00:00,4106.683999999997
2013-06-06 09:30:00,3709.368000000005
2013-06-06 10:00:00,3425.577999999995
2013-06-06 10:30:00,3284.2640000000024
2013-06-06 11:00:00,3170.6780000000053
2013-06-06 11:30:00,3126.2560000000144
2013-06-06 12:00:00,3154.474000000005
2013-06-06 12:30:00,3206.9379999999987
2013-06-06 13:00:00,3237.608000000001
2013-06-06 13:30:00,3166.2139999999963
2013-06-06 14:00:00,3158.227999999999
2013-06-06 14:30:00,3178.1779999999912
2013-06-06 15:00:00,3297.7439999999974
2013-06-06 15:30:00,3380.4399999999923
2013-06-06 16:00:00,3845.113999999995
2013-06-06 16:30:00,4335.241999999996
2013-06-06 17:00:00,5035.009999999998
2013-06-06 17:30:00,5936.035999999971
2013-06-06 18:00:00,6719.042000000004
2013-06-06 18:30:00,6928.7720000000045
2013-06-06 19:00:00,7008.780000000005
2013-06-06 19:30:00,6880.245999999999
2013-06-06 20:00:00,6674.218000000009
2013-06-06 20:30:00,6593.860000000023
2013-06-06 21:00:00,6256.4600000000055
2013-06-06 21:30:00,5807.611999999977
2013-06-06 22:00:00,5393.631999999994
2013-06-06 22:30:00,4907.74000000002
2013-06-06 23:00:00,4255.215999999999
2013-06-06 23:30:00,3642.383999999994
2013-06-07 00:00:00,3172.408000000004
2013-06-07 00:30:00,2835.9640000000054
2013-06-07 01:00:00,2579.480000000002
2013-06-07 01:30:00,2397.3360000000057
2013-06-07 02:00:00,2283.7079999999974
2013-06-07 02:30:00,2182.745999999996
2013-06-07 03:00:00,2130.018000000006
2013-06-07 03:30:00,2070.1840000000084
2013-06-07 04:00:00,2034.3059999999953
2013-06-07 04:30:00,2065.833999999997
2013-06-07 05:00:00,2122.6779999999976
2013-06-07 05:30:00,2320.6919999999936
2013-06-07 06:00:00,2594.3139999999958
2013-06-07 06:30:00,2993.943999999996
2013-06-07 07:00:00,3544.814000000001
2013-06-07 07:30:00,4193.788000000011
2013-06-07 08:00:00,4479.690000000004
2013-06-07 08:30:00,4299.56
2013-06-07 09:00:00,3926.786000000002
2013-06-07 09:30:00,3752.004000000001
2013-06-07 10:00:00,3617.2300000000046
2013-06-07 10:30:00,3415.6600000000003
2013-06-07 11:00:00,3287.967999999995
2013-06-07 11:30:00,3218.3479999999954
2013-06-07 12:00:00,3241.371999999993
2013-06-07 12:30:00,3164.501999999996
2013-06-07 13:00:00,3066.728000000001
2013-06-07 13:30:00,3116.1259999999993
2013-06-07 14:00:00,3025.2399999999984
2013-06-07 14:30:00,2974.4560000000024
2013-06-07 15:00:00,2941.8680000000054
2013-06-07 15:30:00,2895.2460000000015
2013-06-07 16:00:00,3196.6820000000052
2013-06-07 16:30:00,3571.1339999999977
2013-06-07 17:00:00,4084.8179999999943
2013-06-07 17:30:00,4921.126000000006
2013-06-07 18:00:00,5484.05000000001
2013-06-07 18:30:00,5878.895999999995
2013-06-07 19:00:00,5858.08399999999
2013-06-07 19:30:00,5701.959999999994
2013-06-07 20:00:00,5584.868000000011
2013-06-07 20:30:00,5462.389999999998
2013-06-07 21:00:00,5357.442000000011
2013-06-07 21:30:00,5085.462000000004
2013-06-07 22:00:00,4787.022
2013-06-07 22:30:00,4454.252000000008
2013-06-07 23:00:00,4080.4580000000055
2013-06-07 23:30:00,3678.700000000011
2013-06-08 00:00:00,3350.0879999999947
2013-06-08 00:30:00,3028.7020000000066
2013-06-08 01:00:00,2772.7060000000033
2013-06-08 01:30:00,2523.9320000000075
2013-06-08 02:00:00,2353.92
2013-06-08 02:30:00,2237.291999999993
2013-06-08 03:00:00,2183.1700000000014
2013-06-08 03:30:00,2129.7620000000015
2013-06-08 04:00:00,2112.3379999999997
2013-06-08 04:30:00,2080.5900000000015
2013-06-08 05:00:00,2078.9979999999982
2013-06-08 05:30:00,2140.6300000000006
2013-06-08 06:00:00,2326.802
2013-06-08 06:30:00,2494.0020000000027
2013-06-08 07:00:00,2791.5620000000044
2013-06-08 07:30:00,3282.961999999995
2013-06-08 08:00:00,3697.745999999994
2013-06-08 08:30:00,4073.648000000007
2013-06-08 09:00:00,4150.3880000000045
2013-06-08 09:30:00,4204.435999999997
2013-06-08 10:00:00,4235.681999999999
2013-06-08 10:30:00,4244.656000000005
2013-06-08 11:00:00,4128.390000000001
2013-06-08 11:30:00,4063.9620000000054
2013-06-08 12:00:00,3970.9320000000043
2013-06-08 12:30:00,3954.767999999991
2013-06-08 13:00:00,3959.6700000000014
2013-06-08 13:30:00,3976.0180000000073
2013-06-08 14:00:00,3972.7300000000037
2013-06-08 14:30:00,3986.145999999989
2013-06-08 15:00:00,3920.012000000002
2013-06-08 15:30:00,4019.299999999984
2013-06-08 16:00:00,4277.918000000002
2013-06-08 16:30:00,4573.779999999996
2013-06-08 17:00:00,5149.303999999991
2013-06-08 17:30:00,5843.537999999998
2013-06-08 18:00:00,6377.059999999995
2013-06-08 18:30:00,6390.258000000003
2013-06-08 19:00:00,6287.920000000026
2013-06-08 19:30:00,6080.767999999986
2013-06-08 20:00:00,5803.074000000001
2013-06-08 20:30:00,5548.412000000006
2013-06-08 21:00:00,5382.337999999987
2013-06-08 21:30:00,5124.995999999997
2013-06-08 22:00:00,4821.317999999991
2013-06-08 22:30:00,4579.54599999999
2013-06-08 23:00:00,4171.71199999999
2013-06-08 23:30:00,3747.8019999999988
2013-06-09 00:00:00,3395.0999999999935
2013-06-09 00:30:00,3087.1459999999984
2013-06-09 01:00:00,2839.347999999997
2013-06-09 01:30:00,2636.3800000000047
2013-06-09 02:00:00,2471.926
2013-06-09 02:30:00,2311.0839999999976
2013-06-09 03:00:00,2256.8559999999984
2013-06-09 03:30:00,2166.1039999999894
2013-06-09 04:00:00,2096.8920000000016
2013-06-09 04:30:00,2111.6099999999938
2013-06-09 05:00:00,2143.4260000000027
2013-06-09 05:30:00,2155.700000000003
2013-06-09 06:00:00,2310.7460000000015
2013-06-09 06:30:00,2531.502
2013-06-09 07:00:00,2784.4040000000123
2013-06-09 07:30:00,3168.3320000000026
2013-06-09 08:00:00,3660.2380000000076
2013-06-09 08:30:00,4081.762000000011
2013-06-09 09:00:00,4206.897999999994
2013-06-09 09:30:00,4268.103999999994
2013-06-09 10:00:00,4167.186000000003
2013-06-09 10:30:00,4072.4959999999955
2013-06-09 11:00:00,3961.5879999999897
2013-06-09 11:30:00,3830.457999999992
2013-06-09 12:00:00,3809.342000000014
2013-06-09 12:30:00,3707.853999999998
2013-06-09 13:00:00,3655.1980000000012
2013-06-09 13:30:00,3574.547999999997
2013-06-09 14:00:00,3529.554000000008
2013-06-09 14:30:00,3407.8879999999926
2013-06-09 15:00:00,3434.212000000007
2013-06-09 15:30:00,3469.5740000000064
2013-06-09 16:00:00,3717.3300000000013
2013-06-09 16:30:00,4015.540000000001
2013-06-09 17:00:00,4638.038000000029
2013-06-09 17:30:00,5403.572000000011
2013-06-09 18:00:00,6059.540000000003
2013-06-09 18:30:00,6355.662000000012
2013-06-09 19:00:00,6283.282000000004
2013-06-09 19:30:00,6112.790000000012
2013-06-09 20:00:00,5907.405999999988
2013-06-09 20:30:00,5677.641999999993
2013-06-09 21:00:00,5496.44799999999
2013-06-09 21:30:00,5367.866000000002
2013-06-09 22:00:00,5131.76800000001
2013-06-09 22:30:00,4776.3619999999955
2013-06-09 23:00:00,4348.027999999991
2013-06-09 23:30:00,3877.142
2013-06-10 00:00:00,3373.771999999996
2013-06-10 00:30:00,3047.1800000000035
2013-06-10 01:00:00,2842.649999999994
2013-06-10 01:30:00,2614.1799999999844
2013-06-10 02:00:00,2435.138
2013-06-10 02:30:00,2327.3099999999954
2013-06-10 03:00:00,2242.7600000000043
2013-06-10 03:30:00,2169.8619999999946
2013-06-10 04:00:00,2165.4699999999957
2013-06-10 04:30:00,2150.703999999993
2013-06-10 05:00:00,2144.564000000004
2013-06-10 05:30:00,2230.031999999996
2013-06-10 06:00:00,2358.173999999996
2013-06-10 06:30:00,2510.0539999999974
2013-06-10 07:00:00,2843.113999999998
2013-06-10 07:30:00,3206.1060000000016
2013-06-10 08:00:00,3742.195999999998
2013-06-10 08:30:00,4132.522000000004
2013-06-10 09:00:00,4423.6500000000015
2013-06-10 09:30:00,4477.585999999995
2013-06-10 10:00:00,4417.456000000012
2013-06-10 10:30:00,4285.541999999998
2013-06-10 11:00:00,4208.219999999996
2013-06-10 11:30:00,4086.8279999999995
2013-06-10 12:00:00,4046.6939999999895
2013-06-10 12:30:00,4071.900000000001
2013-06-10 13:00:00,3920.087999999996
2013-06-10 13:30:00,3893.721999999985
2013-06-10 14:00:00,4057.255999999987
2013-06-10 14:30:00,4202.84599999999
2013-06-10 15:00:00,4387.208000000007
2013-06-10 15:30:00,4746.594000000003
2013-06-10 16:00:00,5095.856000000001
2013-06-10 16:30:00,5475.5860000000075
2013-06-10 17:00:00,5935.977999999991
2013-06-10 17:30:00,6778.889999999999
2013-06-10 18:00:00,7458.826000000009
2013-06-10 18:30:00,7639.403999999987
2013-06-10 19:00:00,7459.082000000002
2013-06-10 19:30:00,7202.266000000014
2013-06-10 20:00:00,6866.531999999989
2013-06-10 20:30:00,6641.306
2013-06-10 21:00:00,6279.48199999998
2013-06-10 21:30:00,5961.319999999994
2013-06-10 22:00:00,5424.01800000001
2013-06-10 22:30:00,4880.56799999998
2013-06-10 23:00:00,4232.149999999999
2013-06-10 23:30:00,3621.3299999999995
2013-06-11 00:00:00,3139.6220000000085
2013-06-11 00:30:00,2817.4080000000035
2013-06-11 01:00:00,2579.540000000019
2013-06-11 01:30:00,2428.3179999999998
2013-06-11 02:00:00,2364.5599999999963
2013-06-11 02:30:00,2222.476000000002
2013-06-11 03:00:00,2160.9139999999993
2013-06-11 03:30:00,2115.332
2013-06-11 04:00:00,2083.5879999999934
2013-06-11 04:30:00,2127.0579999999927
2013-06-11 05:00:00,2222.954000000006
2013-06-11 05:30:00,2449.769999999999
2013-06-11 06:00:00,2842.1040000000016
2013-06-11 06:30:00,3388.6500000000096
2013-06-11 07:00:00,4130.018
2013-06-11 07:30:00,4929.040000000004
2013-06-11 08:00:00,5052.502000000005
2013-06-11 08:30:00,4652.6019999999935
2013-06-11 09:00:00,4069.0399999999972
2013-06-11 09:30:00,3649.578000000017
2013-06-11 10:00:00,3450.943999999989
2013-06-11 10:30:00,3305.26800000001
2013-06-11 11:00:00,3155.9740000000043
2013-06-11 11:30:00,3026.9839999999917
2013-06-11 12:00:00,2985.4760000000088
2013-06-11 12:30:00,3006.4000000000024
2013-06-11 13:00:00,2994.330000000002
2013-06-11 13:30:00,2889.4519999999975
2013-06-11 14:00:00,2858.6120000000046
2013-06-11 14:30:00,2861.0980000000054
2013-06-11 15:00:00,2828.689999999994
2013-06-11 15:30:00,2946.359999999996
2013-06-11 16:00:00,3189.140000000002
2013-06-11 16:30:00,3638.8639999999828
2013-06-11 17:00:00,4263.281999999991
2013-06-11 17:30:00,5535.232000000008
2013-06-11 18:00:00,6509.532000000009
2013-06-11 18:30:00,6931.228000000016
2013-06-11 19:00:00,7070.718000000006
2013-06-11 19:30:00,6936.814000000005
2013-06-11 20:00:00,6844.609999999993
2013-06-11 20:30:00,6604.531999999992
2013-06-11 21:00:00,6339.2859999999955
2013-06-11 21:30:00,5966.766000000023
2013-06-11 22:00:00,5534.117999999999
2013-06-11 22:30:00,4982.688000000003
2013-06-11 23:00:00,4369.632000000005
2013-06-11 23:30:00,3752.8520000000167
2013-06-12 00:00:00,3274.7259999999924
2013-06-12 00:30:00,2904.9700000000075
2013-06-12 01:00:00,2634.1700000000064
2013-06-12 01:30:00,2448.6740000000004
2013-06-12 02:00:00,2327.0940000000055
2013-06-12 02:30:00,2255.984
2013-06-12 03:00:00,2185.0799999999986
2013-06-12 03:30:00,2154.3099999999986
2013-06-12 04:00:00,2136.7719999999895
2013-06-12 04:30:00,2160.5259999999976
2013-06-12 05:00:00,2242.115999999997
2013-06-12 05:30:00,2500.8319999999967
2013-06-12 06:00:00,2910.867999999988
2013-06-12 06:30:00,3449.1100000000056
2013-06-12 07:00:00,4149.591999999991
2013-06-12 07:30:00,4878.819999999988
2013-06-12 08:00:00,5206.1279999999815
2013-06-12 08:30:00,4833.96400000002
2013-06-12 09:00:00,4344.024000000001
2013-06-12 09:30:00,3957.087999999991
2013-06-12 10:00:00,3737.0779999999977
2013-06-12 10:30:00,3653.3200000000033
2013-06-12 11:00:00,3587.585999999995
2013-06-12 11:30:00,3521.9019999999855
2013-06-12 12:00:00,3665.8299999999967
2013-06-12 12:30:00,4009.3140000000008
2013-06-12 13:00:00,4084.653999999983
2013-06-12 13:30:00,4024.871999999997
2013-06-12 14:00:00,4043.713999999999
2013-06-12 14:30:00,4061.583999999986
2013-06-12 15:00:00,4033.9699999999943
2013-06-12 15:30:00,4166.121999999998
2013-06-12 16:00:00,4531.443999999988
2013-06-12 16:30:00,4727.919999999995
2013-06-12 17:00:00,5386.601999999984
2013-06-12 17:30:00,6598.801999999993
2013-06-12 18:00:00,7586.0259999999935
2013-06-12 18:30:00,7999.916000000036
2013-06-12 19:00:00,8004.729999999995
2013-06-12 19:30:00,7809.966000000012
2013-06-12 20:00:00,7570.3679999999895
2013-06-12 20:30:00,7268.55599999998
2013-06-12 21:00:00,6852.567999999993
2013-06-12 21:30:00,6400.835999999999
2013-06-12 22:00:00,5810.102000000015
2013-06-12 22:30:00,5122.298000000017
2013-06-12 23:00:00,4492.1979999999885
2013-06-12 23:30:00,3869.163999999995
2013-06-13 00:00:00,3403.6459999999893
2013-06-13 00:30:00,3082.0679999999984
2013-06-13 01:00:00,2797.3299999999967
2013-06-13 01:30:00,2586.4519999999993
2013-06-13 02:00:00,2432.5840000000007
2013-06-13 02:30:00,2347.0020000000004
2013-06-13 03:00:00,2288.2480000000037
2013-06-13 03:30:00,2236.477999999992
2013-06-13 04:00:00,2206.1119999999955
2013-06-13 04:30:00,2262.3299999999967
2013-06-13 05:00:00,2370.515999999996
2013-06-13 05:30:00,2528.3120000000094
2013-06-13 06:00:00,2922.619999999998
2013-06-13 06:30:00,3440.6559999999886
2013-06-13 07:00:00,4167.438000000002
2013-06-13 07:30:00,4995.691999999999
2013-06-13 08:00:00,5108.971999999987
2013-06-13 08:30:00,4781.69399999999
2013-06-13 09:00:00,4137.575999999987
2013-06-13 09:30:00,3718.5320000000033
2013-06-13 10:00:00,3548.498000000001
2013-06-13 10:30:00,3256.5100000000016
2013-06-13 11:00:00,3199.592
2013-06-13 11:30:00,3174.4799999999873
2013-06-13 12:00:00,3089.4859999999962
2013-06-13 12:30:00,3088.8440000000064
2013-06-13 13:00:00,3057.2980000000034
2013-06-13 13:30:00,3034.2279999999937
2013-06-13 14:00:00,3021.1359999999963
2013-06-13 14:30:00,2988.057999999997
2013-06-13 15:00:00,2953.727999999997
2013-06-13 15:30:00,3069.497999999999
2013-06-13 16:00:00,3415.329999999992
2013-06-13 16:30:00,3830.556000000001
2013-06-13 17:00:00,4560.048000000005
2013-06-13 17:30:00,5643.983999999983
2013-06-13 18:00:00,6564.663999999996
2013-06-13 18:30:00,6996.622000000028
2013-06-13 19:00:00,7177.504000000014
2013-06-13 19:30:00,7081.1339999999855
2013-06-13 20:00:00,6920.570000000005
2013-06-13 20:30:00,6822.472000000002
2013-06-13 21:00:00,6635.625999999999
2013-06-13 21:30:00,6268.7519999999995
2013-06-13 22:00:00,5705.6039999999975
2013-06-13 22:30:00,5023.569999999992
2013-06-13 23:00:00,4507.162000000007
2013-06-13 23:30:00,3872.889999999996
2013-06-14 00:00:00,3405.2719999999986
2013-06-14 00:30:00,2998.0439999999994
2013-06-14 01:00:00,2725.4619999999973
2013-06-14 01:30:00,2519.838000000003
2013-06-14 02:00:00,2412.353999999994
2013-06-14 02:30:00,2303.618000000001
2013-06-14 03:00:00,2265.0659999999953
2013-06-14 03:30:00,2230.297999999992
2013-06-14 04:00:00,2181.906
2013-06-14 04:30:00,2193.7460000000005
2013-06-14 05:00:00,2281.3919999999953
2013-06-14 05:30:00,2529.3320000000017
2013-06-14 06:00:00,2892.7240000000024
2013-06-14 06:30:00,3462.0759999999927
2013-06-14 07:00:00,4046.368000000005
2013-06-14 07:30:00,4901.163999999998
2013-06-14 08:00:00,5048.753999999998
2013-06-14 08:30:00,4668.508000000002
2013-06-14 09:00:00,4151.341999999999
2013-06-14 09:30:00,3797.6019999999994
2013-06-14 10:00:00,3535.589999999988
2013-06-14 10:30:00,3378.1639999999975
2013-06-14 11:00:00,3267.6799999999985
2013-06-14 11:30:00,3206.0440000000026
2013-06-14 12:00:00,3163.467999999988
2013-06-14 12:30:00,3169.9079999999913
2013-06-14 13:00:00,3092.4680000000017
2013-06-14 13:30:00,3165.4620000000036
2013-06-14 14:00:00,3042.5580000000064
2013-06-14 14:30:00,3025.432000000003
2013-06-14 15:00:00,3097.602000000005
2013-06-14 15:30:00,3288.122000000002
2013-06-14 16:00:00,3598.9180000000006
2013-06-14 16:30:00,4040.93
2013-06-14 17:00:00,4783.596000000012
2013-06-14 17:30:00,5875.105999999982
2013-06-14 18:00:00,6818.232000000014
2013-06-14 18:30:00,7190.5339999999915
2013-06-14 19:00:00,7212.493999999991
2013-06-14 19:30:00,6963.619999999989
2013-06-14 20:00:00,6800.886000000009
2013-06-14 20:30:00,6580.929999999995
2013-06-14 21:00:00,6359.552
2013-06-14 21:30:00,6135.32399999999
2013-06-14 22:00:00,5733.712000000014
2013-06-14 22:30:00,5297.295999999978
2013-06-14 23:00:00,4790.822000000005
2013-06-14 23:30:00,4176.508000000015
2013-06-15 00:00:00,3670.363999999991
2013-06-15 00:30:00,3253.0720000000056
2013-06-15 01:00:00,2978.8340000000057
2013-06-15 01:30:00,2737.4159999999947
2013-06-15 02:00:00,2537.8540000000003
2013-06-15 02:30:00,2433.868
2013-06-15 03:00:00,2327.522000000006
2013-06-15 03:30:00,2265.5239999999976
2013-06-15 04:00:00,2233.315999999996
2013-06-15 04:30:00,2227.8559999999943
2013-06-15 05:00:00,2285.7919999999926
2013-06-15 05:30:00,2393.868000000004
2013-06-15 06:00:00,2544.9120000000107
2013-06-15 06:30:00,2757.4779999999996
2013-06-15 07:00:00,3076.4340000000047
2013-06-15 07:30:00,3655.877999999998
2013-06-15 08:00:00,4166.861999999995
2013-06-15 08:30:00,4565.6939999999995
2013-06-15 09:00:00,4579.633999999999
2013-06-15 09:30:00,4446.999999999995
2013-06-15 10:00:00,4321.786000000009
2013-06-15 10:30:00,4131.502000000002
2013-06-15 11:00:00,4020.454000000008
2013-06-15 11:30:00,3831.5099999999998
2013-06-15 12:00:00,3786.873999999992
2013-06-15 12:30:00,3822.6800000000144
2013-06-15 13:00:00,3804.5119999999924
2013-06-15 13:30:00,3858.254
2013-06-15 14:00:00,3845.7439999999942
2013-06-15 14:30:00,3901.46400000001
2013-06-15 15:00:00,4064.1300000000006
2013-06-15 15:30:00,4223.552000000006
2013-06-15 16:00:00,4483.344000000002
2013-06-15 16:30:00,4779.754000000002
2013-06-15 17:00:00,5384.154000000003
2013-06-15 17:30:00,6298.450000000029
2013-06-15 18:00:00,6867.164000000003
2013-06-15 18:30:00,7063.439999999984
2013-06-15 19:00:00,7031.9379999999865
2013-06-15 19:30:00,6732.026000000011
2013-06-15 20:00:00,6418.090000000029
2013-06-15 20:30:00,6126.044000000013
2013-06-15 21:00:00,5906.919999999998
2013-06-15 21:30:00,5589.932000000006
2013-06-15 22:00:00,5236.027999999993
2013-06-15 22:30:00,4869.936000000007
2013-06-15 23:00:00,4463.49600000003
2013-06-15 23:30:00,4001.918000000001
2013-06-16 00:00:00,3653.903999999996
2013-06-16 00:30:00,3283.2339999999913
2013-06-16 01:00:00,2980.931999999991
2013-06-16 01:30:00,2806.6719999999964
2013-06-16 02:00:00,2624.6719999999896
2013-06-16 02:30:00,2482.4079999999954
2013-06-16 03:00:00,2383.0379999999977
2013-06-16 03:30:00,2336.825999999997
2013-06-16 04:00:00,2286.495999999998
2013-06-16 04:30:00,2253.4320000000002
2013-06-16 05:00:00,2237.0700000000006
2013-06-16 05:30:00,2348.1020000000026
2013-06-16 06:00:00,2511.7000000000016
2013-06-16 06:30:00,2710.3400000000033
2013-06-16 07:00:00,3041.9380000000033
2013-06-16 07:30:00,3541.204000000002
2013-06-16 08:00:00,4080.5560000000014
2013-06-16 08:30:00,4443.3600000000115
2013-06-16 09:00:00,4628.446000000024
2013-06-16 09:30:00,4732.732
2013-06-16 10:00:00,4700.362000000012
2013-06-16 10:30:00,4515.342000000014
2013-06-16 11:00:00,4403.516000000004
2013-06-16 11:30:00,4260.060000000004
2013-06-16 12:00:00,4174.147999999997
2013-06-16 12:30:00,4133.250000000003
2013-06-16 13:00:00,4061.5759999999987
2013-06-16 13:30:00,3994.2400000000043
2013-06-16 14:00:00,3997.8899999999953
2013-06-16 14:30:00,3976.528000000006
2013-06-16 15:00:00,3956.3599999999988
2013-06-16 15:30:00,4109.8600000000015
2013-06-16 16:00:00,4433.684000000013
2013-06-16 16:30:00,4918.241999999995
2013-06-16 17:00:00,5668.639999999995
2013-06-16 17:30:00,6989.296
2013-06-16 18:00:00,7930.462000000015
2013-06-16 18:30:00,8246.015999999983
2013-06-16 19:00:00,8171.689999999993
2013-06-16 19:30:00,8011.752000000012
2013-06-16 20:00:00,7808.042000000007
2013-06-16 20:30:00,7577.3020000000015
2013-06-16 21:00:00,7266.775999999995
2013-06-16 21:30:00,6741.905999999978
2013-06-16 22:00:00,6105.954000000018
2013-06-16 22:30:00,5423.509999999989
2013-06-16 23:00:00,4666.463999999994
2013-06-16 23:30:00,4001.282
2013-06-17 00:00:00,3548.83199999999
2013-06-17 00:30:00,3150.832000000009
2013-06-17 01:00:00,2845.705999999992
2013-06-17 01:30:00,2683.08999999999
2013-06-17 02:00:00,2529.019999999991
2013-06-17 02:30:00,2454.787999999995
2013-06-17 03:00:00,2421.688000000007
2013-06-17 03:30:00,2368.6339999999936
2013-06-17 04:00:00,2370.606
2013-06-17 04:30:00,2393.4679999999953
2013-06-17 05:00:00,2520.155999999999
2013-06-17 05:30:00,2804.923999999991
2013-06-17 06:00:00,3203.804000000018
2013-06-17 06:30:00,3852.5339999999965
2013-06-17 07:00:00,4687.3060000000005
2013-06-17 07:30:00,5583.566
2013-06-17 08:00:00,5783.339999999998
2013-06-17 08:30:00,5393.552000000005
2013-06-17 09:00:00,4741.767999999997
2013-06-17 09:30:00,4425.700000000023
2013-06-17 10:00:00,4173.061999999998
2013-06-17 10:30:00,3970.118000000007
2013-06-17 11:00:00,3804.1220000000035
2013-06-17 11:30:00,3650.390000000005
2013-06-17 12:00:00,3665.6419999999985
2013-06-17 12:30:00,3623.040000000001
2013-06-17 13:00:00,3605.251999999995
2013-06-17 13:30:00,3647.568000000002
2013-06-17 14:00:00,3656.847999999995
2013-06-17 14:30:00,3653.533999999994
2013-06-17 15:00:00,3685.846000000002
2013-06-17 15:30:00,3770.8060000000005
2013-06-17 16:00:00,4263.507999999994
2013-06-17 16:30:00,4828.312000000007
2013-06-17 17:00:00,5717.490000000004
2013-06-17 17:30:00,6943.2760000000035
2013-06-17 18:00:00,7925.312000000004
2013-06-17 18:30:00,8391.995999999986
2013-06-17 19:00:00,8423.552000000001
2013-06-17 19:30:00,8173.449999999991
2013-06-17 20:00:00,7929.70799999999
2013-06-17 20:30:00,7735.23200000001
2013-06-17 21:00:00,7404.76200000001
2013-06-17 21:30:00,7069.0599999999795
2013-06-17 22:00:00,6485.584000000003
2013-06-17 22:30:00,5812.1359999999895
2013-06-17 23:00:00,4975.512000000007
2013-06-17 23:30:00,4240.411999999998
2013-06-18 00:00:00,3650.990000000008
2013-06-18 00:30:00,3234.7919999999995
2013-06-18 01:00:00,2922.137999999999
2013-06-18 01:30:00,2760.718000000004
2013-06-18 02:00:00,2580.7759999999994
2013-06-18 02:30:00,2489.9459999999976
2013-06-18 03:00:00,2417.482000000006
2013-06-18 03:30:00,2365.4639999999927
2013-06-18 04:00:00,2373.4119999999953
2013-06-18 04:30:00,2422.6160000000077
2013-06-18 05:00:00,2543.983999999994
2013-06-18 05:30:00,2752.3900000000012
2013-06-18 06:00:00,3186.1519999999873
2013-06-18 06:30:00,3821.3600000000056
2013-06-18 07:00:00,4654.518000000008
2013-06-18 07:30:00,5506.215999999985
2013-06-18 08:00:00,5689.516000000004
2013-06-18 08:30:00,5263.446000000018
2013-06-18 09:00:00,4576.667999999993
2013-06-18 09:30:00,4171.9
2013-06-18 10:00:00,3808.0719999999924
2013-06-18 10:30:00,3586.487999999993
2013-06-18 11:00:00,3407.8659999999877
2013-06-18 11:30:00,3254.5420000000076
2013-06-18 12:00:00,3190.528000000005
2013-06-18 12:30:00,3144.244000000003
2013-06-18 13:00:00,3180.216
2013-06-18 13:30:00,3126.771999999998
2013-06-18 14:00:00,3059.0640000000058
2013-06-18 14:30:00,3000.0539999999946
2013-06-18 15:00:00,3028.137999999997
2013-06-18 15:30:00,3166.3459999999955
2013-06-18 16:00:00,3560.7460000000024
2013-06-18 16:30:00,4101.818000000008
2013-06-18 17:00:00,5071.985999999976
2013-06-18 17:30:00,6608.413999999996
2013-06-18 18:00:00,7605.727999999989
2013-06-18 18:30:00,8069.999999999994
2013-06-18 19:00:00,8248.00999999999
2013-06-18 19:30:00,8082.113999999986
2013-06-18 20:00:00,8003.232000000012
2013-06-18 20:30:00,7814.726000000027
2013-06-18 21:00:00,7448.567999999999
2013-06-18 21:30:00,6986.29199999997
2013-06-18 22:00:00,6498.930000000002
2013-06-18 22:30:00,5804.551999999983
2013-06-18 23:00:00,5012.492000000015
2013-06-18 23:30:00,4216.495999999998
2013-06-19 00:00:00,3575.949999999988
2013-06-19 00:30:00,3241.891999999998
2013-06-19 01:00:00,2925.937999999998
2013-06-19 01:30:00,2746.4300000000017
2013-06-19 02:00:00,2595.934000000007
2013-06-19 02:30:00,2458.918000000001
2013-06-19 03:00:00,2385.3919999999985
2013-06-19 03:30:00,2335.7040000000034
2013-06-19 04:00:00,2348.4359999999992
2013-06-19 04:30:00,2386.4300000000017
2013-06-19 05:00:00,2481.795999999994
2013-06-19 05:30:00,2766.0299999999925
2013-06-19 06:00:00,3229.367999999998
2013-06-19 06:30:00,3819.47999999999
2013-06-19 07:00:00,4548.883999999996
2013-06-19 07:30:00,5386.746000000011
2013-06-19 08:00:00,5754.900000000003
2013-06-19 08:30:00,5399.901999999986
2013-06-19 09:00:00,4882.813999999976
2013-06-19 09:30:00,4433.482000000013
2013-06-19 10:00:00,4198.648000000003
2013-06-19 10:30:00,4070.6840000000066
2013-06-19 11:00:00,4008.3959999999943
2013-06-19 11:30:00,3790.0459999999925
2013-06-19 12:00:00,3706.151999999992
2013-06-19 12:30:00,3667.4399999999882
2013-06-19 13:00:00,3716.9560000000047
2013-06-19 13:30:00,3658.824000000003
2013-06-19 14:00:00,3642.293999999991
2013-06-19 14:30:00,3639.788000000005
2013-06-19 15:00:00,3751.4579999999964
2013-06-19 15:30:00,3931.906000000012
2013-06-19 16:00:00,4457.751999999986
2013-06-19 16:30:00,5028.622000000006
2013-06-19 17:00:00,5973.8720000000085
2013-06-19 17:30:00,7255.600000000006
2013-06-19 18:00:00,8172.618000000002
2013-06-19 18:30:00,8638.764000000005
2013-06-19 19:00:00,8738.960000000005
2013-06-19 19:30:00,8442.469999999985
2013-06-19 20:00:00,8299.001999999986
2013-06-19 20:30:00,8032.5700000000115
2013-06-19 21:00:00,7826.516000000014
2013-06-19 21:30:00,7364.161999999994
2013-06-19 22:00:00,6600.498000000012
2013-06-19 22:30:00,5792.143999999996
2013-06-19 23:00:00,5045.938000000002
2013-06-19 23:30:00,4341.754000000005
2013-06-20 00:00:00,3780.197999999995
2013-06-20 00:30:00,3379.116000000003
2013-06-20 01:00:00,3061.733999999995
2013-06-20 01:30:00,2825.3119999999954
2013-06-20 02:00:00,2688.6879999999965
2013-06-20 02:30:00,2624.88599999999
2013-06-20 03:00:00,2526.6419999999903
2013-06-20 03:30:00,2466.884000000005
2013-06-20 04:00:00,2445.053999999997
2013-06-20 04:30:00,2462.3480000000036
2013-06-20 05:00:00,2595.7280000000032
2013-06-20 05:30:00,2807.391999999998
2013-06-20 06:00:00,3262.7259999999924
2013-06-20 06:30:00,3898.758000000003
2013-06-20 07:00:00,4557.031999999978
2013-06-20 07:30:00,5563.020000000018
2013-06-20 08:00:00,5929.32199999999
2013-06-20 08:30:00,5539.670000000001
2013-06-20 09:00:00,4825.299999999994
2013-06-20 09:30:00,4353.938000000009
2013-06-20 10:00:00,4261.749999999996
2013-06-20 10:30:00,4040.236
2013-06-20 11:00:00,3830.4199999999996
2013-06-20 11:30:00,3701.6339999999973
2013-06-20 12:00:00,3650.994000000013
2013-06-20 12:30:00,3640.908000000006
2013-06-20 13:00:00,3677.192000000002
2013-06-20 13:30:00,3649.2360000000203
2013-06-20 14:00:00,3629.3579999999934
2013-06-20 14:30:00,3611.231999999995
2013-06-20 15:00:00,3659.797999999997
2013-06-20 15:30:00,3863.7239999999965
2013-06-20 16:00:00,4200.050000000014
2013-06-20 16:30:00,4723.927999999997
2013-06-20 17:00:00,5596.094000000001
2013-06-20 17:30:00,6902.45600000001
2013-06-20 18:00:00,7877.916000000018
2013-06-20 18:30:00,8346.239999999993
2013-06-20 19:00:00,8426.589999999966
2013-06-20 19:30:00,8236.291999999981
2013-06-20 20:00:00,8013.835999999992
2013-06-20 20:30:00,7922.931999999993
2013-06-20 21:00:00,7793.271999999975
2013-06-20 21:30:00,7352.345999999983
2013-06-20 22:00:00,6831.0520000000015
2013-06-20 22:30:00,6152.907999999993
2013-06-20 23:00:00,5266.400000000003
2013-06-20 23:30:00,4465.098000000011
2013-06-21 00:00:00,3882.3319999999962
2013-06-21 00:30:00,3459.696000000002
2013-06-21 01:00:00,3123.070000000005
2013-06-21 01:30:00,2871.248000000004
2013-06-21 02:00:00,2752.9840000000027
2013-06-21 02:30:00,2619.309999999996
2013-06-21 03:00:00,2551.3759999999907
2013-06-21 03:30:00,2482.3939999999934
2013-06-21 04:00:00,2527.696000000011
2013-06-21 04:30:00,2554.370000000006
2013-06-21 05:00:00,2650.129999999997
2013-06-21 05:30:00,2832.8399999999942
2013-06-21 06:00:00,3287.168000000004
2013-06-21 06:30:00,3842.733999999995
2013-06-21 07:00:00,4545.407999999987
2013-06-21 07:30:00,5375.12999999999
2013-06-21 08:00:00,5779.025999999998
2013-06-21 08:30:00,5605.702000000002
2013-06-21 09:00:00,5125.946000000008
2013-06-21 09:30:00,4696.561999999981
2013-06-21 10:00:00,4446.949999999985
2013-06-21 10:30:00,4181.90999999999
2013-06-21 11:00:00,3795.176000000004
2013-06-21 11:30:00,3674.555999999991
2013-06-21 12:00:00,3521.5239999999962
2013-06-21 12:30:00,3498.073999999994
2013-06-21 13:00:00,3509.748000000001
2013-06-21 13:30:00,3570.9580000000014
2013-06-21 14:00:00,3650.032000000017
2013-06-21 14:30:00,3761.1199999999976
2013-06-21 15:00:00,3701.19799999998
2013-06-21 15:30:00,3761.6319999999955
2013-06-21 16:00:00,4105.366000000009
2013-06-21 16:30:00,4449.086000000012
2013-06-21 17:00:00,5231.451999999993
2013-06-21 17:30:00,6577.597999999996
2013-06-21 18:00:00,7636.654000000001
2013-06-21 18:30:00,8042.4020000000055
2013-06-21 19:00:00,8149.820000000015
2013-06-21 19:30:00,8106.78
2013-06-21 20:00:00,7894.441999999987
2013-06-21 20:30:00,7692.221999999994
2013-06-21 21:00:00,7478.8700000000035
2013-06-21 21:30:00,7128.782000000008
2013-06-21 22:00:00,6732.619999999999
2013-06-21 22:30:00,6118.229999999984
2013-06-21 23:00:00,5356.4979999999805
2013-06-21 23:30:00,4737.1000000000095
2013-06-22 00:00:00,4233.919999999978
2013-06-22 00:30:00,3802.7780000000025
2013-06-22 01:00:00,3463.5259999999835
2013-06-22 01:30:00,3200.1980000000026
2013-06-22 02:00:00,2965.6339999999996
2013-06-22 02:30:00,2813.2319999999972
2013-06-22 03:00:00,2737.022000000008
2013-06-22 03:30:00,2623.649999999992
2013-06-22 04:00:00,2584.0439999999976
2013-06-22 04:30:00,2548.4119999999934
2013-06-22 05:00:00,2623.1760000000036
2013-06-22 05:30:00,2699.2839999999956
2013-06-22 06:00:00,2967.029999999993
2013-06-22 06:30:00,3266.8440000000064
2013-06-22 07:00:00,3699.4280000000017
2013-06-22 07:30:00,4459.7899999999945
2013-06-22 08:00:00,5218.431999999977
2013-06-22 08:30:00,5633.106000000004
2013-06-22 09:00:00,5697.121999999988
2013-06-22 09:30:00,5628.971999999991
2013-06-22 10:00:00,5467.754000000006
2013-06-22 10:30:00,5430.665999999984
2013-06-22 11:00:00,5338.671999999993
2013-06-22 11:30:00,5205.3499999999785
2013-06-22 12:00:00,5122.322000000002
2013-06-22 12:30:00,5059.148000000013
2013-06-22 13:00:00,4838.721999999988
2013-06-22 13:30:00,4704.864000000009
2013-06-22 14:00:00,4694.108000000011
2013-06-22 14:30:00,4789.203999999997
2013-06-22 15:00:00,4956.150000000003
2013-06-22 15:30:00,5100.964000000007
2013-06-22 16:00:00,5456.213999999981
2013-06-22 16:30:00,5958.487999999974
2013-06-22 17:00:00,6734.193999999983
2013-06-22 17:30:00,7680.345999999984
2013-06-22 18:00:00,8300.403999999988
2013-06-22 18:30:00,8522.611999999981
2013-06-22 19:00:00,8364.379999999994
2013-06-22 19:30:00,8101.728000000003
2013-06-22 20:00:00,7787.131999999988
2013-06-22 20:30:00,7551.721999999977
2013-06-22 21:00:00,7273.117999999966
2013-06-22 21:30:00,6888.558000000012
2013-06-22 22:00:00,6518.114000000013
2013-06-22 22:30:00,6040.975999999987
2013-06-22 23:00:00,5440.995999999996
2013-06-22 23:30:00,4863.690000000018
2013-06-23 00:00:00,4302.816000000005
2013-06-23 00:30:00,3885.9199999999987
2013-06-23 01:00:00,3493.7339999999963
2013-06-23 01:30:00,3203.883999999995
2013-06-23 02:00:00,2998.732000000004
2013-06-23 02:30:00,2862.4100000000026
2013-06-23 03:00:00,2711.6360000000027
2013-06-23 03:30:00,2598.303999999998
2013-06-23 04:00:00,2535.720000000001
2013-06-23 04:30:00,2550.615999999994
2013-06-23 05:00:00,2564.0100000000016
2013-06-23 05:30:00,2627.161999999998
2013-06-23 06:00:00,2745.258000000004
2013-06-23 06:30:00,2954.8299999999954
2013-06-23 07:00:00,3260.680000000002
2013-06-23 07:30:00,3813.6980000000053
2013-06-23 08:00:00,4344.052000000002
2013-06-23 08:30:00,4902.877999999985
2013-06-23 09:00:00,5297.370000000018
2013-06-23 09:30:00,5610.392000000005
2013-06-23 10:00:00,5762.687999999969
2013-06-23 10:30:00,5657.254000000003
2013-06-23 11:00:00,5591.878000000005
2013-06-23 11:30:00,5529.059999999999
2013-06-23 12:00:00,5479.367999999967
2013-06-23 12:30:00,5390.710000000025
2013-06-23 13:00:00,5459.811999999994
2013-06-23 13:30:00,5600.841999999991
2013-06-23 14:00:00,5676.904000000028
2013-06-23 14:30:00,5945.045999999987
2013-06-23 15:00:00,5993.892000000006
2013-06-23 15:30:00,6291.050000000006
2013-06-23 16:00:00,6537.414000000009
2013-06-23 16:30:00,7041.152000000005
2013-06-23 17:00:00,7543.033999999993
2013-06-23 17:30:00,8506.595999999994
2013-06-23 18:00:00,9145.794000000002
2013-06-23 18:30:00,9363.208000000013
2013-06-23 19:00:00,9172.268000000005
2013-06-23 19:30:00,8959.36000000001
2013-06-23 20:00:00,8635.563999999997
2013-06-23 20:30:00,8302.390000000012
2013-06-23 21:00:00,7970.757999999992
2013-06-23 21:30:00,7397.71199999999
2013-06-23 22:00:00,6740.535999999998
2013-06-23 22:30:00,5988.246000000015
2013-06-23 23:00:00,5092.860000000008
2013-06-23 23:30:00,4409.561999999997
2013-06-24 00:00:00,3844.49999999999
2013-06-24 00:30:00,3456.438000000014
2013-06-24 01:00:00,3092.2440000000042
2013-06-24 01:30:00,2901.566000000005
2013-06-24 02:00:00,2734.7899999999922
2013-06-24 02:30:00,2620.763999999997
2013-06-24 03:00:00,2495.912000000002
2013-06-24 03:30:00,2454.8139999999967
2013-06-24 04:00:00,2434.4060000000004
2013-06-24 04:30:00,2453.604
2013-06-24 05:00:00,2562.5600000000018
2013-06-24 05:30:00,2794.5660000000025
2013-06-24 06:00:00,3195.08399999999
2013-06-24 06:30:00,3602.045999999996
2013-06-24 07:00:00,4329.541999999995
2013-06-24 07:30:00,5233.269999999993
2013-06-24 08:00:00,5667.751999999988
2013-06-24 08:30:00,5540.6979999999885
2013-06-24 09:00:00,5069.246000000009
2013-06-24 09:30:00,4681.658000000002
2013-06-24 10:00:00,4538.370000000009
2013-06-24 10:30:00,4514.165999999995
2013-06-24 11:00:00,4254.888000000003
2013-06-24 11:30:00,4094.1059999999966
2013-06-24 12:00:00,3956.642000000002
2013-06-24 12:30:00,3935.9199999999946
2013-06-24 13:00:00,4026.559999999999
2013-06-24 13:30:00,4043.1300000000033
2013-06-24 14:00:00,3953.453999999997
2013-06-24 14:30:00,3881.6639999999984
2013-06-24 15:00:00,3854.0140000000047
2013-06-24 15:30:00,3995.2680000000196
2013-06-24 16:00:00,4421.365999999992
2013-06-24 16:30:00,4871.758000000014
2013-06-24 17:00:00,5709.761999999977
2013-06-24 17:30:00,7052.857999999977
2013-06-24 18:00:00,8251.366
2013-06-24 18:30:00,8769.614000000003
2013-06-24 19:00:00,8827.767999999998
2013-06-24 19:30:00,8824.73799999996
2013-06-24 20:00:00,8734.900000000009
2013-06-24 20:30:00,8463.076000000001
2013-06-24 21:00:00,8014.960000000016
2013-06-24 21:30:00,7508.560000000012
2013-06-24 22:00:00,6916.935999999993
2013-06-24 22:30:00,6080.774
2013-06-24 23:00:00,5297.45800000002
2013-06-24 23:30:00,4562.434000000005
2013-06-25 00:00:00,3939.9879999999966
2013-06-25 00:30:00,3426.7719999999886
2013-06-25 01:00:00,3153.793999999999
2013-06-25 01:30:00,2929.667999999998
2013-06-25 02:00:00,2790.2099999999923
2013-06-25 02:30:00,2670.427999999988
2013-06-25 03:00:00,2570.0300000000016
2013-06-25 03:30:00,2539.5799999999963
2013-06-25 04:00:00,2526.686
2013-06-25 04:30:00,2549.0319999999924
2013-06-25 05:00:00,2604.2579999999944
2013-06-25 05:30:00,2846.9000000000033
2013-06-25 06:00:00,3272.9559999999906
2013-06-25 06:30:00,3871.0999999999967
2013-06-25 07:00:00,4619.895999999983
2013-06-25 07:30:00,5472.333999999992
2013-06-25 08:00:00,5945.384000000005
2013-06-25 08:30:00,5692.068000000004
2013-06-25 09:00:00,5032.824000000001
2013-06-25 09:30:00,4689.686000000009
2013-06-25 10:00:00,4549.477999999989
2013-06-25 10:30:00,4446.625999999998
2013-06-25 11:00:00,4390.473999999999
2013-06-25 11:30:00,4376.323999999995
2013-06-25 12:00:00,4346.658000000002
2013-06-25 12:30:00,4398.935999999992
2013-06-25 13:00:00,4400.032000000001
2013-06-25 13:30:00,4191.483999999996
2013-06-25 14:00:00,4100.891999999997
2013-06-25 14:30:00,4042.9199999999887
2013-06-25 15:00:00,3899.4259999999745
2013-06-25 15:30:00,4018.549999999992
2013-06-25 16:00:00,4530.980000000008
2013-06-25 16:30:00,5132.941999999991
2013-06-25 17:00:00,6083.2419999999975
2013-06-25 17:30:00,7297.86599999999
2013-06-25 18:00:00,8409.562000000007
2013-06-25 18:30:00,8955.804000000004
2013-06-25 19:00:00,8987.665999999996
2013-06-25 19:30:00,8760.199999999988
2013-06-25 20:00:00,8715.705999999976
2013-06-25 20:30:00,8563.647999999972
2013-06-25 21:00:00,8150.379999999993
2013-06-25 21:30:00,7720.803999999983
2013-06-25 22:00:00,7006.034000000003
2013-06-25 22:30:00,6163.730000000028
2013-06-25 23:00:00,5272.973999999979
2013-06-25 23:30:00,4526.488000000003
2013-06-26 00:00:00,3960.5859999999902
2013-06-26 00:30:00,3513.694000000003
2013-06-26 01:00:00,3161.6319999999923
2013-06-26 01:30:00,2903.7039999999915
2013-06-26 02:00:00,2759.5380000000036
2013-06-26 02:30:00,2619.2600000000043
2013-06-26 03:00:00,2558.535999999997
2013-06-26 03:30:00,2495.127999999997
2013-06-26 04:00:00,2513.886
2013-06-26 04:30:00,2524.21
2013-06-26 05:00:00,2619.002000000006
2013-06-26 05:30:00,2866.712000000005
2013-06-26 06:00:00,3227.7579999999957
2013-06-26 06:30:00,3768.386000000002
2013-06-26 07:00:00,4426.741999999992
2013-06-26 07:30:00,5277.4459999999945
2013-06-26 08:00:00,5521.652000000014
2013-06-26 08:30:00,5248.787999999984
2013-06-26 09:00:00,4663.347999999998
2013-06-26 09:30:00,4214.064000000007
2013-06-26 10:00:00,4040.697999999993
2013-06-26 10:30:00,3886.428000000014
2013-06-26 11:00:00,3808.301999999997
2013-06-26 11:30:00,3780.756000000006
2013-06-26 12:00:00,3704.250000000005
2013-06-26 12:30:00,3760.4939999999983
2013-06-26 13:00:00,3679.892000000014
2013-06-26 13:30:00,3617.2520000000013
2013-06-26 14:00:00,3667.165999999999
2013-06-26 14:30:00,3659.6879999999924
2013-06-26 15:00:00,3660.949999999997
2013-06-26 15:30:00,3689.268000000003
2013-06-26 16:00:00,4130.677999999995
2013-06-26 16:30:00,4605.4800000000105
2013-06-26 17:00:00,5299.308000000018
2013-06-26 17:30:00,6306.1720000000005
2013-06-26 18:00:00,7337.2719999999845
2013-06-26 18:30:00,7832.569999999995
2013-06-26 19:00:00,7945.551999999995
2013-06-26 19:30:00,7822.185999999988
2013-06-26 20:00:00,7456.234000000005
2013-06-26 20:30:00,7315.118000000005
2013-06-26 21:00:00,6943.326000000022
2013-06-26 21:30:00,6727.205999999996
2013-06-26 22:00:00,6263.056000000017
2013-06-26 22:30:00,5587.549999999998
2013-06-26 23:00:00,4926.298000000015
2013-06-26 23:30:00,4195.551999999994
2013-06-27 00:00:00,3631.25400000001
2013-06-27 00:30:00,3203.681999999995
2013-06-27 01:00:00,2857.873999999996
2013-06-27 01:30:00,2678.840000000003
2013-06-27 02:00:00,2532.247999999999
2013-06-27 02:30:00,2447.199999999998
2013-06-27 03:00:00,2349.2219999999993
2013-06-27 03:30:00,2295.7879999999927
2013-06-27 04:00:00,2336.459999999985
2013-06-27 04:30:00,2326.9319999999884
2013-06-27 05:00:00,2373.453999999997
2013-06-27 05:30:00,2602.0279999999952
2013-06-27 06:00:00,2903.274
2013-06-27 06:30:00,3379.5719999999933
2013-06-27 07:00:00,3976.9680000000076
2013-06-27 07:30:00,4729.242000000017
2013-06-27 08:00:00,5089.4659999999985
2013-06-27 08:30:00,4921.368
2013-06-27 09:00:00,4383.4839999999895
2013-06-27 09:30:00,4105.354000000008
2013-06-27 10:00:00,3982.7600000000134
2013-06-27 10:30:00,3861.929999999998
2013-06-27 11:00:00,3830.2519999999936
2013-06-27 11:30:00,3773.4079999999904
2013-06-27 12:00:00,3725.151999999992
2013-06-27 12:30:00,3763.8800000000056
2013-06-27 13:00:00,3771.4060000000145
2013-06-27 13:30:00,3730.0200000000077
2013-06-27 14:00:00,3683.048
2013-06-27 14:30:00,3650.8260000000064
2013-06-27 15:00:00,3705.733999999992
2013-06-27 15:30:00,3837.9860000000067
2013-06-27 16:00:00,4273.112000000004
2013-06-27 16:30:00,4681.927999999993
2013-06-27 17:00:00,5335.641999999989
2013-06-27 17:30:00,6361.932000000017
2013-06-27 18:00:00,7107.77199999999
2013-06-27 18:30:00,7459.139999999999
2013-06-27 19:00:00,7637.214000000016
2013-06-27 19:30:00,7362.214
2013-06-27 20:00:00,7213.614000000005
2013-06-27 20:30:00,7078.147999999989
2013-06-27 21:00:00,6826.7679999999855
2013-06-27 21:30:00,6374.408000000013
2013-06-27 22:00:00,5991.596000000009
2013-06-27 22:30:00,5334.506000000009
2013-06-27 23:00:00,4781.977999999992
2013-06-27 23:30:00,4116.441999999996
2013-06-28 00:00:00,3610.776
2013-06-28 00:30:00,3183.7619999999897
2013-06-28 01:00:00,2881.1959999999917
2013-06-28 01:30:00,2662.1360000000027
2013-06-28 02:00:00,2539.8759999999957
2013-06-28 02:30:00,2406.590000000003
2013-06-28 03:00:00,2313.1020000000017
2013-06-28 03:30:00,2287.332
2013-06-28 04:00:00,2249.2920000000004
2013-06-28 04:30:00,2276.2099999999964
2013-06-28 05:00:00,2390.9060000000086
2013-06-28 05:30:00,2576.7140000000018
2013-06-28 06:00:00,2867.078000000001
2013-06-28 06:30:00,3429.3840000000023
2013-06-28 07:00:00,3857.1040000000044
2013-06-28 07:30:00,4547.3839999999955
2013-06-28 08:00:00,5024.081999999981
2013-06-28 08:30:00,4937.734000000023
2013-06-28 09:00:00,4460.735999999994
2013-06-28 09:30:00,4242.74400000001
2013-06-28 10:00:00,4096.946
2013-06-28 10:30:00,3895.4939999999974
2013-06-28 11:00:00,3854.663999999999
2013-06-28 11:30:00,3683.9659999999844
2013-06-28 12:00:00,3655.4039999999964
2013-06-28 12:30:00,3699.749999999991
2013-06-28 13:00:00,3777.7239999999965
2013-06-28 13:30:00,3875.853999999997
2013-06-28 14:00:00,3873.6420000000007
2013-06-28 14:30:00,3863.7179999999935
2013-06-28 15:00:00,3989.5320000000015
2013-06-28 15:30:00,4191.427999999991
2013-06-28 16:00:00,4606.0080000000025
2013-06-28 16:30:00,5026.748000000012
2013-06-28 17:00:00,5622.269999999987
2013-06-28 17:30:00,6505.586000000018
2013-06-28 18:00:00,7188.4359999999615
2013-06-28 18:30:00,7440.218000000017
2013-06-28 19:00:00,7477.989999999991
2013-06-28 19:30:00,7320.294000000007
2013-06-28 20:00:00,7087.8500000000395
2013-06-28 20:30:00,6886.663999999989
2013-06-28 21:00:00,6736.118000000004
2013-06-28 21:30:00,6397.219999999997
2013-06-28 22:00:00,5994.08999999999
2013-06-28 22:30:00,5501.939999999981
2013-06-28 23:00:00,4957.937999999996
2013-06-28 23:30:00,4327.38799999999
2013-06-29 00:00:00,3864.908000000001
2013-06-29 00:30:00,3490.073999999999
2013-06-29 01:00:00,3145.8279999999927
2013-06-29 01:30:00,2808.785999999995
2013-06-29 02:00:00,2661.4699999999893
2013-06-29 02:30:00,2559.655999999999
2013-06-29 03:00:00,2426.6959999999976
2013-06-29 03:30:00,2365.1479999999865
2013-06-29 04:00:00,2295.1799999999967
2013-06-29 04:30:00,2294.4279999999953
2013-06-29 05:00:00,2334.283999999996
2013-06-29 05:30:00,2410.801999999992
2013-06-29 06:00:00,2545.7280000000096
2013-06-29 06:30:00,2760.5959999999927
2013-06-29 07:00:00,3001.2940000000044
2013-06-29 07:30:00,3573.9760000000056
2013-06-29 08:00:00,4155.859999999995
2013-06-29 08:30:00,4545.759999999978
2013-06-29 09:00:00,4862.877999999996
2013-06-29 09:30:00,5089.970000000006
2013-06-29 10:00:00,5196.497999999995
2013-06-29 10:30:00,5095.379999999996
2013-06-29 11:00:00,5093.8439999999655
2013-06-29 11:30:00,4959.219999999993
2013-06-29 12:00:00,4852.6560000000045
2013-06-29 12:30:00,4960.723999999994
2013-06-29 13:00:00,5065.826000000009
2013-06-29 13:30:00,5078.1379999999945
2013-06-29 14:00:00,5031.3899999999985
2013-06-29 14:30:00,5040.668000000003
2013-06-29 15:00:00,5153.647999999995
2013-06-29 15:30:00,5219.485999999992
2013-06-29 16:00:00,5466.377999999989
2013-06-29 16:30:00,5818.430000000016
2013-06-29 17:00:00,6286.1799999999985
2013-06-29 17:30:00,7114.840000000013
2013-06-29 18:00:00,7615.388000000009
2013-06-29 18:30:00,7799.984000000009
2013-06-29 19:00:00,7569.589999999981
2013-06-29 19:30:00,7272.246000000002
2013-06-29 20:00:00,7003.868000000011
2013-06-29 20:30:00,6774.3740000000125
2013-06-29 21:00:00,6457.988000000017
2013-06-29 21:30:00,6188.397999999996
2013-06-29 22:00:00,5823.181999999988
2013-06-29 22:30:00,5461.535999999988
2013-06-29 23:00:00,4976.6419999999935
2013-06-29 23:30:00,4475.333999999996
2013-06-30 00:00:00,4084.750000000005
2013-06-30 00:30:00,3663.891999999984
2013-06-30 01:00:00,3280.838000000003
2013-06-30 01:30:00,3012.762000000003
2013-06-30 02:00:00,2740.7419999999943
2013-06-30 02:30:00,2566.6059999999934
2013-06-30 03:00:00,2474.1380000000004
2013-06-30 03:30:00,2390.551999999995
2013-06-30 04:00:00,2306.9940000000015
2013-06-30 04:30:00,2307.503999999999
2013-06-30 05:00:00,2317.461999999994
2013-06-30 05:30:00,2418.717999999999
2013-06-30 06:00:00,2554.3500000000013
2013-06-30 06:30:00,2678.9919999999893
2013-06-30 07:00:00,2933.7279999999996
2013-06-30 07:30:00,3362.252000000005
2013-06-30 08:00:00,3912.779999999993
2013-06-30 08:30:00,4518.538000000001
2013-06-30 09:00:00,4978.573999999998
2013-06-30 09:30:00,5299.5499999999965
2013-06-30 10:00:00,5492.014000000002
2013-06-30 10:30:00,5534.406
2013-06-30 11:00:00,5448.041999999988
2013-06-30 11:30:00,5395.047999999981
2013-06-30 12:00:00,5451.2559999999885
2013-06-30 12:30:00,5470.46400000001
2013-06-30 13:00:00,5429.544000000004
2013-06-30 13:30:00,5367.959999999998
2013-06-30 14:00:00,5382.689999999973
2013-06-30 14:30:00,5341.676000000005
2013-06-30 15:00:00,5334.535999999994
2013-06-30 15:30:00,5451.795999999987
2013-06-30 16:00:00,5685.862000000003
2013-06-30 16:30:00,6011.621999999997
2013-06-30 17:00:00,6583.32000000001
2013-06-30 17:30:00,7512.625999999979
2013-06-30 18:00:00,8278.320000000002
2013-06-30 18:30:00,8578.567999999983
2013-06-30 19:00:00,8443.111999999997
2013-06-30 19:30:00,8019.86800000001
2013-06-30 20:00:00,7811.629999999995
2013-06-30 20:30:00,7676.2959999999985
2013-06-30 21:00:00,7347.538000000007
2013-06-30 21:30:00,7011.459999999993
2013-06-30 22:00:00,6338.771999999991
2013-06-30 22:30:00,5626.482000000007
2013-06-30 23:00:00,4951.275999999989
2013-06-30 23:30:00,4225.103999999986
2013-07-01 00:00:00,3788.9979999999878
2013-07-01 00:30:00,3391.967999999992
2013-07-01 01:00:00,3061.776000000004
2013-07-01 01:30:00,2818.9880000000026
2013-07-01 02:00:00,2620.0699999999915
2013-07-01 02:30:00,2493.7859999999955
2013-07-01 03:00:00,2395.641999999999
2013-07-01 03:30:00,2365.6520000000023
2013-07-01 04:00:00,2331.0480000000025
2013-07-01 04:30:00,2351.360000000002
2013-07-01 05:00:00,2425.568
2013-07-01 05:30:00,2606.9699999999975
2013-07-01 06:00:00,2928.633999999996
2013-07-01 06:30:00,3367.6340000000005
2013-07-01 07:00:00,3917.3659999999963
2013-07-01 07:30:00,4504.47999999999
2013-07-01 08:00:00,4902.334
2013-07-01 08:30:00,4974.27599999998
2013-07-01 09:00:00,4873.773999999995
2013-07-01 09:30:00,4702.095999999998
2013-07-01 10:00:00,4461.070000000003
2013-07-01 10:30:00,4272.328
2013-07-01 11:00:00,4138.878000000007
2013-07-01 11:30:00,3999.295999999994
2013-07-01 12:00:00,3959.2440000000047
2013-07-01 12:30:00,4019.2999999999925
2013-07-01 13:00:00,3868.7639999999815
2013-07-01 13:30:00,3780.805999999995
2013-07-01 14:00:00,3658.016000000001
2013-07-01 14:30:00,3610.833999999991
2013-07-01 15:00:00,3573.843999999991
2013-07-01 15:30:00,3689.639999999986
2013-07-01 16:00:00,3870.8079999999954
2013-07-01 16:30:00,4256.024000000003
2013-07-01 17:00:00,5067.643999999986
2013-07-01 17:30:00,6303.7299999999905
2013-07-01 18:00:00,7399.024
2013-07-01 18:30:00,7921.983999999999
2013-07-01 19:00:00,8040.358000000008
2013-07-01 19:30:00,7923.76000000001
2013-07-01 20:00:00,7720.530000000001
2013-07-01 20:30:00,7626.411999999998
2013-07-01 21:00:00,7167.3239999999905
2013-07-01 21:30:00,6828.006000000001
2013-07-01 22:00:00,6189.402000000011
2013-07-01 22:30:00,5573.602
2013-07-01 23:00:00,4937.226000000001
2013-07-01 23:30:00,4283.032000000014
2013-07-02 00:00:00,3761.693999999984
2013-07-02 00:30:00,3275.7739999999912
2013-07-02 01:00:00,2976.2040000000075
2013-07-02 01:30:00,2753.936000000003
2013-07-02 02:00:00,2618.3819999999946
2013-07-02 02:30:00,2515.390000000006
2013-07-02 03:00:00,2424.11
2013-07-02 03:30:00,2370.1519999999964
2013-07-02 04:00:00,2359.1939999999954
2013-07-02 04:30:00,2421.4399999999955
2013-07-02 05:00:00,2467.9339999999925
2013-07-02 05:30:00,2646.759999999992
2013-07-02 06:00:00,2981.9180000000047
2013-07-02 06:30:00,3438.23999999999
2013-07-02 07:00:00,3975.6960000000036
2013-07-02 07:30:00,4717.182
2013-07-02 08:00:00,5012.112000000004
2013-07-02 08:30:00,5000.931999999998
2013-07-02 09:00:00,4658.46599999997
2013-07-02 09:30:00,4438.117999999992
2013-07-02 10:00:00,4209.352
2013-07-02 10:30:00,3992.2039999999897
2013-07-02 11:00:00,3787.358000000021
2013-07-02 11:30:00,3660.547999999982
2013-07-02 12:00:00,3580.6919999999977
2013-07-02 12:30:00,3533.656000000011
2013-07-02 13:00:00,3463.703999999995
2013-07-02 13:30:00,3343.365999999996
2013-07-02 14:00:00,3266.2420000000043
2013-07-02 14:30:00,3141.2360000000026
2013-07-02 15:00:00,3123.5639999999958
2013-07-02 15:30:00,3306.5140000000033
2013-07-02 16:00:00,3519.4520000000016
2013-07-02 16:30:00,3923.7479999999928
2013-07-02 17:00:00,4668.165999999999
2013-07-02 17:30:00,5947.65799999998
2013-07-02 18:00:00,7092.557999999996
2013-07-02 18:30:00,7636.098000000012
2013-07-02 19:00:00,7791.859999999983
2013-07-02 19:30:00,7696.456
2013-07-02 20:00:00,7524.282000000005
2013-07-02 20:30:00,7411.297999999964
2013-07-02 21:00:00,7198.306000000005
2013-07-02 21:30:00,6867.822000000009
2013-07-02 22:00:00,6417.356000000029
2013-07-02 22:30:00,5758.678000000015
2013-07-02 23:00:00,5069.018000000005
2013-07-02 23:30:00,4377.9979999999805
2013-07-03 00:00:00,3792.2579999999953
2013-07-03 00:30:00,3348.4459999999995
2013-07-03 01:00:00,3080.3359999999925
2013-07-03 01:30:00,2876.8199999999965
2013-07-03 02:00:00,2711.083999999997
2013-07-03 02:30:00,2576.166000000001
2013-07-03 03:00:00,2512.1740000000013
2013-07-03 03:30:00,2440.0359999999923
2013-07-03 04:00:00,2435.386000000002
2013-07-03 04:30:00,2460.759999999998
2013-07-03 05:00:00,2549.983999999991
2013-07-03 05:30:00,2752.2180000000053
2013-07-03 06:00:00,3129.3779999999942
2013-07-03 06:30:00,3600.27999999999
2013-07-03 07:00:00,4245.644000000001
2013-07-03 07:30:00,4921.420000000006
2013-07-03 08:00:00,5313.333999999987
2013-07-03 08:30:00,5168.033999999999
2013-07-03 09:00:00,4976.392000000001
2013-07-03 09:30:00,4570.926000000004
2013-07-03 10:00:00,4213.678000000006
2013-07-03 10:30:00,3975.358000000008
2013-07-03 11:00:00,3785.6940000000113
2013-07-03 11:30:00,3613.462000000007
2013-07-03 12:00:00,3505.615999999995
2013-07-03 12:30:00,3487.3539999999985
2013-07-03 13:00:00,3362.740000000002
2013-07-03 13:30:00,3252.8799999999815
2013-07-03 14:00:00,3160.491999999992
2013-07-03 14:30:00,3083.5520000000033
2013-07-03 15:00:00,3167.129999999995
2013-07-03 15:30:00,3257.262000000003
2013-07-03 16:00:00,3437.6000000000045
2013-07-03 16:30:00,3811.142000000013
2013-07-03 17:00:00,4604.029999999982
2013-07-03 17:30:00,5891.197999999969
2013-07-03 18:00:00,7120.688000000003
2013-07-03 18:30:00,7677.332000000011
2013-07-03 19:00:00,7860.332000000023
2013-07-03 19:30:00,7718.659999999997
2013-07-03 20:00:00,7566.377999999997
2013-07-03 20:30:00,7486.6640000000325
2013-07-03 21:00:00,7294.820000000009
2013-07-03 21:30:00,6873.320000000001
2013-07-03 22:00:00,6325.848000000005
2013-07-03 22:30:00,5657.1119999999955
2013-07-03 23:00:00,4937.055999999987
2013-07-03 23:30:00,4250.070000000002
2013-07-04 00:00:00,3811.9340000000025
2013-07-04 00:30:00,3382.4539999999956
2013-07-04 01:00:00,3063.5879999999866
2013-07-04 01:30:00,2880.6399999999976
2013-07-04 02:00:00,2716.7060000000083
2013-07-04 02:30:00,2588.881999999998
2013-07-04 03:00:00,2503.9119999999984
2013-07-04 03:30:00,2434.4439999999995
2013-07-04 04:00:00,2451.744000000003
2013-07-04 04:30:00,2484.1160000000045
2013-07-04 05:00:00,2581.1799999999853
2013-07-04 05:30:00,2780.649999999996
2013-07-04 06:00:00,3095.705999999997
2013-07-04 06:30:00,3596.671999999995
2013-07-04 07:00:00,4274.133999999989
2013-07-04 07:30:00,4857.089999999997
2013-07-04 08:00:00,5175.553999999994
2013-07-04 08:30:00,5093.5720000000065
2013-07-04 09:00:00,4777.670000000007
2013-07-04 09:30:00,4470.182000000003
2013-07-04 10:00:00,4150.713999999994
2013-07-04 10:30:00,3866.167999999989
2013-07-04 11:00:00,3607.754000000004
2013-07-04 11:30:00,3446.862000000004
2013-07-04 12:00:00,3382.906000000004
2013-07-04 12:30:00,3304.4299999999957
2013-07-04 13:00:00,3247.2780000000134
2013-07-04 13:30:00,3145.587999999997
2013-07-04 14:00:00,3046.303999999997
2013-07-04 14:30:00,3029.2139999999927
2013-07-04 15:00:00,2967.9519999999898
2013-07-04 15:30:00,2955.3839999999905
2013-07-04 16:00:00,3128.2199999999775
2013-07-04 16:30:00,3420.498000000004
2013-07-04 17:00:00,3976.7760000000035
2013-07-04 17:30:00,5065.679999999998
2013-07-04 18:00:00,6043.903999999988
2013-07-04 18:30:00,6496.191999999999
2013-07-04 19:00:00,6617.192000000002
2013-07-04 19:30:00,6554.674
2013-07-04 20:00:00,6496.391999999988
2013-07-04 20:30:00,6345.721999999988
2013-07-04 21:00:00,6256.514000000008
2013-07-04 21:30:00,5956.836000000016
2013-07-04 22:00:00,5611.682000000016
2013-07-04 22:30:00,5079.659999999996
2013-07-04 23:00:00,4564.785999999994
2013-07-04 23:30:00,4017.644000000006
2013-07-05 00:00:00,3530.579999999994
2013-07-05 00:30:00,3119.8099999999963
2013-07-05 01:00:00,2778.7919999999863
2013-07-05 01:30:00,2610.827999999996
2013-07-05 02:00:00,2463.025999999992
2013-07-05 02:30:00,2343.2419999999993
2013-07-05 03:00:00,2269.543999999995
2013-07-05 03:30:00,2250.264000000003
2013-07-05 04:00:00,2231.131999999999
2013-07-05 04:30:00,2235.2720000000027
2013-07-05 05:00:00,2322.5579999999977
2013-07-05 05:30:00,2492.7339999999986
2013-07-05 06:00:00,2724.246000000006
2013-07-05 06:30:00,3157.9319999999957
2013-07-05 07:00:00,3584.3080000000114
2013-07-05 07:30:00,4096.993999999994
2013-07-05 08:00:00,4386.5519999999915
2013-07-05 08:30:00,4319.8099999999995
2013-07-05 09:00:00,4087.7220000000007
2013-07-05 09:30:00,3884.225999999997
2013-07-05 10:00:00,3604.9780000000073
2013-07-05 10:30:00,3545.449999999994
2013-07-05 11:00:00,3433.883999999998
2013-07-05 11:30:00,3355.027999999996
2013-07-05 12:00:00,3294.5159999999923
2013-07-05 12:30:00,3135.9020000000055
2013-07-05 13:00:00,3028.013999999988
2013-07-05 13:30:00,2986.1620000000025
2013-07-05 14:00:00,2964.327999999985
2013-07-05 14:30:00,2936.812000000006
2013-07-05 15:00:00,3002.797999999998
2013-07-05 15:30:00,3116.319999999995
2013-07-05 16:00:00,3272.4560000000033
2013-07-05 16:30:00,3547.3039999999996
2013-07-05 17:00:00,4052.543999999999
2013-07-05 17:30:00,5048.685999999995
2013-07-05 18:00:00,6074.82199999998
2013-07-05 18:30:00,6586.4379999999865
2013-07-05 19:00:00,6741.605999999996
2013-07-05 19:30:00,6626.5139999999865
2013-07-05 20:00:00,6578.71199999999
2013-07-05 20:30:00,6520.2199999999875
2013-07-05 21:00:00,6342.251999999998
2013-07-05 21:30:00,6048.206000000012
2013-07-05 22:00:00,5814.859999999999
2013-07-05 22:30:00,5403.177999999991
2013-07-05 23:00:00,4935.877999999999
2013-07-05 23:30:00,4444.65399999999
2013-07-06 00:00:00,3931.962
2013-07-06 00:30:00,3475.181999999996
2013-07-06 01:00:00,3202.928000000005
2013-07-06 01:30:00,2958.1759999999963
2013-07-06 02:00:00,2759.258000000003
2013-07-06 02:30:00,2646.902
2013-07-06 03:00:00,2540.9140000000043
2013-07-06 03:30:00,2492.093999999996
2013-07-06 04:00:00,2433.174
2013-07-06 04:30:00,2424.0779999999954
2013-07-06 05:00:00,2472.0420000000017
2013-07-06 05:30:00,2581.586000000002
2013-07-06 06:00:00,2809.1620000000107
2013-07-06 06:30:00,3062.2199999999825
2013-07-06 07:00:00,3389.3940000000002
2013-07-06 07:30:00,4033.1539999999986
2013-07-06 08:00:00,4540.758000000003
2013-07-06 08:30:00,4941.680000000005
2013-07-06 09:00:00,5197.319999999994
2013-07-06 09:30:00,5100.353999999998
2013-07-06 10:00:00,4923.399999999981
2013-07-06 10:30:00,4731.4720000000125
2013-07-06 11:00:00,4550.5660000000025
2013-07-06 11:30:00,4287.88000000001
2013-07-06 12:00:00,4167.476000000008
2013-07-06 12:30:00,4103.993999999986
2013-07-06 13:00:00,4015.4199999999946
2013-07-06 13:30:00,3936.2740000000003
2013-07-06 14:00:00,3825.252000000013
2013-07-06 14:30:00,3688.870000000008
2013-07-06 15:00:00,3738.4580000000087
2013-07-06 15:30:00,3832.4960000000074
2013-07-06 16:00:00,4081.7820000000042
2013-07-06 16:30:00,4568.209999999992
2013-07-06 17:00:00,5305.747999999996
2013-07-06 17:30:00,6551.960000000013
2013-07-06 18:00:00,7582.3620000000155
2013-07-06 18:30:00,7909.314000000015
2013-07-06 19:00:00,7850.287999999993
2013-07-06 19:30:00,7600.590000000002
2013-07-06 20:00:00,7414.1939999999995
2013-07-06 20:30:00,7192.893999999998
2013-07-06 21:00:00,7013.706000000006
2013-07-06 21:30:00,6792.159999999998
2013-07-06 22:00:00,6357.728000000021
2013-07-06 22:30:00,5843.486000000015
2013-07-06 23:00:00,5376.558000000022
2013-07-06 23:30:00,4885.104000000002
2013-07-07 00:00:00,4398.736000000004
2013-07-07 00:30:00,3955.88
2013-07-07 01:00:00,3558.3260000000055
2013-07-07 01:30:00,3230.2399999999966
2013-07-07 02:00:00,3007.1119999999946
2013-07-07 02:30:00,2896.8899999999944
2013-07-07 03:00:00,2735.8379999999875
2013-07-07 03:30:00,2627.3079999999995
2013-07-07 04:00:00,2610.1779999999976
2013-07-07 04:30:00,2579.8159999999984
2013-07-07 05:00:00,2583.234000000001
2013-07-07 05:30:00,2690.261999999995
2013-07-07 06:00:00,2934.874
2013-07-07 06:30:00,3152.412000000003
2013-07-07 07:00:00,3458.3999999999955
2013-07-07 07:30:00,4027.5859999999902
2013-07-07 08:00:00,4666.087999999999
2013-07-07 08:30:00,5174.241999999998
2013-07-07 09:00:00,5493.591999999992
2013-07-07 09:30:00,5463.510000000005
2013-07-07 10:00:00,5291.345999999987
2013-07-07 10:30:00,5034.601999999983
2013-07-07 11:00:00,4763.9359999999915
2013-07-07 11:30:00,4565.543999999999
2013-07-07 12:00:00,4397.460000000008
2013-07-07 12:30:00,4302.0300000000025
2013-07-07 13:00:00,4149.635999999999
2013-07-07 13:30:00,4007.598000000004
2013-07-07 14:00:00,3879.3979999999992
2013-07-07 14:30:00,3810.883999999991
2013-07-07 15:00:00,3818.912000000015
2013-07-07 15:30:00,3914.4179999999956
2013-07-07 16:00:00,4185.091999999997
2013-07-07 16:30:00,4834.680000000005
2013-07-07 17:00:00,5806.323999999982
2013-07-07 17:30:00,7076.66000000001
2013-07-07 18:00:00,8203.519999999979
2013-07-07 18:30:00,8561.676
2013-07-07 19:00:00,8633.794000000005
2013-07-07 19:30:00,8454.675999999989
2013-07-07 20:00:00,8196.347999999993
2013-07-07 20:30:00,7991.153999999992
2013-07-07 21:00:00,7704.7360000000035
2013-07-07 21:30:00,7276.681999999994
2013-07-07 22:00:00,6730.371999999997
2013-07-07 22:30:00,5953.826000000021
2013-07-07 23:00:00,5210.606000000011
2013-07-07 23:30:00,4500.569999999996
2013-07-08 00:00:00,3963.1919999999905
2013-07-08 00:30:00,3527.353999999992
2013-07-08 01:00:00,3225.092000000008
2013-07-08 01:30:00,2978.653999999991
2013-07-08 02:00:00,2802.7759999999976
2013-07-08 02:30:00,2688.0599999999963
2013-07-08 03:00:00,2622.2919999999926
2013-07-08 03:30:00,2541.2899999999986
2013-07-08 04:00:00,2550.9299999999967
2013-07-08 04:30:00,2549.4120000000007
2013-07-08 05:00:00,2683.120000000008
2013-07-08 05:30:00,2922.508000000001
2013-07-08 06:00:00,3354.0860000000016
2013-07-08 06:30:00,3882.1739999999886
2013-07-08 07:00:00,4437.779999999979
2013-07-08 07:30:00,5228.563999999998
2013-07-08 08:00:00,5521.960000000005
2013-07-08 08:30:00,5544.491999999999
2013-07-08 09:00:00,5187.797999999992
2013-07-08 09:30:00,4953.719999999994
2013-07-08 10:00:00,4614.674000000018
2013-07-08 10:30:00,4386.54399999999
2013-07-08 11:00:00,4140.175999999992
2013-07-08 11:30:00,3904.497999999996
2013-07-08 12:00:00,3758.0879999999956
2013-07-08 12:30:00,3722.193999999984
2013-07-08 13:00:00,3665.041999999996
2013-07-08 13:30:00,3502.7619999999924
2013-07-08 14:00:00,3473.0519999999965
2013-07-08 14:30:00,3447.6639999999993
2013-07-08 15:00:00,3436.2839999999815
2013-07-08 15:30:00,3564.1699999999905
2013-07-08 16:00:00,3852.4759999999906
2013-07-08 16:30:00,4366.924000000006
2013-07-08 17:00:00,5255.471999999992
2013-07-08 17:30:00,6645.468000000006
2013-07-08 18:00:00,8002.230000000011
2013-07-08 18:30:00,8782.408000000001
2013-07-08 19:00:00,9035.134000000027
2013-07-08 19:30:00,8900.721999999976
2013-07-08 20:00:00,8672.913999999975
2013-07-08 20:30:00,8419.397999999994
2013-07-08 21:00:00,8137.6240000000025
2013-07-08 21:30:00,7701.791999999992
2013-07-08 22:00:00,6932.667999999997
2013-07-08 22:30:00,6102.922000000008
2013-07-08 23:00:00,5326.529999999999
2013-07-08 23:30:00,4488.596000000005
2013-07-09 00:00:00,3951.7379999999944
2013-07-09 00:30:00,3472.9119999999934
2013-07-09 01:00:00,3131.7459999999905
2013-07-09 01:30:00,2943.653999999983
2013-07-09 02:00:00,2800.2279999999896
2013-07-09 02:30:00,2710.885999999996
2013-07-09 03:00:00,2628.3759999999975
2013-07-09 03:30:00,2584.671999999995
2013-07-09 04:00:00,2544.2659999999964
2013-07-09 04:30:00,2564.0819999999967
2013-07-09 05:00:00,2710.910000000001
2013-07-09 05:30:00,2955.045999999993
2013-07-09 06:00:00,3279.0720000000024
2013-07-09 06:30:00,3731.87799999999
2013-07-09 07:00:00,4284.559999999974
2013-07-09 07:30:00,5022.875999999998
2013-07-09 08:00:00,5364.825999999986
2013-07-09 08:30:00,5448.239999999999
2013-07-09 09:00:00,5275.601999999986
2013-07-09 09:30:00,5012.549999999994
2013-07-09 10:00:00,4809.932000000004
2013-07-09 10:30:00,4632.005999999997
2013-07-09 11:00:00,4563.0
2013-07-09 11:30:00,4463.889999999997
2013-07-09 12:00:00,4380.281999999989
2013-07-09 12:30:00,4365.567999999982
2013-07-09 13:00:00,4456.982000000004
2013-07-09 13:30:00,4528.766000000012
2013-07-09 14:00:00,4414.14600000002
2013-07-09 14:30:00,4368.091999999987
2013-07-09 15:00:00,4495.997999999993
2013-07-09 15:30:00,4715.72000000001
2013-07-09 16:00:00,5052.498000000001
2013-07-09 16:30:00,5558.4520000000075
2013-07-09 17:00:00,6437.4059999999845
2013-07-09 17:30:00,7649.287999999993
2013-07-09 18:00:00,8743.903999999982
2013-07-09 18:30:00,9213.041999999994
2013-07-09 19:00:00,9364.452000000027
2013-07-09 19:30:00,9199.707999999993
2013-07-09 20:00:00,8967.301999999981
2013-07-09 20:30:00,8611.251999999999
2013-07-09 21:00:00,8291.401999999991
2013-07-09 21:30:00,7743.078000000003
2013-07-09 22:00:00,7079.453999999993
2013-07-09 22:30:00,6299.118000000019
2013-07-09 23:00:00,5474.332000000007
2013-07-09 23:30:00,4632.554000000003
2013-07-10 00:00:00,3992.887999999991
2013-07-10 00:30:00,3533.798
2013-07-10 01:00:00,3187.8379999999947
2013-07-10 01:30:00,3011.6459999999834
2013-07-10 02:00:00,2862.468000000001
2013-07-10 02:30:00,2725.2779999999943
2013-07-10 03:00:00,2592.7679999999827
2013-07-10 03:30:00,2545.6720000000005
2013-07-10 04:00:00,2517.312000000002
2013-07-10 04:30:00,2596.294000000001
2013-07-10 05:00:00,2779.839999999998
2013-07-10 05:30:00,3047.0719999999974
2013-07-10 06:00:00,3305.3839999999905
2013-07-10 06:30:00,3668.7919999999995
2013-07-10 07:00:00,4199.79
2013-07-10 07:30:00,4901.766000000012
2013-07-10 08:00:00,5346.49799999998
2013-07-10 08:30:00,5368.185999999988
2013-07-10 09:00:00,5315.411999999995
2013-07-10 09:30:00,5219.798000000011
2013-07-10 10:00:00,5068.294000000013
2013-07-10 10:30:00,4866.826000000005
2013-07-10 11:00:00,4583.407999999997
2013-07-10 11:30:00,4383.032000000002
2013-07-10 12:00:00,4227.949999999993
2013-07-10 12:30:00,4194.719999999984
2013-07-10 13:00:00,4198.305999999994
2013-07-10 13:30:00,4098.675999999997
2013-07-10 14:00:00,3943.925999999996
2013-07-10 14:30:00,3998.8920000000044
2013-07-10 15:00:00,4066.6839999999947
2013-07-10 15:30:00,4317.376000000013
2013-07-10 16:00:00,4795.4760000000015
2013-07-10 16:30:00,5276.258000000006
2013-07-10 17:00:00,6086.042
2013-07-10 17:30:00,7030.4659999999885
2013-07-10 18:00:00,7987.030000000006
2013-07-10 18:30:00,8534.866000000013
2013-07-10 19:00:00,8715.490000000003
2013-07-10 19:30:00,8358.58199999998
2013-07-10 20:00:00,8189.024000000007
2013-07-10 20:30:00,7968.600000000004
2013-07-10 21:00:00,7694.472000000018
2013-07-10 21:30:00,7254.840000000016
2013-07-10 22:00:00,6742.073999999996
2013-07-10 22:30:00,5944.673999999993
2013-07-10 23:00:00,5177.699999999999
2013-07-10 23:30:00,4506.063999999999
2013-07-11 00:00:00,3885.5680000000016
2013-07-11 00:30:00,3507.704000000002
2013-07-11 01:00:00,3163.206000000005
2013-07-11 01:30:00,2976.1779999999953
2013-07-11 02:00:00,2839.6380000000095
2013-07-11 02:30:00,2710.006000000002
2013-07-11 03:00:00,2640.2439999999906
2013-07-11 03:30:00,2604.6859999999947
2013-07-11 04:00:00,2590.718
2013-07-11 04:30:00,2643.0659999999916
2013-07-11 05:00:00,2834.7279999999982
2013-07-11 05:30:00,3063.2059999999997
2013-07-11 06:00:00,3375.921999999995
2013-07-11 06:30:00,3709.409999999999
2013-07-11 07:00:00,4280.285999999993
2013-07-11 07:30:00,4900.900000000005
2013-07-11 08:00:00,5264.626000000002
2013-07-11 08:30:00,5272.718000000004
2013-07-11 09:00:00,4957.172000000001
2013-07-11 09:30:00,4756.292000000007
2013-07-11 10:00:00,4447.113999999986
2013-07-11 10:30:00,4167.277999999993
2013-07-11 11:00:00,3840.298000000001
2013-07-11 11:30:00,3669.2059999999847
2013-07-11 12:00:00,3576.711999999988
2013-07-11 12:30:00,3501.286000000007
2013-07-11 13:00:00,3554.9340000000093
2013-07-11 13:30:00,3574.9239999999986
2013-07-11 14:00:00,3418.1679999999933
2013-07-11 14:30:00,3307.2659999999987
2013-07-11 15:00:00,3316.269999999997
2013-07-11 15:30:00,3484.700000000002
2013-07-11 16:00:00,3767.364000000008
2013-07-11 16:30:00,4208.191999999989
2013-07-11 17:00:00,4938.981999999993
2013-07-11 17:30:00,6183.175999999989
2013-07-11 18:00:00,7438.727999999998
2013-07-11 18:30:00,7927.144000000004
2013-07-11 19:00:00,8048.49000000001
2013-07-11 19:30:00,7956.448000000005
2013-07-11 20:00:00,7794.756000000018
2013-07-11 20:30:00,7743.096000000011
2013-07-11 21:00:00,7545.233999999999
2013-07-11 21:30:00,7273.882000000007
2013-07-11 22:00:00,6774.755999999991
2013-07-11 22:30:00,6222.3060000000105
2013-07-11 23:00:00,5512.530000000022
2013-07-11 23:30:00,4680.202000000021
2013-07-12 00:00:00,4125.305999999994
2013-07-12 00:30:00,3624.6240000000003
2013-07-12 01:00:00,3252.9
2013-07-12 01:30:00,3029.5880000000084
2013-07-12 02:00:00,2853.4779999999923
2013-07-12 02:30:00,2768.4460000000063
2013-07-12 03:00:00,2641.088
2013-07-12 03:30:00,2617.5399999999977
2013-07-12 04:00:00,2558.0879999999997
2013-07-12 04:30:00,2576.991999999996
2013-07-12 05:00:00,2820.8719999999985
2013-07-12 05:30:00,3095.5700000000056
2013-07-12 06:00:00,3382.914000000007
2013-07-12 06:30:00,3755.0679999999916
2013-07-12 07:00:00,4191.5560000000005
2013-07-12 07:30:00,4843.092000000013
2013-07-12 08:00:00,5224.932000000007
2013-07-12 08:30:00,5312.238000000017
2013-07-12 09:00:00,5210.831999999992
2013-07-12 09:30:00,4881.055999999993
2013-07-12 10:00:00,4677.995999999993
2013-07-12 10:30:00,4387.440000000007
2013-07-12 11:00:00,4079.4239999999972
2013-07-12 11:30:00,3891.130000000015
2013-07-12 12:00:00,3799.4579999999983
2013-07-12 12:30:00,3782.917999999995
2013-07-12 13:00:00,3668.705999999996
2013-07-12 13:30:00,3565.9919999999934
2013-07-12 14:00:00,3473.747999999985
2013-07-12 14:30:00,3441.932000000011
2013-07-12 15:00:00,3490.3920000000003
2013-07-12 15:30:00,3552.0379999999946
2013-07-12 16:00:00,3793.9539999999984
2013-07-12 16:30:00,4296.004000000004
2013-07-12 17:00:00,5049.204
2013-07-12 17:30:00,6118.397999999982
2013-07-12 18:00:00,7241.53600000001
2013-07-12 18:30:00,7752.692000000022
2013-07-12 19:00:00,7711.763999999999
2013-07-12 19:30:00,7595.441999999986
2013-07-12 20:00:00,7528.250000000018
2013-07-12 20:30:00,7544.366000000005
2013-07-12 21:00:00,7292.682000000011
2013-07-12 21:30:00,6940.898000000007
2013-07-12 22:00:00,6451.677999999988
2013-07-12 22:30:00,5955.026000000019
2013-07-12 23:00:00,5342.29200000001
2013-07-12 23:30:00,4693.243999999998
2013-07-13 00:00:00,4214.555999999997
2013-07-13 00:30:00,3821.1520000000014
2013-07-13 01:00:00,3424.6440000000043
2013-07-13 01:30:00,3091.0720000000006
2013-07-13 02:00:00,2897.838000000001
2013-07-13 02:30:00,2741.8259999999973
2013-07-13 03:00:00,2640.5739999999996
2013-07-13 03:30:00,2546.962000000004
2013-07-13 04:00:00,2488.4180000000097
2013-07-13 04:30:00,2534.74800000001
2013-07-13 05:00:00,2713.2360000000035
2013-07-13 05:30:00,2758.2400000000016
2013-07-13 06:00:00,2932.393999999993
2013-07-13 06:30:00,3077.359999999992
2013-07-13 07:00:00,3424.001999999989
2013-07-13 07:30:00,4139.963999999991
2013-07-13 08:00:00,4644.6500000000015
2013-07-13 08:30:00,5070.477999999991
2013-07-13 09:00:00,5122.576000000009
2013-07-13 09:30:00,4933.233999999998
2013-07-13 10:00:00,4785.473999999978
2013-07-13 10:30:00,4644.9320000000025
2013-07-13 11:00:00,4376.228000000002
2013-07-13 11:30:00,4180.505999999996
2013-07-13 12:00:00,4100.441999999979
2013-07-13 12:30:00,4175.977999999999
2013-07-13 13:00:00,4210.533999999993
2013-07-13 13:30:00,4317.737999999992
2013-07-13 14:00:00,4374.303999999997
2013-07-13 14:30:00,4389.596000000002
2013-07-13 15:00:00,4340.841999999994
2013-07-13 15:30:00,4416.551999999997
2013-07-13 16:00:00,4582.397999999998
2013-07-13 16:30:00,4869.775999999984
2013-07-13 17:00:00,5442.677999999996
2013-07-13 17:30:00,6482.886000000002
2013-07-13 18:00:00,7546.106000000008
2013-07-13 18:30:00,7689.05400000003
2013-07-13 19:00:00,7614.310000000032
2013-07-13 19:30:00,7364.207999999987
2013-07-13 20:00:00,7110.582000000004
2013-07-13 20:30:00,6877.281999999976
2013-07-13 21:00:00,6733.3160000000125
2013-07-13 21:30:00,6559.58399999999
2013-07-13 22:00:00,6199.547999999999
2013-07-13 22:30:00,5756.249999999973
2013-07-13 23:00:00,5280.024000000027
2013-07-13 23:30:00,4776.918
2013-07-14 00:00:00,4354.07800000001
2013-07-14 00:30:00,3840.261999999993
2013-07-14 01:00:00,3485.5679999999884
2013-07-14 01:30:00,3140.205999999995
2013-07-14 02:00:00,2923.933999999992
2013-07-14 02:30:00,2785.0400000000077
2013-07-14 03:00:00,2664.6159999999886
2013-07-14 03:30:00,2587.439999999992
2013-07-14 04:00:00,2547.002000000001
2013-07-14 04:30:00,2552.752
2013-07-14 05:00:00,2671.310000000001
2013-07-14 05:30:00,2763.2280000000037
2013-07-14 06:00:00,2868.825999999997
2013-07-14 06:30:00,2945.4440000000013
2013-07-14 07:00:00,3171.473999999994
2013-07-14 07:30:00,3756.083999999991
2013-07-14 08:00:00,4413.09
2013-07-14 08:30:00,4771.277999999987
2013-07-14 09:00:00,4960.539999999995
2013-07-14 09:30:00,4921.529999999982
2013-07-14 10:00:00,4763.051999999983
2013-07-14 10:30:00,4543.296000000007
2013-07-14 11:00:00,4389.805999999996
2013-07-14 11:30:00,4291.203999999998
2013-07-14 12:00:00,4248.503999999999
2013-07-14 12:30:00,4246.8280000000095
2013-07-14 13:00:00,4069.118000000014
2013-07-14 13:30:00,3939.5699999999906
2013-07-14 14:00:00,3819.836000000001
2013-07-14 14:30:00,3821.9379999999937
2013-07-14 15:00:00,3780.1480000000065
2013-07-14 15:30:00,3934.657999999998
2013-07-14 16:00:00,4271.258000000021
2013-07-14 16:30:00,4888.128000000021
2013-07-14 17:00:00,5839.647999999989
2013-07-14 17:30:00,6993.187999999999
2013-07-14 18:00:00,7797.099999999997
2013-07-14 18:30:00,8268.421999999995
2013-07-14 19:00:00,8147.322000000002
2013-07-14 19:30:00,7910.952000000019
2013-07-14 20:00:00,7647.307999999971
2013-07-14 20:30:00,7461.582000000003
2013-07-14 21:00:00,7231.918000000016
2013-07-14 21:30:00,6773.153999999999
2013-07-14 22:00:00,6162.304000000015
2013-07-14 22:30:00,5594.919999999994
2013-07-14 23:00:00,4960.557999999998
2013-07-14 23:30:00,4279.797999999991
2013-07-15 00:00:00,3673.071999999997
2013-07-15 00:30:00,3238.5919999999933
2013-07-15 01:00:00,2949.1119999999974
2013-07-15 01:30:00,2693.9579999999946
2013-07-15 02:00:00,2552.666
2013-07-15 02:30:00,2428.2619999999956
2013-07-15 03:00:00,2347.3200000000015
2013-07-15 03:30:00,2311.2200000000034
2013-07-15 04:00:00,2278.1300000000033
2013-07-15 04:30:00,2325.739999999994
2013-07-15 05:00:00,2523.059999999996
2013-07-15 05:30:00,2709.912000000005
2013-07-15 06:00:00,2983.5440000000003
2013-07-15 06:30:00,3310.355999999982
2013-07-15 07:00:00,3790.748
2013-07-15 07:30:00,4453.93199999998
2013-07-15 08:00:00,4782.425999999986
2013-07-15 08:30:00,4724.132000000002
2013-07-15 09:00:00,4575.817999999988
2013-07-15 09:30:00,4425.1219999999885
2013-07-15 10:00:00,4240.3119999999835
2013-07-15 10:30:00,4167.162000000008
2013-07-15 11:00:00,4100.933999999983
2013-07-15 11:30:00,3936.681999999996
2013-07-15 12:00:00,3836.751999999991
2013-07-15 12:30:00,3754.843999999985
2013-07-15 13:00:00,3708.1159999999936
2013-07-15 13:30:00,3547.034000000015
2013-07-15 14:00:00,3545.070000000004
2013-07-15 14:30:00,3495.1820000000066
2013-07-15 15:00:00,3514.275999999993
2013-07-15 15:30:00,3650.713999999997
2013-07-15 16:00:00,3980.481999999998
2013-07-15 16:30:00,4527.120000000002
2013-07-15 17:00:00,5342.72000000002
2013-07-15 17:30:00,6298.071999999993
2013-07-15 18:00:00,7280.320000000033
2013-07-15 18:30:00,7804.512000000046
2013-07-15 19:00:00,7902.384000000004
2013-07-15 19:30:00,7652.042000000015
2013-07-15 20:00:00,7338.794000000008
2013-07-15 20:30:00,7112.294000000021
2013-07-15 21:00:00,6838.377999999989
2013-07-15 21:30:00,6339.658000000018
2013-07-15 22:00:00,5683.5200000000095
2013-07-15 22:30:00,4987.255999999992
2013-07-15 23:00:00,4428.608000000011
2013-07-15 23:30:00,3814.981999999996
2013-07-16 00:00:00,3348.1019999999976
2013-07-16 00:30:00,2936.5520000000006
2013-07-16 01:00:00,2706.076
2013-07-16 01:30:00,2527.758000000002
2013-07-16 02:00:00,2399.081999999994
2013-07-16 02:30:00,2307.567999999992
2013-07-16 03:00:00,2257.407999999994
2013-07-16 03:30:00,2221.5199999999977
2013-07-16 04:00:00,2203.3859999999945
2013-07-16 04:30:00,2256.3140000000044
2013-07-16 05:00:00,2434.9680000000003
2013-07-16 05:30:00,2625.623999999999
2013-07-16 06:00:00,2870.753999999992
2013-07-16 06:30:00,3300.935999999996
2013-07-16 07:00:00,3889.0959999999973
2013-07-16 07:30:00,4675.351999999985
2013-07-16 08:00:00,4903.149999999995
2013-07-16 08:30:00,4554.079999999989
2013-07-16 09:00:00,4160.9019999999955
2013-07-16 09:30:00,3774.7359999999885
2013-07-16 10:00:00,3644.1059999999948
2013-07-16 10:30:00,3523.7519999999954
2013-07-16 11:00:00,3415.8519999999953
2013-07-16 11:30:00,3338.752000000001
2013-07-16 12:00:00,3226.3379999999993
2013-07-16 12:30:00,3209.4880000000016
2013-07-16 13:00:00,3056.761999999997
2013-07-16 13:30:00,3019.5079999999984
2013-07-16 14:00:00,2998.0539999999914
2013-07-16 14:30:00,2953.1980000000017
2013-07-16 15:00:00,2975.1600000000044
2013-07-16 15:30:00,3054.336
2013-07-16 16:00:00,3466.08199999999
2013-07-16 16:30:00,3923.264
2013-07-16 17:00:00,4384.076000000005
2013-07-16 17:30:00,5312.939999999991
2013-07-16 18:00:00,6532.121999999999
2013-07-16 18:30:00,6943.1960000000045
2013-07-16 19:00:00,7013.948000000012
2013-07-16 19:30:00,6807.209999999998
2013-07-16 20:00:00,6568.003999999985
2013-07-16 20:30:00,6351.504000000022
2013-07-16 21:00:00,6157.289999999982
2013-07-16 21:30:00,5733.70800000002
2013-07-16 22:00:00,5263.738000000003
2013-07-16 22:30:00,4747.482000000003
2013-07-16 23:00:00,4168.303999999999
2013-07-16 23:30:00,3609.012000000002
2013-07-17 00:00:00,3128.524000000013
2013-07-17 00:30:00,2843.367999999996
2013-07-17 01:00:00,2590.907999999994
2013-07-17 01:30:00,2441.8619999999974
2013-07-17 02:00:00,2325.484000000004
2013-07-17 02:30:00,2261.135999999987
2013-07-17 03:00:00,2233.7739999999985
2013-07-17 03:30:00,2185.051999999994
2013-07-17 04:00:00,2142.8220000000056
2013-07-17 04:30:00,2220.813999999998
2013-07-17 05:00:00,2359.1340000000005
2013-07-17 05:30:00,2573.977999999994
2013-07-17 06:00:00,2842.222000000005
2013-07-17 06:30:00,3240.790000000002
2013-07-17 07:00:00,3870.827999999993
2013-07-17 07:30:00,4431.780000000005
2013-07-17 08:00:00,4638.808000000016
2013-07-17 08:30:00,4389.721999999996
2013-07-17 09:00:00,3881.6020000000003
2013-07-17 09:30:00,3577.4460000000004
2013-07-17 10:00:00,3299.2520000000013
2013-07-17 10:30:00,3069.369999999992
2013-07-17 11:00:00,3010.4440000000072
2013-07-17 11:30:00,2928.12
2013-07-17 12:00:00,2891.7020000000007
2013-07-17 12:30:00,2831.478000000008
2013-07-17 13:00:00,2766.431999999996
2013-07-17 13:30:00,2741.447999999998
2013-07-17 14:00:00,2692.7560000000103
2013-07-17 14:30:00,2674.122
2013-07-17 15:00:00,2621.7019999999884
2013-07-17 15:30:00,2729.520000000006
2013-07-17 16:00:00,2948.113999999993
2013-07-17 16:30:00,3236.908000000004
2013-07-17 17:00:00,3716.9639999999977
2013-07-17 17:30:00,4621.577999999995
2013-07-17 18:00:00,5561.551999999995
2013-07-17 18:30:00,6099.190000000024
2013-07-17 19:00:00,6153.354000000004
2013-07-17 19:30:00,5984.518
2013-07-17 20:00:00,5872.8899999999985
2013-07-17 20:30:00,5731.530000000023
2013-07-17 21:00:00,5497.866000000003
2013-07-17 21:30:00,5346.605999999997
2013-07-17 22:00:00,4991.455999999996
2013-07-17 22:30:00,4539.286000000017
2013-07-17 23:00:00,3948.6599999999967
2013-07-17 23:30:00,3432.1559999999977
2013-07-18 00:00:00,3059.5679999999984
2013-07-18 00:30:00,2714.8459999999986
2013-07-18 01:00:00,2453.519999999999
2013-07-18 01:30:00,2314.7260000000006
2013-07-18 02:00:00,2214.481999999996
2013-07-18 02:30:00,2122.906000000002
2013-07-18 03:00:00,2096.9840000000036
2013-07-18 03:30:00,2078.5259999999976
2013-07-18 04:00:00,2087.9299999999985
2013-07-18 04:30:00,2091.2440000000006
2013-07-18 05:00:00,2278.868
2013-07-18 05:30:00,2471.091999999997
2013-07-18 06:00:00,2742.945999999988
2013-07-18 06:30:00,3068.092000000006
2013-07-18 07:00:00,3717.8079999999986
2013-07-18 07:30:00,4348.366000000002
2013-07-18 08:00:00,4512.26599999999
2013-07-18 08:30:00,4249.057999999994
2013-07-18 09:00:00,3746.8459999999923
2013-07-18 09:30:00,3434.1579999999935
2013-07-18 10:00:00,3283.115999999991
2013-07-18 10:30:00,3178.928000000013
2013-07-18 11:00:00,3015.5239999999944
2013-07-18 11:30:00,2878.4839999999986
2013-07-18 12:00:00,2836.9739999999974
2013-07-18 12:30:00,2742.6780000000063
2013-07-18 13:00:00,2709.134000000008
2013-07-18 13:30:00,2710.254000000005
2013-07-18 14:00:00,2685.7739999999926
2013-07-18 14:30:00,2664.271999999993
2013-07-18 15:00:00,2684.9760000000006
2013-07-18 15:30:00,2736.9519999999993
2013-07-18 16:00:00,3048.3139999999953
2013-07-18 16:30:00,3411.447999999989
2013-07-18 17:00:00,3983.0099999999966
2013-07-18 17:30:00,4753.964000000008
2013-07-18 18:00:00,5570.150000000014
2013-07-18 18:30:00,6031.378000000006
2013-07-18 19:00:00,6070.944000000001
2013-07-18 19:30:00,5999.69199999999
2013-07-18 20:00:00,5826.763999999989
2013-07-18 20:30:00,5676.324000000028
2013-07-18 21:00:00,5456.159999999995
2013-07-18 21:30:00,5177.2719999999945
2013-07-18 22:00:00,4807.930000000012
2013-07-18 22:30:00,4387.463999999991
2013-07-18 23:00:00,3872.9379999999974
2013-07-18 23:30:00,3429.827999999996
2013-07-19 00:00:00,3030.7679999999914
2013-07-19 00:30:00,2709.580000000003
2013-07-19 01:00:00,2489.6879999999883
2013-07-19 01:30:00,2342.832
2013-07-19 02:00:00,2236.6559999999954
2013-07-19 02:30:00,2113.3899999999994
2013-07-19 03:00:00,2098.0379999999955
2013-07-19 03:30:00,2034.4479999999983
2013-07-19 04:00:00,1999.671999999996
2013-07-19 04:30:00,2031.3640000000012
2013-07-19 05:00:00,2165.5399999999995
2013-07-19 05:30:00,2412.730000000009
2013-07-19 06:00:00,2592.239999999999
2013-07-19 06:30:00,2961.5039999999985
2013-07-19 07:00:00,3492.4560000000006
2013-07-19 07:30:00,4106.898000000001
2013-07-19 08:00:00,4332.983999999977
2013-07-19 08:30:00,4125.520000000004
2013-07-19 09:00:00,3715.8560000000007
2013-07-19 09:30:00,3386.4359999999974
2013-07-19 10:00:00,3238.6700000000014
2013-07-19 10:30:00,3082.126000000004
2013-07-19 11:00:00,2940.2319999999936
2013-07-19 11:30:00,2906.5259999999917
2013-07-19 12:00:00,2961.4160000000143
2013-07-19 12:30:00,3090.4119999999966
2013-07-19 13:00:00,3181.2460000000083
2013-07-19 13:30:00,3188.000000000001
2013-07-19 14:00:00,3218.2780000000057
2013-07-19 14:30:00,3188.072000000004
2013-07-19 15:00:00,3286.3919999999957
2013-07-19 15:30:00,3430.1219999999926
2013-07-19 16:00:00,3898.4819999999922
2013-07-19 16:30:00,4320.720000000003
2013-07-19 17:00:00,4824.788000000005
2013-07-19 17:30:00,5493.318000000005
2013-07-19 18:00:00,6221.550000000023
2013-07-19 18:30:00,6482.960000000002
2013-07-19 19:00:00,6421.920000000006
2013-07-19 19:30:00,6213.643999999994
2013-07-19 20:00:00,6152.227999999994
2013-07-19 20:30:00,5926.665999999997
2013-07-19 21:00:00,5712.450000000008
2013-07-19 21:30:00,5416.175999999992
2013-07-19 22:00:00,5101.92999999999
2013-07-19 22:30:00,4628.841999999999
2013-07-19 23:00:00,4147.07199999999
2013-07-19 23:30:00,3705.436000000005
2013-07-20 00:00:00,3389.0200000000063
2013-07-20 00:30:00,3046.502000000004
2013-07-20 01:00:00,2771.147999999994
2013-07-20 01:30:00,2543.6600000000053
2013-07-20 02:00:00,2363.395999999994
2013-07-20 02:30:00,2256.8439999999987
2013-07-20 03:00:00,2239.1200000000017
2013-07-20 03:30:00,2137.752000000006
2013-07-20 04:00:00,2092.3599999999956
2013-07-20 04:30:00,2121.255999999997
2013-07-20 05:00:00,2241.5299999999975
2013-07-20 05:30:00,2305.0700000000006
2013-07-20 06:00:00,2394.1219999999944
2013-07-20 06:30:00,2554.879999999985
2013-07-20 07:00:00,2807.7199999999943
2013-07-20 07:30:00,3295.6140000000037
2013-07-20 08:00:00,3798.7079999999987
2013-07-20 08:30:00,4081.962000000006
2013-07-20 09:00:00,4206.753999999987
2013-07-20 09:30:00,4174.8780000000015
2013-07-20 10:00:00,4134.211999999995
2013-07-20 10:30:00,4038.2660000000087
2013-07-20 11:00:00,3989.0340000000074
2013-07-20 11:30:00,3881.6660000000074
2013-07-20 12:00:00,3806.1360000000095
2013-07-20 12:30:00,3712.456000000005
2013-07-20 13:00:00,3787.422000000001
2013-07-20 13:30:00,3643.405999999997
2013-07-20 14:00:00,3487.814000000007
2013-07-20 14:30:00,3433.0139999999997
2013-07-20 15:00:00,3397.555999999992
2013-07-20 15:30:00,3482.881999999996
2013-07-20 16:00:00,3658.787999999992
2013-07-20 16:30:00,3943.694000000005
2013-07-20 17:00:00,4490.491999999994
2013-07-20 17:30:00,5363.450000000004
2013-07-20 18:00:00,6306.9000000000015
2013-07-20 18:30:00,6616.820000000007
2013-07-20 19:00:00,6564.844000000001
2013-07-20 19:30:00,6379.428000000005
2013-07-20 20:00:00,6024.509999999972
2013-07-20 20:30:00,5955.121999999974
2013-07-20 21:00:00,5834.714000000006
2013-07-20 21:30:00,5584.255999999987
2013-07-20 22:00:00,5284.237999999986
2013-07-20 22:30:00,4947.111999999983
2013-07-20 23:00:00,4501.964000000009
2013-07-20 23:30:00,4102.452000000002
2013-07-21 00:00:00,3727.1460000000075
2013-07-21 00:30:00,3354.131999999998
2013-07-21 01:00:00,3080.8699999999862
2013-07-21 01:30:00,2842.4939999999997
2013-07-21 02:00:00,2656.8999999999987
2013-07-21 02:30:00,2521.0499999999956
2013-07-21 03:00:00,2431.821999999996
2013-07-21 03:30:00,2342.765999999997
2013-07-21 04:00:00,2322.331999999996
2013-07-21 04:30:00,2326.265999999991
2013-07-21 05:00:00,2442.281999999995
2013-07-21 05:30:00,2518.1580000000054
2013-07-21 06:00:00,2626.8139999999935
2013-07-21 06:30:00,2728.791999999999
2013-07-21 07:00:00,3037.7559999999985
2013-07-21 07:30:00,3627.3499999999926
2013-07-21 08:00:00,4238.695999999994
2013-07-21 08:30:00,4712.2939999999835
2013-07-21 09:00:00,4881.327999999993
2013-07-21 09:30:00,4851.686000000001
2013-07-21 10:00:00,4745.982000000007
2013-07-21 10:30:00,4577.0779999999995
2013-07-21 11:00:00,4481.038000000008
2013-07-21 11:30:00,4342.218000000006
2013-07-21 12:00:00,4300.659999999993
2013-07-21 12:30:00,4199.203999999996
2013-07-21 13:00:00,4087.5339999999883
2013-07-21 13:30:00,3999.682000000002
2013-07-21 14:00:00,3970.4900000000052
2013-07-21 14:30:00,3907.3940000000084
2013-07-21 15:00:00,3999.412000000002
2013-07-21 15:30:00,4115.573999999998
2013-07-21 16:00:00,4470.397999999999
2013-07-21 16:30:00,4970.789999999975
2013-07-21 17:00:00,5848.37400000002
2013-07-21 17:30:00,6946.0900000000065
2013-07-21 18:00:00,8157.63600000001
2013-07-21 18:30:00,8676.172000000008
2013-07-21 19:00:00,8589.606000000014
2013-07-21 19:30:00,8510.482000000002
2013-07-21 20:00:00,8288.285999999991
2013-07-21 20:30:00,8212.273999999996
2013-07-21 21:00:00,7862.573999999995
2013-07-21 21:30:00,7450.3400000000265
2013-07-21 22:00:00,6848.284000000005
2013-07-21 22:30:00,5910.946000000001
2013-07-21 23:00:00,5083.37600000001
2013-07-21 23:30:00,4317.95400000001
2013-07-22 00:00:00,3745.663999999993
2013-07-22 00:30:00,3374.4939999999833
2013-07-22 01:00:00,3031.949999999995
2013-07-22 01:30:00,2859.8719999999958
2013-07-22 02:00:00,2710.989999999996
2013-07-22 02:30:00,2618.5919999999924
2013-07-22 03:00:00,2590.579999999997
2013-07-22 03:30:00,2541.7120000000014
2013-07-22 04:00:00,2553.465999999988
2013-07-22 04:30:00,2595.503999999999
2013-07-22 05:00:00,2762.34799999999
2013-07-22 05:30:00,2981.7679999999978
2013-07-22 06:00:00,3369.5960000000023
2013-07-22 06:30:00,3934.217999999997
2013-07-22 07:00:00,4813.6380000000145
2013-07-22 07:30:00,5758.2899999999945
2013-07-22 08:00:00,6087.493999999996
2013-07-22 08:30:00,5717.263999999983
2013-07-22 09:00:00,4969.570000000002
2013-07-22 09:30:00,4494.583999999996
2013-07-22 10:00:00,4165.269999999998
2013-07-22 10:30:00,3928.339999999986
2013-07-22 11:00:00,3798.7000000000057
2013-07-22 11:30:00,3673.003999999992
2013-07-22 12:00:00,3550.793999999993
2013-07-22 12:30:00,3568.647999999986
2013-07-22 13:00:00,3560.2019999999884
2013-07-22 13:30:00,3522.0339999999887
2013-07-22 14:00:00,3467.585999999997
2013-07-22 14:30:00,3464.723999999999
2013-07-22 15:00:00,3417.7079999999983
2013-07-22 15:30:00,3531.6159999999995
2013-07-22 16:00:00,3913.9040000000027
2013-07-22 16:30:00,4417.007999999992
2013-07-22 17:00:00,5255.864000000007
2013-07-22 17:30:00,6669.442000000001
2013-07-22 18:00:00,8046.0300000000025
2013-07-22 18:30:00,8895.702000000003
2013-07-22 19:00:00,9160.649999999983
2013-07-22 19:30:00,8960.783999999994
2013-07-22 20:00:00,8760.683999999976
2013-07-22 20:30:00,8496.102000000019
2013-07-22 21:00:00,8213.189999999995
2013-07-22 21:30:00,7710.191999999996
2013-07-22 22:00:00,7036.771999999989
2013-07-22 22:30:00,6163.008000000002
2013-07-22 23:00:00,5334.936000000027
2013-07-22 23:30:00,4443.364000000009
2013-07-23 00:00:00,3865.268000000013
2013-07-23 00:30:00,3457.6820000000066
2013-07-23 01:00:00,3073.6879999999996
2013-07-23 01:30:00,2930.1559999999918
2013-07-23 02:00:00,2762.867999999998
2013-07-23 02:30:00,2603.523999999995
2013-07-23 03:00:00,2607.6040000000107
2013-07-23 03:30:00,2575.6559999999977
2013-07-23 04:00:00,2568.89599999999
2013-07-23 04:30:00,2658.6519999999937
2013-07-23 05:00:00,2887.5120000000006
2013-07-23 05:30:00,3137.563999999995
2013-07-23 06:00:00,3559.015999999993
2013-07-23 06:30:00,4196.670000000013
2013-07-23 07:00:00,4975.275999999999
2013-07-23 07:30:00,5938.557999999987
2013-07-23 08:00:00,6171.941999999995
2013-07-23 08:30:00,5732.889999999995
2013-07-23 09:00:00,4974.456000000011
2013-07-23 09:30:00,4406.573999999987
2013-07-23 10:00:00,4162.4739999999965
2013-07-23 10:30:00,3862.2059999999965
2013-07-23 11:00:00,3632.390000000005
2013-07-23 11:30:00,3545.1220000000026
2013-07-23 12:00:00,3470.083999999991
2013-07-23 12:30:00,3444.1419999999985
2013-07-23 13:00:00,3401.029999999999
2013-07-23 13:30:00,3345.662000000003
2013-07-23 14:00:00,3285.2040000000065
2013-07-23 14:30:00,3296.8880000000154
2013-07-23 15:00:00,3377.518
2013-07-23 15:30:00,3566.533999999996
2013-07-23 16:00:00,4104.157999999993
2013-07-23 16:30:00,4603.470000000008
2013-07-23 17:00:00,5299.836000000012
2013-07-23 17:30:00,6517.587999999981
2013-07-23 18:00:00,7863.458000000001
2013-07-23 18:30:00,8656.264000000003
2013-07-23 19:00:00,8945.485999999997
2013-07-23 19:30:00,8794.681999999992
2013-07-23 20:00:00,8642.713999999985
2013-07-23 20:30:00,8426.917999999998
2013-07-23 21:00:00,8163.385999999984
2013-07-23 21:30:00,7641.134000000012
2013-07-23 22:00:00,6946.891999999991
2013-07-23 22:30:00,6069.966000000001
2013-07-23 23:00:00,5203.034000000023
2013-07-23 23:30:00,4359.327999999993
2013-07-24 00:00:00,3848.527999999984
2013-07-24 00:30:00,3352.247999999996
2013-07-24 01:00:00,3084.2559999999903
2013-07-24 01:30:00,2859.644
2013-07-24 02:00:00,2762.174000000011
2013-07-24 02:30:00,2652.4340000000057
2013-07-24 03:00:00,2593.044
2013-07-24 03:30:00,2562.727999999996
2013-07-24 04:00:00,2559.384
2013-07-24 04:30:00,2600.3919999999894
2013-07-24 05:00:00,2779.8979999999897
2013-07-24 05:30:00,3026.6099999999888
2013-07-24 06:00:00,3400.7699999999923
2013-07-24 06:30:00,3949.433999999988
2013-07-24 07:00:00,4683.121999999991
2013-07-24 07:30:00,5570.94399999998
2013-07-24 08:00:00,5849.81999999999
2013-07-24 08:30:00,5389.967999999998
2013-07-24 09:00:00,4795.440000000009
2013-07-24 09:30:00,4359.20599999999
2013-07-24 10:00:00,4098.583999999997
2013-07-24 10:30:00,3887.806000000008
2013-07-24 11:00:00,3814.520000000005
2013-07-24 11:30:00,3734.1580000000013
2013-07-24 12:00:00,3672.784000000006
2013-07-24 12:30:00,3678.674000000004
2013-07-24 13:00:00,3602.812000000002
2013-07-24 13:30:00,3467.8160000000075
2013-07-24 14:00:00,3436.0499999999943
2013-07-24 14:30:00,3422.7340000000017
2013-07-24 15:00:00,3547.32000000001
2013-07-24 15:30:00,3660.369999999995
2013-07-24 16:00:00,4025.4679999999967
2013-07-24 16:30:00,4626.917999999995
2013-07-24 17:00:00,5271.389999999993
2013-07-24 17:30:00,6428.992000000004
2013-07-24 18:00:00,7624.763999999993
2013-07-24 18:30:00,8332.397999999992
2013-07-24 19:00:00,8539.891999999996
2013-07-24 19:30:00,8413.963999999993
2013-07-24 20:00:00,8301.396
2013-07-24 20:30:00,8097.7680000000155
2013-07-24 21:00:00,7856.166000000027
2013-07-24 21:30:00,7325.297999999972
2013-07-24 22:00:00,6745.4259999999795
2013-07-24 22:30:00,5896.757999999992
2013-07-24 23:00:00,5070.143999999996
2013-07-24 23:30:00,4318.2379999999885
2013-07-25 00:00:00,3763.3939999999966
2013-07-25 00:30:00,3377.8979999999883
2013-07-25 01:00:00,3105.057999999989
2013-07-25 01:30:00,2868.323999999995
2013-07-25 02:00:00,2735.1620000000107
2013-07-25 02:30:00,2681.077999999995
2013-07-25 03:00:00,2567.3800000000033
2013-07-25 03:30:00,2545.678
2013-07-25 04:00:00,2545.0380000000005
2013-07-25 04:30:00,2639.1719999999973
2013-07-25 05:00:00,2854.9120000000016
2013-07-25 05:30:00,3097.462000000007
2013-07-25 06:00:00,3452.011999999998
2013-07-25 06:30:00,3905.2359999999867
2013-07-25 07:00:00,4666.348000000003
2013-07-25 07:30:00,5578.241999999991
2013-07-25 08:00:00,5984.436000000001
2013-07-25 08:30:00,5485.413999999979
2013-07-25 09:00:00,4902.8780000000015
2013-07-25 09:30:00,4361.317999999996
2013-07-25 10:00:00,3985.825999999988
2013-07-25 10:30:00,3671.9699999999943
2013-07-25 11:00:00,3512.82399999999
2013-07-25 11:30:00,3331.3559999999948
2013-07-25 12:00:00,3180.521999999992
2013-07-25 12:30:00,3180.117999999995
2013-07-25 13:00:00,3081.421999999997
2013-07-25 13:30:00,3018.6199999999967
2013-07-25 14:00:00,3000.7999999999997
2013-07-25 14:30:00,2955.4720000000025
2013-07-25 15:00:00,2918.2279999999937
2013-07-25 15:30:00,3028.8820000000005
2013-07-25 16:00:00,3399.785999999997
2013-07-25 16:30:00,3827.7100000000014
2013-07-25 17:00:00,4510.9739999999965
2013-07-25 17:30:00,5731.307999999994
2013-07-25 18:00:00,7027.006000000006
2013-07-25 18:30:00,7722.332000000006
2013-07-25 19:00:00,7887.47599999998
2013-07-25 19:30:00,7862.024000000009
2013-07-25 20:00:00,7686.076000000004
2013-07-25 20:30:00,7668.42999999999
2013-07-25 21:00:00,7469.806000000005
2013-07-25 21:30:00,7119.783999999994
2013-07-25 22:00:00,6581.559999999994
2013-07-25 22:30:00,5912.571999999999
2013-07-25 23:00:00,5147.766
2013-07-25 23:30:00,4365.437999999986
2013-07-26 00:00:00,3806.3740000000053
2013-07-26 00:30:00,3349.2640000000033
2013-07-26 01:00:00,3057.9759999999956
2013-07-26 01:30:00,2840.2359999999976
2013-07-26 02:00:00,2700.197999999999
2013-07-26 02:30:00,2595.679999999997
2013-07-26 03:00:00,2557.426000000002
2013-07-26 03:30:00,2513.375999999997
2013-07-26 04:00:00,2533.3439999999873
2013-07-26 04:30:00,2596.6560000000004
2013-07-26 05:00:00,2821.1719999999873
2013-07-26 05:30:00,3104.873999999997
2013-07-26 06:00:00,3448.655999999999
2013-07-26 06:30:00,3945.513999999993
2013-07-26 07:00:00,4738.219999999995
2013-07-26 07:30:00,5646.704000000011
2013-07-26 08:00:00,5896.819999999972
2013-07-26 08:30:00,5484.951999999999
2013-07-26 09:00:00,4987.875999999997
2013-07-26 09:30:00,4521.57400000001
2013-07-26 10:00:00,4204.834
2013-07-26 10:30:00,3942.1680000000065
2013-07-26 11:00:00,3719.4359999999974
2013-07-26 11:30:00,3626.4000000000083
2013-07-26 12:00:00,3528.8680000000063
2013-07-26 12:30:00,3477.8059999999973
2013-07-26 13:00:00,3348.2679999999973
2013-07-26 13:30:00,3241.5100000000107
2013-07-26 14:00:00,3151.390000000012
2013-07-26 14:30:00,3061.6100000000015
2013-07-26 15:00:00,2981.953999999989
2013-07-26 15:30:00,3050.8480000000063
2013-07-26 16:00:00,3383.919999999995
2013-07-26 16:30:00,3766.7959999999857
2013-07-26 17:00:00,4473.123999999987
2013-07-26 17:30:00,5600.191999999989
2013-07-26 18:00:00,6973.968000000002
2013-07-26 18:30:00,7621.4999999999745
2013-07-26 19:00:00,7851.243999999987
2013-07-26 19:30:00,7706.837999999996
2013-07-26 20:00:00,7623.297999999994
2013-07-26 20:30:00,7456.713999999995
2013-07-26 21:00:00,7218.465999999991
2013-07-26 21:30:00,6938.234000000011
2013-07-26 22:00:00,6491.6879999999965
2013-07-26 22:30:00,5879.626000000006
2013-07-26 23:00:00,5312.959999999992
2013-07-26 23:30:00,4667.992000000007
2013-07-27 00:00:00,4129.135999999994
2013-07-27 00:30:00,3660.3000000000075
2013-07-27 01:00:00,3334.726000000003
2013-07-27 01:30:00,3103.5819999999962
2013-07-27 02:00:00,2897.0560000000087
2013-07-27 02:30:00,2744.5340000000065
2013-07-27 03:00:00,2608.837999999997
2013-07-27 03:30:00,2515.4259999999963
2013-07-27 04:00:00,2575.7299999999927
2013-07-27 04:30:00,2613.6480000000024
2013-07-27 05:00:00,2755.139999999996
2013-07-27 05:30:00,2818.742000000011
2013-07-27 06:00:00,2956.6359999999922
2013-07-27 06:30:00,3223.624
2013-07-27 07:00:00,3662.9559999999924
2013-07-27 07:30:00,4470.367999999999
2013-07-27 08:00:00,5026.085999999991
2013-07-27 08:30:00,5330.676000000007
2013-07-27 09:00:00,5318.661999999987
2013-07-27 09:30:00,5036.258000000012
2013-07-27 10:00:00,4880.609999999999
2013-07-27 10:30:00,4633.171999999985
2013-07-27 11:00:00,4430.134000000005
2013-07-27 11:30:00,4127.931999999995
2013-07-27 12:00:00,3963.2679999999873
2013-07-27 12:30:00,3811.781999999997
2013-07-27 13:00:00,3703.551999999995
2013-07-27 13:30:00,3688.0259999999967
2013-07-27 14:00:00,3616.650000000011
2013-07-27 14:30:00,3588.1119999999983
2013-07-27 15:00:00,3612.8079999999995
2013-07-27 15:30:00,3728.8160000000144
2013-07-27 16:00:00,3959.1820000000007
2013-07-27 16:30:00,4240.261999999994
2013-07-27 17:00:00,4826.329999999998
2013-07-27 17:30:00,5896.997999999984
2013-07-27 18:00:00,6934.924000000004
2013-07-27 18:30:00,7416.207999999985
2013-07-27 19:00:00,7447.8439999999855
2013-07-27 19:30:00,7243.786
2013-07-27 20:00:00,6985.333999999987
2013-07-27 20:30:00,6763.958000000023
2013-07-27 21:00:00,6587.168000000003
2013-07-27 21:30:00,6313.719999999977
2013-07-27 22:00:00,5957.828000000006
2013-07-27 22:30:00,5529.063999999985
2013-07-27 23:00:00,5005.853999999997
2013-07-27 23:30:00,4520.736000000008
2013-07-28 00:00:00,4046.0319999999924
2013-07-28 00:30:00,3643.0499999999965
2013-07-28 01:00:00,3381.325999999994
2013-07-28 01:30:00,3090.8420000000115
2013-07-28 02:00:00,2875.5299999999925
2013-07-28 02:30:00,2749.8959999999965
2013-07-28 03:00:00,2655.0479999999993
2013-07-28 03:30:00,2594.485999999994
2013-07-28 04:00:00,2550.8120000000013
2013-07-28 04:30:00,2572.104000000001
2013-07-28 05:00:00,2688.457999999994
2013-07-28 05:30:00,2805.5939999999923
2013-07-28 06:00:00,2910.609999999987
2013-07-28 06:30:00,3004.739999999995
2013-07-28 07:00:00,3405.225999999987
2013-07-28 07:30:00,3986.299999999991
2013-07-28 08:00:00,4569.997999999989
2013-07-28 08:30:00,5019.236000000013
2013-07-28 09:00:00,5339.680000000002
2013-07-28 09:30:00,5368.8839999999955
2013-07-28 10:00:00,5176.495999999992
2013-07-28 10:30:00,4967.336000000025
2013-07-28 11:00:00,4826.907999999987
2013-07-28 11:30:00,4663.436000000011
2013-07-28 12:00:00,4617.053999999993
2013-07-28 12:30:00,4563.892000000008
2013-07-28 13:00:00,4393.735999999999
2013-07-28 13:30:00,4219.325999999989
2013-07-28 14:00:00,4008.6019999999994
2013-07-28 14:30:00,3899.1679999999938
2013-07-28 15:00:00,3939.5539999999933
2013-07-28 15:30:00,3994.0299999999934
2013-07-28 16:00:00,4194.6000000000095
2013-07-28 16:30:00,4684.213999999996
2013-07-28 17:00:00,5366.604000000001
2013-07-28 17:30:00,6492.940000000005
2013-07-28 18:00:00,7556.731999999991
2013-07-28 18:30:00,8146.52400000002
2013-07-28 19:00:00,8186.5999999999985
2013-07-28 19:30:00,8085.8519999999735
2013-07-28 20:00:00,7807.423999999992
2013-07-28 20:30:00,7473.088000000014
2013-07-28 21:00:00,7042.743999999986
2013-07-28 21:30:00,6622.694000000005
2013-07-28 22:00:00,6012.102000000009
2013-07-28 22:30:00,5303.7159999999885
2013-07-28 23:00:00,4624.240000000002
2013-07-28 23:30:00,4023.7660000000024
2013-07-29 00:00:00,3479.676000000004
2013-07-29 00:30:00,3098.191999999995
2013-07-29 01:00:00,2849.772000000002
2013-07-29 01:30:00,2681.63599999999
2013-07-29 02:00:00,2490.5219999999977
2013-07-29 02:30:00,2433.1519999999923
2013-07-29 03:00:00,2349.007999999995
2013-07-29 03:30:00,2329.129999999999
2013-07-29 04:00:00,2350.8019999999956
2013-07-29 04:30:00,2426.3100000000013
2013-07-29 05:00:00,2621.677999999996
2013-07-29 05:30:00,2833.5500000000034
2013-07-29 06:00:00,3183.3240000000046
2013-07-29 06:30:00,3729.0419999999945
2013-07-29 07:00:00,4527.429999999998
2013-07-29 07:30:00,5301.001999999989
2013-07-29 08:00:00,5364.646000000001
2013-07-29 08:30:00,5010.886000000009
2013-07-29 09:00:00,4475.005999999996
2013-07-29 09:30:00,3936.2880000000005
2013-07-29 10:00:00,3710.4220000000014
2013-07-29 10:30:00,3512.8539999999985
2013-07-29 11:00:00,3196.2299999999987
2013-07-29 11:30:00,3063.5800000000036
2013-07-29 12:00:00,3004.3979999999933
2013-07-29 12:30:00,2991.0920000000037
2013-07-29 13:00:00,2928.557999999992
2013-07-29 13:30:00,2823.249999999997
2013-07-29 14:00:00,2793.0599999999977
2013-07-29 14:30:00,2742.352000000011
2013-07-29 15:00:00,2764.3360000000002
2013-07-29 15:30:00,2853.954000000002
2013-07-29 16:00:00,3147.9659999999985
2013-07-29 16:30:00,3444.8320000000067
2013-07-29 17:00:00,3956.321999999998
2013-07-29 17:30:00,5003.285999999985
2013-07-29 18:00:00,6163.940000000022
2013-07-29 18:30:00,6904.759999999995
2013-07-29 19:00:00,7104.483999999999
2013-07-29 19:30:00,6794.378000000014
2013-07-29 20:00:00,6626.778000000009
2013-07-29 20:30:00,6588.080000000026
2013-07-29 21:00:00,6304.90599999999
2013-07-29 21:30:00,5986.193999999999
2013-07-29 22:00:00,5561.481999999992
2013-07-29 22:30:00,4902.731999999993
2013-07-29 23:00:00,4285.055999999992
2013-07-29 23:30:00,3672.361999999986
2013-07-30 00:00:00,3239.5160000000046
2013-07-30 00:30:00,2888.491999999995
2013-07-30 01:00:00,2620.551999999985
2013-07-30 01:30:00,2484.9600000000046
2013-07-30 02:00:00,2339.7699999999936
2013-07-30 02:30:00,2301.009999999993
2013-07-30 03:00:00,2232.486
2013-07-30 03:30:00,2197.6260000000075
2013-07-30 04:00:00,2179.1959999999995
2013-07-30 04:30:00,2288.5399999999936
2013-07-30 05:00:00,2428.451999999991
2013-07-30 05:30:00,2678.1660000000106
2013-07-30 06:00:00,3035.942000000016
2013-07-30 06:30:00,3554.211999999999
2013-07-30 07:00:00,4208.5800000000045
2013-07-30 07:30:00,4994.824000000006
2013-07-30 08:00:00,5135.321999999992
2013-07-30 08:30:00,4732.5239999999885
2013-07-30 09:00:00,4109.245999999992
2013-07-30 09:30:00,3627.410000000007
2013-07-30 10:00:00,3399.463999999996
2013-07-30 10:30:00,3280.032000000003
2013-07-30 11:00:00,3112.406000000013
2013-07-30 11:30:00,3114.926000000004
2013-07-30 12:00:00,2971.2000000000066
2013-07-30 12:30:00,2970.6359999999895
2013-07-30 13:00:00,2978.111999999997
2013-07-30 13:30:00,2942.982000000002
2013-07-30 14:00:00,2888.6699999999873
2013-07-30 14:30:00,2822.576000000002
2013-07-30 15:00:00,2811.4479999999985
2013-07-30 15:30:00,2891.4040000000045
2013-07-30 16:00:00,3216.246000000001
2013-07-30 16:30:00,3655.139999999989
2013-07-30 17:00:00,4365.169999999984
2013-07-30 17:30:00,5376.691999999977
2013-07-30 18:00:00,6380.166000000006
2013-07-30 18:30:00,7021.232000000042
2013-07-30 19:00:00,7068.464000000002
2013-07-30 19:30:00,6898.036000000009
2013-07-30 20:00:00,6720.072000000014
2013-07-30 20:30:00,6603.767999999984
2013-07-30 21:00:00,6336.585999999977
2013-07-30 21:30:00,5914.326000000007
2013-07-30 22:00:00,5524.281999999985
2013-07-30 22:30:00,4892.922000000002
2013-07-30 23:00:00,4265.767999999994
2013-07-30 23:30:00,3649.144000000008
2013-07-31 00:00:00,3215.8519999999958
2013-07-31 00:30:00,2834.8159999999993
2013-07-31 01:00:00,2617.5820000000094
2013-07-31 01:30:00,2450.8779999999997
2013-07-31 02:00:00,2363.05599999999
2013-07-31 02:30:00,2275.4699999999993
2013-07-31 03:00:00,2242.9679999999967
2013-07-31 03:30:00,2196.7000000000025
2013-07-31 04:00:00,2157.719999999997
2013-07-31 04:30:00,2208.753999999995
2013-07-31 05:00:00,2390.763999999998
2013-07-31 05:30:00,2626.201999999993
2013-07-31 06:00:00,2890.311999999993
2013-07-31 06:30:00,3319.356000000004
2013-07-31 07:00:00,3955.696000000006
2013-07-31 07:30:00,4666.401999999995
2013-07-31 08:00:00,4847.481999999984
2013-07-31 08:30:00,4507.3879999999845
2013-07-31 09:00:00,3826.907999999997
2013-07-31 09:30:00,3529.1479999999797
2013-07-31 10:00:00,3390.6980000000044
2013-07-31 10:30:00,3346.815999999998
2013-07-31 11:00:00,3221.045999999999
2013-07-31 11:30:00,3204.390000000005
2013-07-31 12:00:00,3122.873999999994
2013-07-31 12:30:00,3160.960000000007
2013-07-31 13:00:00,3144.4999999999964
2013-07-31 13:30:00,3099.950000000004
2013-07-31 14:00:00,3074.1319999999905
2013-07-31 14:30:00,3036.911999999988
2013-07-31 15:00:00,3003.023999999989
2013-07-31 15:30:00,3166.095999999995
2013-07-31 16:00:00,3413.6119999999983
2013-07-31 16:30:00,3802.461999999998
2013-07-31 17:00:00,4332.676000000008
2013-07-31 17:30:00,5344.3200000000015
2013-07-31 18:00:00,6567.226000000007
2013-07-31 18:30:00,7328.035999999998
2013-07-31 19:00:00,7408.460000000008
2013-07-31 19:30:00,7265.742000000007
2013-07-31 20:00:00,7100.484000000017
2013-07-31 20:30:00,6968.006000000006
2013-07-31 21:00:00,6748.150000000015
2013-07-31 21:30:00,6384.076000000015
2013-07-31 22:00:00,5813.722000000011
2013-07-31 22:30:00,5127.388
2013-07-31 23:00:00,4421.34400000001
2013-07-31 23:30:00,3829.6780000000094
2013-08-01 00:00:00,3373.1819999999843
2013-08-01 00:30:00,3016.1980000000085
2013-08-01 01:00:00,2765.24
2013-08-01 01:30:00,2584.0859999999952
2013-08-01 02:00:00,2466.113999999998
2013-08-01 02:30:00,2383.8760000000016
2013-08-01 03:00:00,2352.354000000004
2013-08-01 03:30:00,2336.2359999999935
2013-08-01 04:00:00,2310.938000000005
2013-08-01 04:30:00,2377.960000000002
2013-08-01 05:00:00,2567.244000000002
2013-08-01 05:30:00,2872.5380000000073
2013-08-01 06:00:00,3137.2099999999887
2013-08-01 06:30:00,3612.831999999988
2013-08-01 07:00:00,4347.831999999992
2013-08-01 07:30:00,5083.056000000001
2013-08-01 08:00:00,5264.113999999999
2013-08-01 08:30:00,4965.572000000006
2013-08-01 09:00:00,4309.8799999999865
2013-08-01 09:30:00,3805.076000000004
2013-08-01 10:00:00,3562.068000000006
2013-08-01 10:30:00,3340.2019999999925
2013-08-01 11:00:00,3141.1680000000033
2013-08-01 11:30:00,3008.253999999991
2013-08-01 12:00:00,3010.2459999999924
2013-08-01 12:30:00,3022.9699999999893
2013-08-01 13:00:00,2907.0559999999955
2013-08-01 13:30:00,2937.012000000013
2013-08-01 14:00:00,2901.1759999999917
2013-08-01 14:30:00,2970.854000000006
2013-08-01 15:00:00,2929.732000000008
2013-08-01 15:30:00,2998.279999999996
2013-08-01 16:00:00,3320.967999999992
2013-08-01 16:30:00,3672.754
2013-08-01 17:00:00,4231.1219999999885
2013-08-01 17:30:00,5231.010000000009
2013-08-01 18:00:00,6344.985999999982
2013-08-01 18:30:00,7105.0279999999875
2013-08-01 19:00:00,7358.146000000042
2013-08-01 19:30:00,7271.100000000016
2013-08-01 20:00:00,7153.810000000003
2013-08-01 20:30:00,7094.122000000002
2013-08-01 21:00:00,6990.75999999999
2013-08-01 21:30:00,6620.899999999999
2013-08-01 22:00:00,6177.914000000001
2013-08-01 22:30:00,5556.574000000007
2013-08-01 23:00:00,4844.642000000019
2013-08-01 23:30:00,4131.349999999985
2013-08-02 00:00:00,3613.963999999987
2013-08-02 00:30:00,3221.364
2013-08-02 01:00:00,2912.269999999997
2013-08-02 01:30:00,2723.073999999995
2013-08-02 02:00:00,2614.1240000000003
2013-08-02 02:30:00,2469.6699999999964
2013-08-02 03:00:00,2418.511999999996
2013-08-02 03:30:00,2379.9220000000037
2013-08-02 04:00:00,2387.4619999999945
2013-08-02 04:30:00,2433.1639999999907
2013-08-02 05:00:00,2643.495999999993
2013-08-02 05:30:00,2878.0939999999846
2013-08-02 06:00:00,3170.287999999994
2013-08-02 06:30:00,3709.3960000000025
2013-08-02 07:00:00,4382.578000000005
2013-08-02 07:30:00,5169.81999999998
2013-08-02 08:00:00,5396.851999999994
2013-08-02 08:30:00,5177.224000000011
2013-08-02 09:00:00,4656.058000000005
2013-08-02 09:30:00,4213.1320000000005
2013-08-02 10:00:00,4044.6860000000083
2013-08-02 10:30:00,3782.370000000003
2013-08-02 11:00:00,3527.4799999999996
2013-08-02 11:30:00,3372.5920000000006
2013-08-02 12:00:00,3280.213999999996
2013-08-02 12:30:00,3148.7060000000015
2013-08-02 13:00:00,3052.9999999999873
2013-08-02 13:30:00,2998.388000000006
2013-08-02 14:00:00,2977.5939999999896
2013-08-02 14:30:00,2897.7879999999927
2013-08-02 15:00:00,2944.341999999993
2013-08-02 15:30:00,2996.1500000000046
2013-08-02 16:00:00,3266.353999999993
2013-08-02 16:30:00,3635.3260000000114
2013-08-02 17:00:00,4112.378000000004
2013-08-02 17:30:00,4984.661999999991
2013-08-02 18:00:00,6178.535999999983
2013-08-02 18:30:00,6868.886000000031
2013-08-02 19:00:00,6982.485999999978
2013-08-02 19:30:00,6954.671999999993
2013-08-02 20:00:00,6896.279999999995
2013-08-02 20:30:00,6801.36999999999
2013-08-02 21:00:00,6634.119999999989
2013-08-02 21:30:00,6337.321999999997
2013-08-02 22:00:00,5979.359999999992
2013-08-02 22:30:00,5453.593999999999
2013-08-02 23:00:00,4900.072000000002
2013-08-02 23:30:00,4383.771999999995
2013-08-03 00:00:00,3848.093999999999
2013-08-03 00:30:00,3463.418000000009
2013-08-03 01:00:00,3140.5639999999926
2013-08-03 01:30:00,2873.675999999999
2013-08-03 02:00:00,2681.623999999997
2013-08-03 02:30:00,2497.1980000000026
2013-08-03 03:00:00,2410.3500000000076
2013-08-03 03:30:00,2367.265999999997
2013-08-03 04:00:00,2343.4299999999957
2013-08-03 04:30:00,2384.3499999999954
2013-08-03 05:00:00,2534.746
2013-08-03 05:30:00,2612.4980000000014
2013-08-03 06:00:00,2759.206000000003
2013-08-03 06:30:00,2970.0059999999976
2013-08-03 07:00:00,3403.0279999999943
2013-08-03 07:30:00,4017.8080000000014
2013-08-03 08:00:00,4481.763999999999
2013-08-03 08:30:00,4690.450000000003
2013-08-03 09:00:00,4624.413999999995
2013-08-03 09:30:00,4488.172
2013-08-03 10:00:00,4364.055999999994
2013-08-03 10:30:00,4107.163999999988
2013-08-03 11:00:00,3968.6799999999957
2013-08-03 11:30:00,3805.5099999999957
2013-08-03 12:00:00,3703.7679999999923
2013-08-03 12:30:00,3585.586000000003
2013-08-03 13:00:00,3543.8019999999956
2013-08-03 13:30:00,3472.31
2013-08-03 14:00:00,3364.346000000001
2013-08-03 14:30:00,3338.465999999983
2013-08-03 15:00:00,3353.729999999989
2013-08-03 15:30:00,3473.872000000012
2013-08-03 16:00:00,3630.00400000002
2013-08-03 16:30:00,3936.8119999999963
2013-08-03 17:00:00,4503.796000000018
2013-08-03 17:30:00,5408.315999999997
2013-08-03 18:00:00,6318.165999999996
2013-08-03 18:30:00,6833.711999999999
2013-08-03 19:00:00,6856.5600000000095
2013-08-03 19:30:00,6749.645999999968
2013-08-03 20:00:00,6589.162000000014
2013-08-03 20:30:00,6386.607999999998
2013-08-03 21:00:00,6174.189999999982
2013-08-03 21:30:00,6049.456
2013-08-03 22:00:00,5727.604000000005
2013-08-03 22:30:00,5285.849999999974
2013-08-03 23:00:00,4739.136000000004
2013-08-03 23:30:00,4229.343999999994
2013-08-04 00:00:00,3838.532000000007
2013-08-04 00:30:00,3477.9019999999855
2013-08-04 01:00:00,3161.727999999994
2013-08-04 01:30:00,2895.7639999999947
2013-08-04 02:00:00,2703.461999999994
2013-08-04 02:30:00,2561.25599999999
2013-08-04 03:00:00,2480.8219999999887
2013-08-04 03:30:00,2396.807999999995
2013-08-04 04:00:00,2390.9999999999914
2013-08-04 04:30:00,2434.8099999999954
2013-08-04 05:00:00,2503.680000000002
2013-08-04 05:30:00,2557.035999999996
2013-08-04 06:00:00,2663.717999999991
2013-08-04 06:30:00,2778.942
2013-08-04 07:00:00,3154.193999999995
2013-08-04 07:30:00,3625.339999999989
2013-08-04 08:00:00,4151.8819999999905
2013-08-04 08:30:00,4547.6420000000035
2013-08-04 09:00:00,4772.401999999977
2013-08-04 09:30:00,4648.2080000000005
2013-08-04 10:00:00,4542.728
2013-08-04 10:30:00,4256.138
2013-08-04 11:00:00,4195.248000000002
2013-08-04 11:30:00,4051.727999999993
2013-08-04 12:00:00,3921.3099999999977
2013-08-04 12:30:00,3923.103999999997
2013-08-04 13:00:00,3893.9119999999944
2013-08-04 13:30:00,3670.905999999996
2013-08-04 14:00:00,3562.988000000013
2013-08-04 14:30:00,3569.379999999994
2013-08-04 15:00:00,3606.6840000000084
2013-08-04 15:30:00,3730.6279999999992
2013-08-04 16:00:00,3992.7379999999885
2013-08-04 16:30:00,4466.497999999993
2013-08-04 17:00:00,5059.356000000003
2013-08-04 17:30:00,6056.484
2013-08-04 18:00:00,7069.9879999999985
2013-08-04 18:30:00,7616.760000000023
2013-08-04 19:00:00,7781.283999999988
2013-08-04 19:30:00,7626.37599999998
2013-08-04 20:00:00,7428.990000000007
2013-08-04 20:30:00,7273.840000000009
2013-08-04 21:00:00,6971.567999999993
2013-08-04 21:30:00,6545.380000000017
2013-08-04 22:00:00,6003.497999999997
2013-08-04 22:30:00,5273.731999999984
2013-08-04 23:00:00,4500.338000000012
2013-08-04 23:30:00,3919.5219999999963
2013-08-05 00:00:00,3482.739999999994
2013-08-05 00:30:00,3107.33199999999
2013-08-05 01:00:00,2887.6600000000076
2013-08-05 01:30:00,2690.574
2013-08-05 02:00:00,2551.7199999999966
2013-08-05 02:30:00,2467.077999999994
2013-08-05 03:00:00,2417.441999999995
2013-08-05 03:30:00,2388.073999999994
2013-08-05 04:00:00,2350.5139999999947
2013-08-05 04:30:00,2413.481999999988
2013-08-05 05:00:00,2566.399999999995
2013-08-05 05:30:00,2799.3140000000117
2013-08-05 06:00:00,3117.8600000000074
2013-08-05 06:30:00,3569.8019999999983
2013-08-05 07:00:00,4342.615999999997
2013-08-05 07:30:00,5080.392
2013-08-05 08:00:00,5280.28999999999
2013-08-05 08:30:00,4996.546000000011
2013-08-05 09:00:00,4421.843999999992
2013-08-05 09:30:00,3971.857999999998
2013-08-05 10:00:00,3717.311999999995
2013-08-05 10:30:00,3540.7019999999998
2013-08-05 11:00:00,3303.0359999999973
2013-08-05 11:30:00,3227.4140000000025
2013-08-05 12:00:00,3169.7339999999854
2013-08-05 12:30:00,3196.237999999994
2013-08-05 13:00:00,3126.192000000002
2013-08-05 13:30:00,3094.5559999999996
2013-08-05 14:00:00,2977.4159999999924
2013-08-05 14:30:00,2941.6720000000005
2013-08-05 15:00:00,2937.4780000000005
2013-08-05 15:30:00,2929.3119999999917
2013-08-05 16:00:00,3233.2219999999907
2013-08-05 16:30:00,3658.6560000000004
2013-08-05 17:00:00,4183.417999999994
2013-08-05 17:30:00,5399.852000000005
2013-08-05 18:00:00,6764.666
2013-08-05 18:30:00,7539.663999999977
2013-08-05 19:00:00,7639.9900000000025
2013-08-05 19:30:00,7624.2180000000035
2013-08-05 20:00:00,7343.413999999999
2013-08-05 20:30:00,7140.658000000001
2013-08-05 21:00:00,6845.492000000005
2013-08-05 21:30:00,6517.104000000019
2013-08-05 22:00:00,5955.152000000001
2013-08-05 22:30:00,5376.09
2013-08-05 23:00:00,4604.211999999997
2013-08-05 23:30:00,3924.211999999995
2013-08-06 00:00:00,3460.031999999996
2013-08-06 00:30:00,3063.5940000000023
2013-08-06 01:00:00,2752.5419999999986
2013-08-06 01:30:00,2592.1540000000045
2013-08-06 02:00:00,2453.7379999999966
2013-08-06 02:30:00,2351.1500000000146
2013-08-06 03:00:00,2314.6760000000045
2013-08-06 03:30:00,2303.3019999999906
2013-08-06 04:00:00,2272.984000000004
2013-08-06 04:30:00,2367.309999999997
2013-08-06 05:00:00,2538.886000000002
2013-08-06 05:30:00,2769.8199999999774
2013-08-06 06:00:00,3032.5460000000003
2013-08-06 06:30:00,3575.3780000000024
2013-08-06 07:00:00,4357.38999999999
2013-08-06 07:30:00,5018.806000000002
2013-08-06 08:00:00,5135.4799999999905
2013-08-06 08:30:00,4603.552000000019
2013-08-06 09:00:00,4044.3100000000068
2013-08-06 09:30:00,3620.2379999999857
2013-08-06 10:00:00,3463.4820000000063
2013-08-06 10:30:00,3252.61600000001
2013-08-06 11:00:00,3042.5759999999996
2013-08-06 11:30:00,2923.4119999999975
2013-08-06 12:00:00,2936.6639999999975
2013-08-06 12:30:00,2870.1260000000016
2013-08-06 13:00:00,2813.441999999996
2013-08-06 13:30:00,2803.4059999999986
2013-08-06 14:00:00,2758.0479999999893
2013-08-06 14:30:00,2721.6140000000105
2013-08-06 15:00:00,2671.548000000008
2013-08-06 15:30:00,2747.0319999999992
2013-08-06 16:00:00,2970.5239999999935
2013-08-06 16:30:00,3265.8280000000054
2013-08-06 17:00:00,3708.756000000001
2013-08-06 17:30:00,4569.925999999996
2013-08-06 18:00:00,5635.312
2013-08-06 18:30:00,6358.0980000000145
2013-08-06 19:00:00,6487.276000000011
2013-08-06 19:30:00,6407.756000000003
2013-08-06 20:00:00,6296.625999999988
2013-08-06 20:30:00,6164.4740000000065
2013-08-06 21:00:00,5893.168000000002
2013-08-06 21:30:00,5608.926000000005
2013-08-06 22:00:00,5187.545999999994
2013-08-06 22:30:00,4726.279999999989
2013-08-06 23:00:00,4096.395999999994
2013-08-06 23:30:00,3558.308000000001
2013-08-07 00:00:00,3084.118000000004
2013-08-07 00:30:00,2783.6660000000015
2013-08-07 01:00:00,2546.351999999999
2013-08-07 01:30:00,2382.7340000000004
2013-08-07 02:00:00,2283.8340000000035
2013-08-07 02:30:00,2175.0039999999963
2013-08-07 03:00:00,2137.6220000000008
2013-08-07 03:30:00,2113.059999999999
2013-08-07 04:00:00,2095.8059999999928
2013-08-07 04:30:00,2148.622000000006
2013-08-07 05:00:00,2320.099999999993
2013-08-07 05:30:00,2527.6199999999963
2013-08-07 06:00:00,2796.861999999984
2013-08-07 06:30:00,3226.9859999999926
2013-08-07 07:00:00,3836.4739999999824
2013-08-07 07:30:00,4478.336000000009
2013-08-07 08:00:00,4526.906000000001
2013-08-07 08:30:00,4175.855999999998
2013-08-07 09:00:00,3655.574000000006
2013-08-07 09:30:00,3334.290000000005
2013-08-07 10:00:00,3221.8380000000006
2013-08-07 10:30:00,3091.8199999999947
2013-08-07 11:00:00,2936.4800000000128
2013-08-07 11:30:00,2812.6619999999984
2013-08-07 12:00:00,2782.0619999999976
2013-08-07 12:30:00,2825.571999999995
2013-08-07 13:00:00,2766.506000000002
2013-08-07 13:30:00,2714.7180000000003
2013-08-07 14:00:00,2733.015999999996
2013-08-07 14:30:00,2720.254000000005
2013-08-07 15:00:00,2797.9519999999966
2013-08-07 15:30:00,2924.7979999999957
2013-08-07 16:00:00,3232.117999999999
2013-08-07 16:30:00,3768.3239999999983
2013-08-07 17:00:00,4366.578000000003
2013-08-07 17:30:00,5498.986000000005
2013-08-07 18:00:00,6437.677999999986
2013-08-07 18:30:00,6982.83600000001
2013-08-07 19:00:00,7085.084000000011
2013-08-07 19:30:00,7089.673999999994
2013-08-07 20:00:00,6934.006000000013
2013-08-07 20:30:00,6665.835999999998
2013-08-07 21:00:00,6476.928000000002
2013-08-07 21:30:00,6102.849999999985
2013-08-07 22:00:00,5649.703999999986
2013-08-07 22:30:00,5033.565999999985
2013-08-07 23:00:00,4297.78600000001
2013-08-07 23:30:00,3677.350000000002
2013-08-08 00:00:00,3300.8620000000037
2013-08-08 00:30:00,2952.4339999999934
2013-08-08 01:00:00,2655.4620000000095
2013-08-08 01:30:00,2499.9059999999968
2013-08-08 02:00:00,2377.0620000000017
2013-08-08 02:30:00,2259.075999999999
2013-08-08 03:00:00,2251.3280000000054
2013-08-08 03:30:00,2180.956
2013-08-08 04:00:00,2146.5680000000025
2013-08-08 04:30:00,2238.5859999999952
2013-08-08 05:00:00,2367.361999999996
2013-08-08 05:30:00,2550.5620000000004
2013-08-08 06:00:00,2914.723999999996
2013-08-08 06:30:00,3414.6179999999963
2013-08-08 07:00:00,4227.601999999985
2013-08-08 07:30:00,4940.861999999976
2013-08-08 08:00:00,5310.2679999999855
2013-08-08 08:30:00,4923.832
2013-08-08 09:00:00,4457.221999999999
2013-08-08 09:30:00,4185.266000000004
2013-08-08 10:00:00,4097.357999999999
2013-08-08 10:30:00,4101.444
2013-08-08 11:00:00,3986.101999999997
2013-08-08 11:30:00,3881.9679999999958
2013-08-08 12:00:00,3933.1280000000083
2013-08-08 12:30:00,4113.784000000005
2013-08-08 13:00:00,4295.92999999999
2013-08-08 13:30:00,4309.546000000009
2013-08-08 14:00:00,4325.650000000007
2013-08-08 14:30:00,4223.174000000002
2013-08-08 15:00:00,4341.647999999993
2013-08-08 15:30:00,4601.530000000016
2013-08-08 16:00:00,5077.961999999999
2013-08-08 16:30:00,5473.386000000004
2013-08-08 17:00:00,6284.780000000029
2013-08-08 17:30:00,7134.168000000007
2013-08-08 18:00:00,8054.058000000003
2013-08-08 18:30:00,8583.096000000016
2013-08-08 19:00:00,8659.026000000002
2013-08-08 19:30:00,8537.823999999999
2013-08-08 20:00:00,8379.053999999986
2013-08-08 20:30:00,8055.131999999996
2013-08-08 21:00:00,7835.16800000002
2013-08-08 21:30:00,7394.438000000019
2013-08-08 22:00:00,6870.090000000003
2013-08-08 22:30:00,6089.566000000005
2013-08-08 23:00:00,5181.0580000000045
2013-08-08 23:30:00,4358.166000000011
2013-08-09 00:00:00,3816.5759999999964
2013-08-09 00:30:00,3382.019999999994
2013-08-09 01:00:00,3059.2120000000054
2013-08-09 01:30:00,2847.9600000000005
2013-08-09 02:00:00,2715.351999999998
2013-08-09 02:30:00,2618.1040000000003
2013-08-09 03:00:00,2578.1499999999974
2013-08-09 03:30:00,2513.9079999999976
2013-08-09 04:00:00,2472.7019999999998
2013-08-09 04:30:00,2485.896000000003
2013-08-09 05:00:00,2607.963999999998
2013-08-09 05:30:00,2857.0440000000017
2013-08-09 06:00:00,3275.8899999999894
2013-08-09 06:30:00,3905.197999999989
2013-08-09 07:00:00,4748.909999999998
2013-08-09 07:30:00,5472.098000000003
2013-08-09 08:00:00,5576.492000000006
2013-08-09 08:30:00,5123.711999999978
2013-08-09 09:00:00,4549.658000000004
2013-08-09 09:30:00,4157.67600000001
2013-08-09 10:00:00,3911.8779999999992
2013-08-09 10:30:00,3743.7799999999856
2013-08-09 11:00:00,3510.093999999995
2013-08-09 11:30:00,3361.9560000000038
2013-08-09 12:00:00,3299.6920000000036
2013-08-09 12:30:00,3224.5700000000047
2013-08-09 13:00:00,3133.8920000000103
2013-08-09 13:30:00,3086.051999999997
2013-08-09 14:00:00,3009.8400000000056
2013-08-09 14:30:00,2971.996
2013-08-09 15:00:00,3064.2320000000004
2013-08-09 15:30:00,3173.5980000000054
2013-08-09 16:00:00,3457.737999999998
2013-08-09 16:30:00,3849.7719999999917
2013-08-09 17:00:00,4524.209999999998
2013-08-09 17:30:00,5419.123999999993
2013-08-09 18:00:00,6405.768000000002
2013-08-09 18:30:00,7051.3140000000085
2013-08-09 19:00:00,7028.983999999994
2013-08-09 19:30:00,7001.891999999984
2013-08-09 20:00:00,6954.033999999987
2013-08-09 20:30:00,6861.957999999973
2013-08-09 21:00:00,6594.085999999995
2013-08-09 21:30:00,6294.972000000002
2013-08-09 22:00:00,5945.842000000016
2013-08-09 22:30:00,5382.957999999997
2013-08-09 23:00:00,4754.000000000027
2013-08-09 23:30:00,4236.772
2013-08-10 00:00:00,3795.9119999999934
2013-08-10 00:30:00,3433.4439999999995
2013-08-10 01:00:00,3044.914000000003
2013-08-10 01:30:00,2834.302000000008
2013-08-10 02:00:00,2615.866000000002
2013-08-10 02:30:00,2517.959999999992
2013-08-10 03:00:00,2426.1999999999966
2013-08-10 03:30:00,2384.8839999999946
2013-08-10 04:00:00,2314.2579999999916
2013-08-10 04:30:00,2297.4379999999974
2013-08-10 05:00:00,2320.7939999999944
2013-08-10 05:30:00,2457.0599999999845
2013-08-10 06:00:00,2650.2859999999996
2013-08-10 06:30:00,2914.1399999999894
2013-08-10 07:00:00,3306.5779999999945
2013-08-10 07:30:00,3904.560000000003
2013-08-10 08:00:00,4331.881999999995
2013-08-10 08:30:00,4521.637999999988
2013-08-10 09:00:00,4429.365999999997
2013-08-10 09:30:00,4247.881999999996
2013-08-10 10:00:00,4104.081999999995
2013-08-10 10:30:00,3954.46400000001
2013-08-10 11:00:00,3821.871999999994
2013-08-10 11:30:00,3645.013999999997
2013-08-10 12:00:00,3548.417999999995
2013-08-10 12:30:00,3525.538000000004
2013-08-10 13:00:00,3444.208000000012
2013-08-10 13:30:00,3327.4299999999894
2013-08-10 14:00:00,3160.5419999999854
2013-08-10 14:30:00,3148.299999999999
2013-08-10 15:00:00,3158.7300000000077
2013-08-10 15:30:00,3146.455999999999
2013-08-10 16:00:00,3258.4879999999944
2013-08-10 16:30:00,3461.628000000008
2013-08-10 17:00:00,3800.473999999995
2013-08-10 17:30:00,4411.349999999998
2013-08-10 18:00:00,5284.832000000004
2013-08-10 18:30:00,5833.105999999993
2013-08-10 19:00:00,5987.526000000008
2013-08-10 19:30:00,5735.199999999999
2013-08-10 20:00:00,5539.474000000006
2013-08-10 20:30:00,5344.095999999997
2013-08-10 21:00:00,5242.141999999995
2013-08-10 21:30:00,5087.516000000012
2013-08-10 22:00:00,4898.691999999996
2013-08-10 22:30:00,4526.527999999984
2013-08-10 23:00:00,4150.290000000001
2013-08-10 23:30:00,3795.3400000000097
2013-08-11 00:00:00,3442.500000000001
2013-08-11 00:30:00,3124.076000000002
2013-08-11 01:00:00,2832.3899999999862
2013-08-11 01:30:00,2574.4400000000032
2013-08-11 02:00:00,2451.3339999999966
2013-08-11 02:30:00,2344.8339999999944
2013-08-11 03:00:00,2314.4860000000053
2013-08-11 03:30:00,2229.127999999998
2013-08-11 04:00:00,2193.496000000004
2013-08-11 04:30:00,2170.3000000000006
2013-08-11 05:00:00,2208.502000000006
2013-08-11 05:30:00,2324.3539999999957
2013-08-11 06:00:00,2448.2960000000076
2013-08-11 06:30:00,2734.827999999992
2013-08-11 07:00:00,3085.7239999999956
2013-08-11 07:30:00,3477.4780000000064
2013-08-11 08:00:00,3988.42199999999
2013-08-11 08:30:00,4300.099999999996
2013-08-11 09:00:00,4432.6860000000115
2013-08-11 09:30:00,4384.7580000000025
2013-08-11 10:00:00,4371.3180000000075
2013-08-11 10:30:00,4139.522000000001
2013-08-11 11:00:00,4006.903999999999
2013-08-11 11:30:00,3792.8420000000006
2013-08-11 12:00:00,3686.2519999999918
2013-08-11 12:30:00,3545.4860000000035
2013-08-11 13:00:00,3464.7219999999943
2013-08-11 13:30:00,3320.6919999999964
2013-08-11 14:00:00,3292.0679999999934
2013-08-11 14:30:00,3179.6899999999955
2013-08-11 15:00:00,3186.3180000000007
2013-08-11 15:30:00,3242.458000000003
2013-08-11 16:00:00,3357.9780000000064
2013-08-11 16:30:00,3643.2140000000068
2013-08-11 17:00:00,4174.1140000000005
2013-08-11 17:30:00,4887.775999999989
2013-08-11 18:00:00,5959.210000000014
2013-08-11 18:30:00,6715.771999999979
2013-08-11 19:00:00,6692.152
2013-08-11 19:30:00,6350.304000000009
2013-08-11 20:00:00,6063.119999999997
2013-08-11 20:30:00,5940.688000000014
2013-08-11 21:00:00,5674.022000000015
2013-08-11 21:30:00,5515.244000000002
2013-08-11 22:00:00,4994.177999999992
2013-08-11 22:30:00,4496.333999999997
2013-08-11 23:00:00,3904.7160000000094
2013-08-11 23:30:00,3410.619999999993
2013-08-12 00:00:00,3032.1999999999944
2013-08-12 00:30:00,2778.1999999999894
2013-08-12 01:00:00,2498.9159999999943
2013-08-12 01:30:00,2327.8460000000023
2013-08-12 02:00:00,2235.5020000000063
2013-08-12 02:30:00,2130.4499999999994
2013-08-12 03:00:00,2056.809999999998
2013-08-12 03:30:00,2035.1879999999992
2013-08-12 04:00:00,2045.9579999999958
2013-08-12 04:30:00,2089.3200000000015
2013-08-12 05:00:00,2175.688000000004
2013-08-12 05:30:00,2343.5419999999954
2013-08-12 06:00:00,2655.845999999993
2013-08-12 06:30:00,3184.0239999999912
2013-08-12 07:00:00,3847.757999999999
2013-08-12 07:30:00,4489.40000000001
2013-08-12 08:00:00,4573.722000000008
2013-08-12 08:30:00,4250.510000000001
2013-08-12 09:00:00,3754.166000000008
2013-08-12 09:30:00,3424.8080000000077
2013-08-12 10:00:00,3215.91399999999
2013-08-12 10:30:00,3001.1839999999834
2013-08-12 11:00:00,2900.089999999998
2013-08-12 11:30:00,2885.25200000001
2013-08-12 12:00:00,2849.9899999999993
2013-08-12 12:30:00,2942.316000000007
2013-08-12 13:00:00,2895.1679999999906
2013-08-12 13:30:00,2917.1840000000034
2013-08-12 14:00:00,2910.649999999996
2013-08-12 14:30:00,2837.9919999999897
2013-08-12 15:00:00,2868.9079999999994
2013-08-12 15:30:00,3051.5879999999906
2013-08-12 16:00:00,3336.627999999992
2013-08-12 16:30:00,3638.888000000002
2013-08-12 17:00:00,4077.7000000000007
2013-08-12 17:30:00,4919.430000000012
2013-08-12 18:00:00,5924.09
2013-08-12 18:30:00,6560.422000000009
2013-08-12 19:00:00,6702.399999999982
2013-08-12 19:30:00,6415.555999999979
2013-08-12 20:00:00,6216.6860000000015
2013-08-12 20:30:00,6063.822000000008
2013-08-12 21:00:00,5870.997999999992
2013-08-12 21:30:00,5526.661999999999
2013-08-12 22:00:00,5149.4200000000055
2013-08-12 22:30:00,4570.460000000022
2013-08-12 23:00:00,3977.423999999991
2013-08-12 23:30:00,3485.9759999999987
2013-08-13 00:00:00,3127.5100000000007
2013-08-13 00:30:00,2767.2299999999996
2013-08-13 01:00:00,2538.3780000000006
2013-08-13 01:30:00,2364.2999999999965
2013-08-13 02:00:00,2259.629999999997
2013-08-13 02:30:00,2218.787999999997
2013-08-13 03:00:00,2165.647999999993
2013-08-13 03:30:00,2145.800000000004
2013-08-13 04:00:00,2137.651999999997
2013-08-13 04:30:00,2168.734000000006
2013-08-13 05:00:00,2248.794000000003
2013-08-13 05:30:00,2496.145999999996
2013-08-13 06:00:00,2862.3699999999953
2013-08-13 06:30:00,3425.233999999992
2013-08-13 07:00:00,4173.772000000006
2013-08-13 07:30:00,4861.357999999997
2013-08-13 08:00:00,5078.667999999991
2013-08-13 08:30:00,4590.231999999998
2013-08-13 09:00:00,4058.972000000008
2013-08-13 09:30:00,3618.3999999999983
2013-08-13 10:00:00,3249.408000000002
2013-08-13 10:30:00,3125.2819999999997
2013-08-13 11:00:00,3033.4719999999966
2013-08-13 11:30:00,2909.920000000008
2013-08-13 12:00:00,2825.7199999999907
2013-08-13 12:30:00,2831.492000000004
2013-08-13 13:00:00,2751.391999999998
2013-08-13 13:30:00,2735.2260000000006
2013-08-13 14:00:00,2646.466000000003
2013-08-13 14:30:00,2567.0399999999936
2013-08-13 15:00:00,2562.744
2013-08-13 15:30:00,2601.7100000000005
2013-08-13 16:00:00,2811.8959999999925
2013-08-13 16:30:00,3099.1819999999907
2013-08-13 17:00:00,3542.0339999999837
2013-08-13 17:30:00,4319.105999999991
2013-08-13 18:00:00,5607.273999999999
2013-08-13 18:30:00,6369.113999999988
2013-08-13 19:00:00,6702.952000000011
2013-08-13 19:30:00,6601.985999999983
2013-08-13 20:00:00,6441.396000000022
2013-08-13 20:30:00,6254.951999999984
2013-08-13 21:00:00,6035.168000000009
2013-08-13 21:30:00,5763.886000000006
2013-08-13 22:00:00,5335.210000000002
2013-08-13 22:30:00,4798.518000000002
2013-08-13 23:00:00,4175.121999999998
2013-08-13 23:30:00,3599.8719999999907
2013-08-14 00:00:00,3181.2599999999825
2013-08-14 00:30:00,2841.5520000000056
2013-08-14 01:00:00,2625.8219999999887
2013-08-14 01:30:00,2407.779999999996
2013-08-14 02:00:00,2282.647999999997
2013-08-14 02:30:00,2220.0700000000006
2013-08-14 03:00:00,2162.9279999999976
2013-08-14 03:30:00,2143.9539999999974
2013-08-14 04:00:00,2106.1239999999966
2013-08-14 04:30:00,2125.1340000000005
2013-08-14 05:00:00,2207.9279999999944
2013-08-14 05:30:00,2458.7259999999983
2013-08-14 06:00:00,2834.951999999997
2013-08-14 06:30:00,3373.1739999999913
2013-08-14 07:00:00,4118.732000000009
2013-08-14 07:30:00,4765.6419999999825
2013-08-14 08:00:00,4917.85399999998
2013-08-14 08:30:00,4522.838
2013-08-14 09:00:00,3901.52599999999
2013-08-14 09:30:00,3572.702000000009
2013-08-14 10:00:00,3314.188000000008
2013-08-14 10:30:00,3169.7099999999978
2013-08-14 11:00:00,2962.8979999999938
2013-08-14 11:30:00,2847.6219999999967
2013-08-14 12:00:00,2837.35599999999
2013-08-14 12:30:00,2799.142000000003
2013-08-14 13:00:00,2786.1339999999923
2013-08-14 13:30:00,2713.9960000000005
2013-08-14 14:00:00,2673.6000000000026
2013-08-14 14:30:00,2586.0899999999942
2013-08-14 15:00:00,2565.7539999999913
2013-08-14 15:30:00,2645.2460000000115
2013-08-14 16:00:00,2855.0799999999977
2013-08-14 16:30:00,3096.9019999999914
2013-08-14 17:00:00,3403.680000000005
2013-08-14 17:30:00,4146.773999999991
2013-08-14 18:00:00,5142.322000000024
2013-08-14 18:30:00,5959.6639999999825
2013-08-14 19:00:00,6224.991999999988
2013-08-14 19:30:00,6165.153999999991
2013-08-14 20:00:00,5959.696000000007
2013-08-14 20:30:00,5796.471999999999
2013-08-14 21:00:00,5648.2980000000225
2013-08-14 21:30:00,5331.057999999997
2013-08-14 22:00:00,4917.9519999999975
2013-08-14 22:30:00,4375.821999999996
2013-08-14 23:00:00,3832.920000000008
2013-08-14 23:30:00,3382.5000000000005
2013-08-15 00:00:00,3023.7440000000006
2013-08-15 00:30:00,2746.9059999999977
2013-08-15 01:00:00,2517.6039999999934
2013-08-15 01:30:00,2320.68
2013-08-15 02:00:00,2237.0559999999905
2013-08-15 02:30:00,2141.696000000003
2013-08-15 03:00:00,2138.6319999999987
2013-08-15 03:30:00,2076.3739999999984
2013-08-15 04:00:00,2037.7860000000023
2013-08-15 04:30:00,2105.026000000001
2013-08-15 05:00:00,2199.2419999999997
2013-08-15 05:30:00,2387.279999999996
2013-08-15 06:00:00,2693.694000000002
2013-08-15 06:30:00,3214.913999999999
2013-08-15 07:00:00,3920.7559999999926
2013-08-15 07:30:00,4485.190000000009
2013-08-15 08:00:00,4576.932000000002
2013-08-15 08:30:00,4254.553999999988
2013-08-15 09:00:00,3768.952000000008
2013-08-15 09:30:00,3502.557999999989
2013-08-15 10:00:00,3295.1939999999963
2013-08-15 10:30:00,3163.1579999999913
2013-08-15 11:00:00,3059.5379999999986
2013-08-15 11:30:00,2909.0359999999923
2013-08-15 12:00:00,2823.6419999999907
2013-08-15 12:30:00,2862.5800000000036
2013-08-15 13:00:00,2764.1519999999987
2013-08-15 13:30:00,2709.9080000000067
2013-08-15 14:00:00,2660.1879999999974
2013-08-15 14:30:00,2649.803999999992
2013-08-15 15:00:00,2653.8500000000045
2013-08-15 15:30:00,2654.1779999999885
2013-08-15 16:00:00,2888.641999999993
2013-08-15 16:30:00,3187.0219999999936
2013-08-15 17:00:00,3617.8580000000056
2013-08-15 17:30:00,4485.080000000005
2013-08-15 18:00:00,5776.928000000005
2013-08-15 18:30:00,6531.837999999981
2013-08-15 19:00:00,6736.247999999998
2013-08-15 19:30:00,6777.65599999999
2013-08-15 20:00:00,6697.995999999986
2013-08-15 20:30:00,6679.286000000028
2013-08-15 21:00:00,6548.26600000001
2013-08-15 21:30:00,6286.943999999995
2013-08-15 22:00:00,5799.663999999995
2013-08-15 22:30:00,5112.277999999993
2013-08-15 23:00:00,4517.799999999993
2013-08-15 23:30:00,3887.9959999999915
2013-08-16 00:00:00,3421.3460000000036
2013-08-16 00:30:00,3087.007999999995
2013-08-16 01:00:00,2791.353999999995
2013-08-16 01:30:00,2622.6139999999987
2013-08-16 02:00:00,2469.2839999999915
2013-08-16 02:30:00,2379.706000000001
2013-08-16 03:00:00,2307.819999999999
2013-08-16 03:30:00,2274.8339999999976
2013-08-16 04:00:00,2288.4119999999916
2013-08-16 04:30:00,2303.9399999999914
2013-08-16 05:00:00,2409.7139999999986
2013-08-16 05:30:00,2630.1199999999935
2013-08-16 06:00:00,3037.452000000003
2013-08-16 06:30:00,3674.3879999999967
2013-08-16 07:00:00,4475.103999999993
2013-08-16 07:30:00,5241.467999999985
2013-08-16 08:00:00,5504.040000000009
2013-08-16 08:30:00,5094.952000000002
2013-08-16 09:00:00,4542.361999999996
2013-08-16 09:30:00,4049.3739999999952
2013-08-16 10:00:00,3717.310000000004
2013-08-16 10:30:00,3515.2119999999995
2013-08-16 11:00:00,3265.9899999999975
2013-08-16 11:30:00,3146.024000000003
2013-08-16 12:00:00,3042.986000000006
2013-08-16 12:30:00,2968.2379999999935
2013-08-16 13:00:00,2909.7680000000005
2013-08-16 13:30:00,2798.030000000002
2013-08-16 14:00:00,2712.325999999986
2013-08-16 14:30:00,2643.977999999998
2013-08-16 15:00:00,2601.021999999984
2013-08-16 15:30:00,2667.704
2013-08-16 16:00:00,2890.835999999999
2013-08-16 16:30:00,3112.141999999998
2013-08-16 17:00:00,3579.211999999997
2013-08-16 17:30:00,4378.471999999988
2013-08-16 18:00:00,5485.707999999992
2013-08-16 18:30:00,6380.751999999993
2013-08-16 19:00:00,6440.699999999989
2013-08-16 19:30:00,6343.674000000016
2013-08-16 20:00:00,6218.560000000005
2013-08-16 20:30:00,6073.445999999983
2013-08-16 21:00:00,5857.470000000016
2013-08-16 21:30:00,5580.360000000016
2013-08-16 22:00:00,5282.726000000012
2013-08-16 22:30:00,4885.821999999991
2013-08-16 23:00:00,4410.459999999998
2013-08-16 23:30:00,3869.7679999999864
2013-08-17 00:00:00,3442.235999999998
2013-08-17 00:30:00,3080.1619999999875
2013-08-17 01:00:00,2867.1599999999994
2013-08-17 01:30:00,2657.188000000001
2013-08-17 02:00:00,2476.231999999997
2013-08-17 02:30:00,2310.1940000000004
2013-08-17 03:00:00,2248.312000000002
2013-08-17 03:30:00,2202.046
2013-08-17 04:00:00,2163.0900000000033
2013-08-17 04:30:00,2179.0940000000005
2013-08-17 05:00:00,2190.1079999999993
2013-08-17 05:30:00,2271.391999999999
2013-08-17 06:00:00,2435.1239999999957
2013-08-17 06:30:00,2740.347999999998
2013-08-17 07:00:00,3105.115999999997
2013-08-17 07:30:00,3591.6500000000046
2013-08-17 08:00:00,3995.22799999999
2013-08-17 08:30:00,4197.239999999996
2013-08-17 09:00:00,4198.681999999993
2013-08-17 09:30:00,4175.04
2013-08-17 10:00:00,3977.7639999999988
2013-08-17 10:30:00,3821.711999999991
2013-08-17 11:00:00,3625.7519999999927
2013-08-17 11:30:00,3473.2079999999974
2013-08-17 12:00:00,3379.7219999999775
2013-08-17 12:30:00,3366.367999999989
2013-08-17 13:00:00,3284.977999999987
2013-08-17 13:30:00,3240.6040000000003
2013-08-17 14:00:00,3215.948
2013-08-17 14:30:00,3117.462
2013-08-17 15:00:00,3100.7259999999974
2013-08-17 15:30:00,3204.991999999994
2013-08-17 16:00:00,3253.0519999999983
2013-08-17 16:30:00,3399.1539999999914
2013-08-17 17:00:00,3707.8159999999984
2013-08-17 17:30:00,4301.279999999993
2013-08-17 18:00:00,5108.561999999989
2013-08-17 18:30:00,5680.413999999998
2013-08-17 19:00:00,5614.211999999976
2013-08-17 19:30:00,5471.212000000001
2013-08-17 20:00:00,5186.48000000001
2013-08-17 20:30:00,5031.514000000005
2013-08-17 21:00:00,4858.924000000002
2013-08-17 21:30:00,4702.48199999998
2013-08-17 22:00:00,4519.004000000002
2013-08-17 22:30:00,4178.081999999996
2013-08-17 23:00:00,3835.2320000000027
2013-08-17 23:30:00,3591.64399999999
2013-08-18 00:00:00,3327.6780000000012
2013-08-18 00:30:00,3012.6080000000084
2013-08-18 01:00:00,2744.589999999998
2013-08-18 01:30:00,2527.749999999997
2013-08-18 02:00:00,2393.790000000002
2013-08-18 02:30:00,2287.3160000000003
2013-08-18 03:00:00,2199.262
2013-08-18 03:30:00,2153.335999999997
2013-08-18 04:00:00,2062.601999999998
2013-08-18 04:30:00,2066.581999999995
2013-08-18 05:00:00,2062.7480000000023
2013-08-18 05:30:00,2124.9579999999974
2013-08-18 06:00:00,2244.439999999996
2013-08-18 06:30:00,2537.739999999997
2013-08-18 07:00:00,2832.3899999999976
2013-08-18 07:30:00,3237.4799999999996
2013-08-18 08:00:00,3749.799999999996
2013-08-18 08:30:00,4067.2659999999883
2013-08-18 09:00:00,4199.893999999997
2013-08-18 09:30:00,4152.908000000003
2013-08-18 10:00:00,4059.273999999998
2013-08-18 10:30:00,3863.3679999999954
2013-08-18 11:00:00,3783.933999999982
2013-08-18 11:30:00,3593.8339999999926
2013-08-18 12:00:00,3545.2539999999944
2013-08-18 12:30:00,3453.324
2013-08-18 13:00:00,3366.306000000008
2013-08-18 13:30:00,3261.4820000000036
2013-08-18 14:00:00,3162.465999999995
2013-08-18 14:30:00,3045.943999999995
2013-08-18 15:00:00,3062.9160000000097
2013-08-18 15:30:00,3104.193999999998
2013-08-18 16:00:00,3257.9079999999967
2013-08-18 16:30:00,3498.7299999999937
2013-08-18 17:00:00,3898.7959999999916
2013-08-18 17:30:00,4551.3740000000125
2013-08-18 18:00:00,5454.796000000011
2013-08-18 18:30:00,6144.721999999997
2013-08-18 19:00:00,6231.905999999995
2013-08-18 19:30:00,6115.358
2013-08-18 20:00:00,5940.575999999984
2013-08-18 20:30:00,5736.499999999996
2013-08-18 21:00:00,5584.678000000005
2013-08-18 21:30:00,5248.016
2013-08-18 22:00:00,4804.7360000000035
2013-08-18 22:30:00,4317.236000000006
2013-08-18 23:00:00,3832.7900000000027
2013-08-18 23:30:00,3372.366000000004
2013-08-19 00:00:00,2990.0100000000098
2013-08-19 00:30:00,2680.2839999999974
2013-08-19 01:00:00,2449.489999999999
2013-08-19 01:30:00,2283.4099999999935
2013-08-19 02:00:00,2182.653999999999
2013-08-19 02:30:00,2106.0600000000054
2013-08-19 03:00:00,2073.5539999999937
2013-08-19 03:30:00,2023.543999999997
2013-08-19 04:00:00,1965.6860000000058
2013-08-19 04:30:00,2019.5400000000045
2013-08-19 05:00:00,2107.007999999999
2013-08-19 05:30:00,2296.464
2013-08-19 06:00:00,2597.4679999999953
2013-08-19 06:30:00,3151.107999999997
2013-08-19 07:00:00,3815.8780000000042
2013-08-19 07:30:00,4354.035999999999
2013-08-19 08:00:00,4499.196000000017
2013-08-19 08:30:00,4168.619999999996
2013-08-19 09:00:00,3583.8680000000004
2013-08-19 09:30:00,3345.0359999999855
2013-08-19 10:00:00,3137.701999999989
2013-08-19 10:30:00,3033.561999999985
2013-08-19 11:00:00,2955.6260000000075
2013-08-19 11:30:00,2838.320000000002
2013-08-19 12:00:00,2784.278
2013-08-19 12:30:00,2812.2139999999995
2013-08-19 13:00:00,2708.7660000000046
2013-08-19 13:30:00,2706.8319999999994
2013-08-19 14:00:00,2682.9560000000033
2013-08-19 14:30:00,2670.6059999999925
2013-08-19 15:00:00,2667.1219999999917
2013-08-19 15:30:00,2743.7859999999882
2013-08-19 16:00:00,3039.114000000001
2013-08-19 16:30:00,3382.4699999999884
2013-08-19 17:00:00,3735.6859999999974
2013-08-19 17:30:00,4538.046000000003
2013-08-19 18:00:00,5713.336000000022
2013-08-19 18:30:00,6572.685999999991
2013-08-19 19:00:00,6792.211999999996
2013-08-19 19:30:00,6624.530000000008
2013-08-19 20:00:00,6447.885999999999
2013-08-19 20:30:00,6196.596000000008
2013-08-19 21:00:00,6030.164000000001
2013-08-19 21:30:00,5773.7880000000005
2013-08-19 22:00:00,5393.182000000017
2013-08-19 22:30:00,4736.8499999999985
2013-08-19 23:00:00,4111.958000000003
2013-08-19 23:30:00,3573.03199999999
2013-08-20 00:00:00,3179.8399999999874
2013-08-20 00:30:00,2870.200000000002
2013-08-20 01:00:00,2658.102000000001
2013-08-20 01:30:00,2466.599999999986
2013-08-20 02:00:00,2322.9099999999953
2013-08-20 02:30:00,2265.9959999999924
2013-08-20 03:00:00,2206.1079999999997
2013-08-20 03:30:00,2177.280000000002
2013-08-20 04:00:00,2175.015999999998
2013-08-20 04:30:00,2189.6119999999964
2013-08-20 05:00:00,2309.503999999998
2013-08-20 05:30:00,2531.3279999999986
2013-08-20 06:00:00,2893.227999999999
2013-08-20 06:30:00,3500.5500000000034
2013-08-20 07:00:00,4254.575999999984
2013-08-20 07:30:00,5024.31200000001
2013-08-20 08:00:00,5136.013999999994
2013-08-20 08:30:00,4615.336000000015
2013-08-20 09:00:00,4099.766000000005
2013-08-20 09:30:00,3752.239999999983
2013-08-20 10:00:00,3528.8959999999834
2013-08-20 10:30:00,3388.5859999999834
2013-08-20 11:00:00,3229.8540000000175
2013-08-20 11:30:00,3109.4120000000053
2013-08-20 12:00:00,3072.6480000000015
2013-08-20 12:30:00,3095.514000000001
2013-08-20 13:00:00,3074.776000000002
2013-08-20 13:30:00,3020.406000000002
2013-08-20 14:00:00,2995.59799999999
2013-08-20 14:30:00,2937.5280000000007
2013-08-20 15:00:00,2952.3840000000023
2013-08-20 15:30:00,2979.560000000007
2013-08-20 16:00:00,3248.853999999991
2013-08-20 16:30:00,3610.1299999999956
2013-08-20 17:00:00,4193.906000000005
2013-08-20 17:30:00,5350.735999999992
2013-08-20 18:00:00,6893.799999999984
2013-08-20 18:30:00,7946.25800000001
2013-08-20 19:00:00,8208.404000000015
2013-08-20 19:30:00,8072.544000000005
2013-08-20 20:00:00,8026.628000000015
2013-08-20 20:30:00,7911.27000000003
2013-08-20 21:00:00,7658.908000000018
2013-08-20 21:30:00,7177.410000000019
2013-08-20 22:00:00,6513.223999999989
2013-08-20 22:30:00,5708.556000000004
2013-08-20 23:00:00,4982.263999999991
2013-08-20 23:30:00,4201.089999999986
2013-08-21 00:00:00,3693.8180000000116
2013-08-21 00:30:00,3276.9379999999956
2013-08-21 01:00:00,3002.5440000000035
2013-08-21 01:30:00,2780.6520000000046
2013-08-21 02:00:00,2656.0319999999906
2013-08-21 02:30:00,2594.517999999993
2013-08-21 03:00:00,2525.1699999999933
2013-08-21 03:30:00,2493.738000000005
2013-08-21 04:00:00,2491.3560000000048
2013-08-21 04:30:00,2554.4199999999973
2013-08-21 05:00:00,2687.707999999995
2013-08-21 05:30:00,2970.1959999999985
2013-08-21 06:00:00,3376.7020000000016
2013-08-21 06:30:00,4103.589999999994
2013-08-21 07:00:00,4872.754000000006
2013-08-21 07:30:00,5683.473999999996
2013-08-21 08:00:00,5916.2380000000185
2013-08-21 08:30:00,5315.799999999987
2013-08-21 09:00:00,4619.267999999997
2013-08-21 09:30:00,4157.737999999996
2013-08-21 10:00:00,3743.177999999994
2013-08-21 10:30:00,3532.0999999999935
2013-08-21 11:00:00,3329.4100000000076
2013-08-21 11:30:00,3196.5180000000096
2013-08-21 12:00:00,3166.7880000000055
2013-08-21 12:30:00,3175.3839999999973
2013-08-21 13:00:00,3160.481999999991
2013-08-21 13:30:00,3090.5379999999986
2013-08-21 14:00:00,3062.9299999999917
2013-08-21 14:30:00,3113.9579999999974
2013-08-21 15:00:00,3137.694000000002
2013-08-21 15:30:00,3177.525999999999
2013-08-21 16:00:00,3567.2379999999953
2013-08-21 16:30:00,4032.3299999999963
2013-08-21 17:00:00,4672.258000000009
2013-08-21 17:30:00,5723.619999999995
2013-08-21 18:00:00,6952.667999999989
2013-08-21 18:30:00,7996.982000000005
2013-08-21 19:00:00,8144.959999999992
2013-08-21 19:30:00,8122.407999999984
2013-08-21 20:00:00,8108.419999999985
2013-08-21 20:30:00,7920.7000000000135
2013-08-21 21:00:00,7687.10799999999
2013-08-21 21:30:00,7187.648000000011
2013-08-21 22:00:00,6491.315999999974
2013-08-21 22:30:00,5731.856000000002
2013-08-21 23:00:00,4891.874000000001
2013-08-21 23:30:00,4174.315999999997
2013-08-22 00:00:00,3646.6559999999927
2013-08-22 00:30:00,3282.8579999999843
2013-08-22 01:00:00,2974.33000000001
2013-08-22 01:30:00,2792.1420000000003
2013-08-22 02:00:00,2638.6299999999974
2013-08-22 02:30:00,2554.6679999999933
2013-08-22 03:00:00,2518.7139999999863
2013-08-22 03:30:00,2493.2000000000003
2013-08-22 04:00:00,2464.3139999999944
2013-08-22 04:30:00,2471.0559999999955
2013-08-22 05:00:00,2643.097999999991
2013-08-22 05:30:00,2935.115999999996
2013-08-22 06:00:00,3293.2940000000062
2013-08-22 06:30:00,3941.7439999999892
2013-08-22 07:00:00,4767.509999999983
2013-08-22 07:30:00,5543.904000000001
2013-08-22 08:00:00,5791.685999999988
2013-08-22 08:30:00,5477.56999999999
2013-08-22 09:00:00,4763.379999999997
2013-08-22 09:30:00,4275.320000000003
2013-08-22 10:00:00,3976.1760000000063
2013-08-22 10:30:00,3687.2140000000045
2013-08-22 11:00:00,3562.8680000000045
2013-08-22 11:30:00,3414.81000000001
2013-08-22 12:00:00,3343.502000000005
2013-08-22 12:30:00,3257.355999999991
2013-08-22 13:00:00,3174.374
2013-08-22 13:30:00,3161.7659999999973
2013-08-22 14:00:00,3177.1659999999897
2013-08-22 14:30:00,3120.849999999999
2013-08-22 15:00:00,3059.5519999999983
2013-08-22 15:30:00,3110.6739999999954
2013-08-22 16:00:00,3472.771999999996
2013-08-22 16:30:00,3892.535999999983
2013-08-22 17:00:00,4620.771999999991
2013-08-22 17:30:00,5509.06999999999
2013-08-22 18:00:00,6682.3759999999975
2013-08-22 18:30:00,7561.642000000008
2013-08-22 19:00:00,7867.2980000000125
2013-08-22 19:30:00,7681.326000000011
2013-08-22 20:00:00,7565.205999999983
2013-08-22 20:30:00,7343.883999999984
2013-08-22 21:00:00,7124.930000000025
2013-08-22 21:30:00,6753.665999999999
2013-08-22 22:00:00,6245.105999999979
2013-08-22 22:30:00,5553.865999999999
2013-08-22 23:00:00,4765.853999999985
2013-08-22 23:30:00,4086.0960000000036
2013-08-23 00:00:00,3521.2420000000025
2013-08-23 00:30:00,3168.072000000001
2013-08-23 01:00:00,2903.955999999998
2013-08-23 01:30:00,2690.964000000001
2013-08-23 02:00:00,2538.8320000000035
2013-08-23 02:30:00,2457.012000000007
2013-08-23 03:00:00,2376.4360000000033
2013-08-23 03:30:00,2316.5920000000037
2013-08-23 04:00:00,2301.396000000003
2013-08-23 04:30:00,2319.8979999999956
2013-08-23 05:00:00,2399.9520000000034
2013-08-23 05:30:00,2644.4379999999974
2013-08-23 06:00:00,3013.2300000000037
2013-08-23 06:30:00,3608.912000000001
2013-08-23 07:00:00,4285.120000000015
2013-08-23 07:30:00,4932.0259999999935
2013-08-23 08:00:00,5290.472000000015
2013-08-23 08:30:00,5061.6939999999795
2013-08-23 09:00:00,4521.649999999999
2013-08-23 09:30:00,4064.2920000000026
2013-08-23 10:00:00,3858.9640000000004
2013-08-23 10:30:00,3660.0440000000153
2013-08-23 11:00:00,3441.7159999999853
2013-08-23 11:30:00,3354.3059999999928
2013-08-23 12:00:00,3308.2659999999996
2013-08-23 12:30:00,3308.7539999999935
2013-08-23 13:00:00,3259.0619999999913
2013-08-23 13:30:00,3209.2319999999977
2013-08-23 14:00:00,3181.2620000000024
2013-08-23 14:30:00,3178.613999999985
2013-08-23 15:00:00,3258.1699999999946
2013-08-23 15:30:00,3409.539999999984
2013-08-23 16:00:00,3800.648000000002
2013-08-23 16:30:00,4266.111999999987
2013-08-23 17:00:00,4744.024000000013
2013-08-23 17:30:00,5417.980000000008
2013-08-23 18:00:00,6232.989999999986
2013-08-23 18:30:00,6930.863999999999
2013-08-23 19:00:00,7007.425999999973
2013-08-23 19:30:00,6845.780000000004
2013-08-23 20:00:00,6547.637999999971
2013-08-23 20:30:00,6436.30200000001
2013-08-23 21:00:00,6290.746000000011
2013-08-23 21:30:00,5942.441999999996
2013-08-23 22:00:00,5586.358000000004
2013-08-23 22:30:00,5073.427999999995
2013-08-23 23:00:00,4498.711999999995
2013-08-23 23:30:00,4007.2520000000045
2013-08-24 00:00:00,3583.0480000000016
2013-08-24 00:30:00,3174.802000000004
2013-08-24 01:00:00,2860.4740000000065
2013-08-24 01:30:00,2621.113999999997
2013-08-24 02:00:00,2469.544000000001
2013-08-24 02:30:00,2353.011999999999
2013-08-24 03:00:00,2291.0640000000008
2013-08-24 03:30:00,2191.464000000001
2013-08-24 04:00:00,2193.786
2013-08-24 04:30:00,2165.569999999991
2013-08-24 05:00:00,2184.7079999999987
2013-08-24 05:30:00,2317.555999999998
2013-08-24 06:00:00,2434.4519999999875
2013-08-24 06:30:00,2771.7179999999917
2013-08-24 07:00:00,3153.080000000004
2013-08-24 07:30:00,3578.2560000000017
2013-08-24 08:00:00,4023.7259999999997
2013-08-24 08:30:00,4291.867999999995
2013-08-24 09:00:00,4176.978000000001
2013-08-24 09:30:00,4038.167999999994
2013-08-24 10:00:00,3823.581999999987
2013-08-24 10:30:00,3685.209999999993
2013-08-24 11:00:00,3605.1239999999993
2013-08-24 11:30:00,3522.5280000000043
2013-08-24 12:00:00,3441.1320000000032
2013-08-24 12:30:00,3352.933999999988
2013-08-24 13:00:00,3200.463999999997
2013-08-24 13:30:00,3123.369999999998
2013-08-24 14:00:00,3102.6339999999927
2013-08-24 14:30:00,3086.8519999999944
2013-08-24 15:00:00,3046.8139999999953
2013-08-24 15:30:00,3081.6599999999953
2013-08-24 16:00:00,3199.5880000000025
2013-08-24 16:30:00,3409.573999999997
2013-08-24 17:00:00,3768.890000000001
2013-08-24 17:30:00,4322.41999999999
2013-08-24 18:00:00,5137.593999999978
2013-08-24 18:30:00,5778.654000000002
2013-08-24 19:00:00,5810.3220000000065
2013-08-24 19:30:00,5671.604000000008
2013-08-24 20:00:00,5576.714000000022
2013-08-24 20:30:00,5324.489999999998
2013-08-24 21:00:00,5126.548000000022
2013-08-24 21:30:00,4927.151999999984
2013-08-24 22:00:00,4655.755999999989
2013-08-24 22:30:00,4376.341999999993
2013-08-24 23:00:00,4061.2039999999956
2013-08-24 23:30:00,3684.413999999996
2013-08-25 00:00:00,3349.581999999997
2013-08-25 00:30:00,3073.296000000006
2013-08-25 01:00:00,2819.095999999991
2013-08-25 01:30:00,2608.231999999999
2013-08-25 02:00:00,2482.292000000001
2013-08-25 02:30:00,2378.438000000002
2013-08-25 03:00:00,2254.410000000004
2013-08-25 03:30:00,2160.8400000000033
2013-08-25 04:00:00,2155.855999999997
2013-08-25 04:30:00,2131.327999999998
2013-08-25 05:00:00,2130.937999999992
2013-08-25 05:30:00,2215.862000000003
2013-08-25 06:00:00,2352.4080000000044
2013-08-25 06:30:00,2628.181999999993
2013-08-25 07:00:00,2947.4140000000016
2013-08-25 07:30:00,3310.72799999998
2013-08-25 08:00:00,3748.817999999988
2013-08-25 08:30:00,4029.753999999997
2013-08-25 09:00:00,4143.066000000002
2013-08-25 09:30:00,4092.859999999997
2013-08-25 10:00:00,4044.2899999999945
2013-08-25 10:30:00,3861.6839999999925
2013-08-25 11:00:00,3763.0539999999924
2013-08-25 11:30:00,3603.5320000000042
2013-08-25 12:00:00,3472.0799999999977
2013-08-25 12:30:00,3443.21400000001
2013-08-25 13:00:00,3418.5000000000064
2013-08-25 13:30:00,3252.2520000000018
2013-08-25 14:00:00,3164.782000000003
2013-08-25 14:30:00,3054.954000000004
2013-08-25 15:00:00,3084.312000000003
2013-08-25 15:30:00,3199.4419999999977
2013-08-25 16:00:00,3242.0599999999877
2013-08-25 16:30:00,3438.829999999997
2013-08-25 17:00:00,3715.1199999999976
2013-08-25 17:30:00,4305.392000000001
2013-08-25 18:00:00,5225.688000000009
2013-08-25 18:30:00,5876.917999999993
2013-08-25 19:00:00,6141.055999999971
2013-08-25 19:30:00,5936.059999999986
2013-08-25 20:00:00,5757.472000000006
2013-08-25 20:30:00,5511.405999999995
2013-08-25 21:00:00,5355.814000000008
2013-08-25 21:30:00,5123.203999999992
2013-08-25 22:00:00,4687.875999999994
2013-08-25 22:30:00,4209.445999999996
2013-08-25 23:00:00,3722.3839999999996
2013-08-25 23:30:00,3284.1379999999904
2013-08-26 00:00:00,2891.361999999996
2013-08-26 00:30:00,2620.1760000000036
2013-08-26 01:00:00,2448.073999999993
2013-08-26 01:30:00,2295.7019999999934
2013-08-26 02:00:00,2164.0260000000044
2013-08-26 02:30:00,2109.136000000004
2013-08-26 03:00:00,2059.3180000000066
2013-08-26 03:30:00,2027.0460000000019
2013-08-26 04:00:00,1997.2139999999977
2013-08-26 04:30:00,2043.826
2013-08-26 05:00:00,2114.939999999991
2013-08-26 05:30:00,2303.6499999999983
2013-08-26 06:00:00,2589.035999999997
2013-08-26 06:30:00,3139.88399999999
2013-08-26 07:00:00,3768.991999999997
2013-08-26 07:30:00,4302.986
2013-08-26 08:00:00,4436.89999999999
2013-08-26 08:30:00,4168.528000000004
2013-08-26 09:00:00,3706.9159999999983
2013-08-26 09:30:00,3335.8980000000056
2013-08-26 10:00:00,3126.5860000000016
2013-08-26 10:30:00,3013.8500000000004
2013-08-26 11:00:00,2864.5679999999898
2013-08-26 11:30:00,2849.5659999999916
2013-08-26 12:00:00,2779.4939999999997
2013-08-26 12:30:00,2810.0839999999926
2013-08-26 13:00:00,2752.800000000003
2013-08-26 13:30:00,2691.2680000000087
2013-08-26 14:00:00,2681.1019999999944
2013-08-26 14:30:00,2595.4759999999933
2013-08-26 15:00:00,2565.231999999996
2013-08-26 15:30:00,2638.5079999999866
2013-08-26 16:00:00,2934.7719999999977
2013-08-26 16:30:00,3239.4479999999908
2013-08-26 17:00:00,3540.90399999999
2013-08-26 17:30:00,4257.2800000000025
2013-08-26 18:00:00,5310.3820000000105
2013-08-26 18:30:00,6162.330000000019
2013-08-26 19:00:00,6404.761999999963
2013-08-26 19:30:00,6254.023999999999
2013-08-26 20:00:00,5996.266000000002
2013-08-26 20:30:00,5870.438000000002
2013-08-26 21:00:00,5643.1259999999875
2013-08-26 21:30:00,5350.530000000019
2013-08-26 22:00:00,4980.034000000002
2013-08-26 22:30:00,4422.9980000000205
2013-08-26 23:00:00,3879.110000000002
2013-08-26 23:30:00,3370.360000000007
2013-08-27 00:00:00,2948.3279999999977
2013-08-27 00:30:00,2639.181999999997
2013-08-27 01:00:00,2429.048000000004
2013-08-27 01:30:00,2259.328000000003
2013-08-27 02:00:00,2147.8059999999955
2013-08-27 02:30:00,2077.638000000002
2013-08-27 03:00:00,2032.979999999994
2013-08-27 03:30:00,1982.6360000000002
2013-08-27 04:00:00,1992.8420000000074
2013-08-27 04:30:00,2021.3119999999956
2013-08-27 05:00:00,2118.0159999999973
2013-08-27 05:30:00,2331.4859999999976
2013-08-27 06:00:00,2625.60599999999
2013-08-27 06:30:00,3119.6360000000004
2013-08-27 07:00:00,3805.0799999999963
2013-08-27 07:30:00,4379.055999999987
2013-08-27 08:00:00,4405.98999999999
2013-08-27 08:30:00,4001.676000000002
2013-08-27 09:00:00,3510.3259999999996
2013-08-27 09:30:00,3135.829999999997
2013-08-27 10:00:00,2981.458
2013-08-27 10:30:00,2900.6800000000044
2013-08-27 11:00:00,2777.7719999999977
2013-08-27 11:30:00,2685.8559999999943
2013-08-27 12:00:00,2730.976000000002
2013-08-27 12:30:00,2649.9579999999974
2013-08-27 13:00:00,2593.7899999999963
2013-08-27 13:30:00,2549.6919999999886
2013-08-27 14:00:00,2521.625999999995
2013-08-27 14:30:00,2490.374000000001
2013-08-27 15:00:00,2527.1419999999953
2013-08-27 15:30:00,2589.094000000002
2013-08-27 16:00:00,2807.4459999999854
2013-08-27 16:30:00,3020.3539999999966
2013-08-27 17:00:00,3286.6939999999995
2013-08-27 17:30:00,3873.1620000000053
2013-08-27 18:00:00,4921.892000000008
2013-08-27 18:30:00,5814.357999999999
2013-08-27 19:00:00,6069.213999999997
2013-08-27 19:30:00,6005.9739999999965
2013-08-27 20:00:00,5827.220000000001
2013-08-27 20:30:00,5496.512000000002
2013-08-27 21:00:00,5337.277999999991
2013-08-27 21:30:00,5065.479999999983
2013-08-27 22:00:00,4717.724000000011
2013-08-27 22:30:00,4206.4660000000085
2013-08-27 23:00:00,3770.3340000000094
2013-08-27 23:30:00,3277.5379999999986
2013-08-28 00:00:00,2908.113999999997
2013-08-28 00:30:00,2685.6200000000003
2013-08-28 01:00:00,2396.4459999999976
2013-08-28 01:30:00,2288.0940000000014
2013-08-28 02:00:00,2154.311999999997
2013-08-28 02:30:00,2068.9900000000016
2013-08-28 03:00:00,1993.7100000000037
2013-08-28 03:30:00,1981.5959999999957
2013-08-28 04:00:00,1982.3359999999939
2013-08-28 04:30:00,2022.1359999999988
2013-08-28 05:00:00,2070.130000000007
2013-08-28 05:30:00,2304.121999999989
2013-08-28 06:00:00,2651.790000000011
2013-08-28 06:30:00,3163.0319999999965
2013-08-28 07:00:00,3711.2439999999992
2013-08-28 07:30:00,4230.929999999985
2013-08-28 08:00:00,4252.150000000007
2013-08-28 08:30:00,3972.537999999995
2013-08-28 09:00:00,3461.1979999999908
2013-08-28 09:30:00,3203.8580000000097
2013-08-28 10:00:00,2996.3080000000023
2013-08-28 10:30:00,2768.889999999998
2013-08-28 11:00:00,2741.673999999999
2013-08-28 11:30:00,2721.306
2013-08-28 12:00:00,2609.991999999998
2013-08-28 12:30:00,2553.7579999999966
2013-08-28 13:00:00,2575.393999999998
2013-08-28 13:30:00,2536.011999999999
2013-08-28 14:00:00,2511.8400000000006
2013-08-28 14:30:00,2439.147999999996
2013-08-28 15:00:00,2456.724000000005
2013-08-28 15:30:00,2519.7919999999954
2013-08-28 16:00:00,2721.6900000000073
2013-08-28 16:30:00,2923.4379999999946
2013-08-28 17:00:00,3295.4779999999955
2013-08-28 17:30:00,3915.2080000000105
2013-08-28 18:00:00,4858.381999999998
2013-08-28 18:30:00,5692.047999999992
2013-08-28 19:00:00,5903.3579999999965
2013-08-28 19:30:00,5747.191999999997
2013-08-28 20:00:00,5553.958000000003
2013-08-28 20:30:00,5415.970000000002
2013-08-28 21:00:00,5229.7220000000025
2013-08-28 21:30:00,4958.24800000001
2013-08-28 22:00:00,4569.937999999998
2013-08-28 22:30:00,4115.9239999999945
2013-08-28 23:00:00,3598.956000000013
2013-08-28 23:30:00,3115.9359999999992
2013-08-29 00:00:00,2823.854000000006
2013-08-29 00:30:00,2527.762000000001
2013-08-29 01:00:00,2314.101999999995
2013-08-29 01:30:00,2174.5659999999934
2013-08-29 02:00:00,2076.2819999999983
2013-08-29 02:30:00,2044.6439999999998
2013-08-29 03:00:00,1971.3099999999977
2013-08-29 03:30:00,1937.6059999999984
2013-08-29 04:00:00,1930.9620000000043
2013-08-29 04:30:00,1952.0279999999925
2013-08-29 05:00:00,2046.3840000000007
2013-08-29 05:30:00,2243.0659999999957
2013-08-29 06:00:00,2556.663999999991
2013-08-29 06:30:00,3113.3080000000004
2013-08-29 07:00:00,3672.3239999999964
2013-08-29 07:30:00,4127.331999999988
2013-08-29 08:00:00,4274.091999999995
2013-08-29 08:30:00,3937.2559999999903
2013-08-29 09:00:00,3473.6599999999894
2013-08-29 09:30:00,3186.2299999999977
2013-08-29 10:00:00,2956.8360000000025
2013-08-29 10:30:00,2877.4520000000007
2013-08-29 11:00:00,2744.2840000000115
2013-08-29 11:30:00,2616.065999999996
2013-08-29 12:00:00,2641.9860000000062
2013-08-29 12:30:00,2605.5399999999977
2013-08-29 13:00:00,2575.518000000004
2013-08-29 13:30:00,2540.699999999986
2013-08-29 14:00:00,2480.8139999999944
2013-08-29 14:30:00,2465.616000000006
2013-08-29 15:00:00,2462.495999999998
2013-08-29 15:30:00,2492.49199999999
2013-08-29 16:00:00,2661.9540000000006
2013-08-29 16:30:00,2933.7260000000015
2013-08-29 17:00:00,3324.533999999997
2013-08-29 17:30:00,3961.189999999991
2013-08-29 18:00:00,4847.3339999999935
2013-08-29 18:30:00,5475.803999999999
2013-08-29 19:00:00,5570.635999999987
2013-08-29 19:30:00,5486.526000000002
2013-08-29 20:00:00,5252.398000000015
2013-08-29 20:30:00,5096.071999999991
2013-08-29 21:00:00,4898.923999999987
2013-08-29 21:30:00,4645.894000000009
2013-08-29 22:00:00,4367.166000000001
2013-08-29 22:30:00,3913.798000000009
2013-08-29 23:00:00,3525.2299999999827
2013-08-29 23:30:00,3128.129999999996
2013-08-30 00:00:00,2712.6259999999943
2013-08-30 00:30:00,2484.611999999994
2013-08-30 01:00:00,2268.5359999999987
2013-08-30 01:30:00,2136.358
2013-08-30 02:00:00,2018.3520000000012
2013-08-30 02:30:00,1989.3539999999998
2013-08-30 03:00:00,1922.1279999999979
2013-08-30 03:30:00,1843.5519999999972
2013-08-30 04:00:00,1841.8479999999981
2013-08-30 04:30:00,1875.6079999999952
2013-08-30 05:00:00,1904.8140000000005
2013-08-30 05:30:00,2094.7760000000017
2013-08-30 06:00:00,2375.559999999996
2013-08-30 06:30:00,2729.0599999999968
2013-08-30 07:00:00,3228.547999999997
2013-08-30 07:30:00,3711.5579999999923
2013-08-30 08:00:00,3807.423999999993
2013-08-30 08:30:00,3531.560000000016
2013-08-30 09:00:00,3176.9020000000064
2013-08-30 09:30:00,2949.148000000002
2013-08-30 10:00:00,2795.559999999999
2013-08-30 10:30:00,2747.0739999999983
2013-08-30 11:00:00,2646.567999999989
2013-08-30 11:30:00,2538.3859999999927
2013-08-30 12:00:00,2552.686000000005
2013-08-30 12:30:00,2485.7399999999943
2013-08-30 13:00:00,2497.0740000000005
2013-08-30 13:30:00,2470.057999999997
2013-08-30 14:00:00,2485.037999999995
2013-08-30 14:30:00,2465.8080000000054
2013-08-30 15:00:00,2450.6340000000023
2013-08-30 15:30:00,2517.0680000000016
2013-08-30 16:00:00,2651.3920000000003
2013-08-30 16:30:00,2864.5040000000017
2013-08-30 17:00:00,3014.94799999999
2013-08-30 17:30:00,3361.8779999999942
2013-08-30 18:00:00,4017.701999999999
2013-08-30 18:30:00,4650.4240000000045
2013-08-30 19:00:00,4790.9160000000165
2013-08-30 19:30:00,4598.221999999992
2013-08-30 20:00:00,4496.508000000006
2013-08-30 20:30:00,4326.046000000008
2013-08-30 21:00:00,4175.694000000015
2013-08-30 21:30:00,3936.691999999999
2013-08-30 22:00:00,3762.125999999986
2013-08-30 22:30:00,3511.6000000000045
2013-08-30 23:00:00,3233.9920000000125
2013-08-30 23:30:00,2887.344000000008
2013-08-31 00:00:00,2684.1359999999977
2013-08-31 00:30:00,2437.353999999999
2013-08-31 01:00:00,2213.6139999999987
2013-08-31 01:30:00,2071.064000000001
2013-08-31 02:00:00,1979.7640000000017
2013-08-31 02:30:00,1912.0080000000028
2013-08-31 03:00:00,1841.0500000000025
2013-08-31 03:30:00,1788.664
2013-08-31 04:00:00,1750.3419999999985
2013-08-31 04:30:00,1754.3240000000044
2013-08-31 05:00:00,1778.2279999999973
2013-08-31 05:30:00,1902.1879999999967
2013-08-31 06:00:00,2003.8400000000056
2013-08-31 06:30:00,2199.3220000000074
2013-08-31 07:00:00,2499.905999999996
2013-08-31 07:30:00,2849.419999999998
2013-08-31 08:00:00,3210.3700000000003
2013-08-31 08:30:00,3368.6859999999915
2013-08-31 09:00:00,3436.507999999992
2013-08-31 09:30:00,3458.5319999999992
2013-08-31 10:00:00,3417.1880000000183
2013-08-31 10:30:00,3278.6400000000076
2013-08-31 11:00:00,3170.4119999999994
2013-08-31 11:30:00,3085.638000000005
2013-08-31 12:00:00,3106.9559999999938
2013-08-31 12:30:00,3064.5579999999986
2013-08-31 13:00:00,3012.4100000000044
2013-08-31 13:30:00,2915.331999999996
2013-08-31 14:00:00,2975.5260000000053
2013-08-31 14:30:00,2922.559999999999
2013-08-31 15:00:00,2912.6240000000075
2013-08-31 15:30:00,2946.787999999996
2013-08-31 16:00:00,3003.2159999999963
2013-08-31 16:30:00,3190.979999999999
2013-08-31 17:00:00,3397.8659999999936
2013-08-31 17:30:00,3779.6239999999975
2013-08-31 18:00:00,4436.463999999995
2013-08-31 18:30:00,4903.932000000009
2013-08-31 19:00:00,4969.81000000002
2013-08-31 19:30:00,4773.220000000005
2013-08-31 20:00:00,4510.990000000005
2013-08-31 20:30:00,4331.7259999999915
2013-08-31 21:00:00,4268.991999999992
2013-08-31 21:30:00,4096.745999999991
2013-08-31 22:00:00,3871.2319999999945
2013-08-31 22:30:00,3650.8379999999997
2013-08-31 23:00:00,3433.323999999996
2013-08-31 23:30:00,3168.7459999999915
2013-09-01 00:00:00,2872.914000000012
2013-09-01 00:30:00,2581.200000000006
2013-09-01 01:00:00,2361.776000000003
2013-09-01 01:30:00,2210.7839999999974
2013-09-01 02:00:00,2087.93
2013-09-01 02:30:00,2001.257999999999
2013-09-01 03:00:00,1947.8219999999974
2013-09-01 03:30:00,1890.1900000000019
2013-09-01 04:00:00,1824.306000000003
2013-09-01 04:30:00,1804.086000000002
2013-09-01 05:00:00,1804.3859999999981
2013-09-01 05:30:00,1926.1240000000018
2013-09-01 06:00:00,1991.9659999999958
2013-09-01 06:30:00,2225.363999999999
2013-09-01 07:00:00,2495.408000000003
2013-09-01 07:30:00,2851.1940000000072
2013-09-01 08:00:00,3220.1820000000093
2013-09-01 08:30:00,3501.555999999998
2013-09-01 09:00:00,3647.3840000000077
2013-09-01 09:30:00,3734.6379999999945
2013-09-01 10:00:00,3606.8279999999954
2013-09-01 10:30:00,3440.4859999999985
2013-09-01 11:00:00,3452.868000000001
2013-09-01 11:30:00,3283.636000000004
2013-09-01 12:00:00,3300.7499999999936
2013-09-01 12:30:00,3249.711999999999
2013-09-01 13:00:00,3154.9999999999854
2013-09-01 13:30:00,3049.6219999999958
2013-09-01 14:00:00,2902.548000000012
2013-09-01 14:30:00,2913.1599999999994
2013-09-01 15:00:00,2904.109999999997
2013-09-01 15:30:00,2937.156
2013-09-01 16:00:00,2983.601999999999
2013-09-01 16:30:00,3191.7480000000046
2013-09-01 17:00:00,3474.649999999994
2013-09-01 17:30:00,3907.934000000003
2013-09-01 18:00:00,4565.576000000001
2013-09-01 18:30:00,5229.041999999999
2013-09-01 19:00:00,5397.61800000001
2013-09-01 19:30:00,5144.181999999994
2013-09-01 20:00:00,4910.71400000001
2013-09-01 20:30:00,4776.436000000016
2013-09-01 21:00:00,4594.289999999989
2013-09-01 21:30:00,4376.636000000004
2013-09-01 22:00:00,4013.031999999993
2013-09-01 22:30:00,3686.0080000000057
2013-09-01 23:00:00,3248.8620000000024
2013-09-01 23:30:00,2883.95800000001
2013-09-02 00:00:00,2568.467999999998
2013-09-02 00:30:00,2310.4179999999965
2013-09-02 01:00:00,2182.7059999999983
2013-09-02 01:30:00,2037.8959999999963
2013-09-02 02:00:00,1919.7760000000007
2013-09-02 02:30:00,1876.2359999999974
2013-09-02 03:00:00,1842.4319999999973
2013-09-02 03:30:00,1836.9820000000027
2013-09-02 04:00:00,1783.681999999996
2013-09-02 04:30:00,1805.8519999999958
2013-09-02 05:00:00,1890.677999999994
2013-09-02 05:30:00,2036.343999999992
2013-09-02 06:00:00,2311.0240000000067
2013-09-02 06:30:00,2722.9520000000007
2013-09-02 07:00:00,3161.469999999999
2013-09-02 07:30:00,3661.4300000000053
2013-09-02 08:00:00,3719.0040000000004
2013-09-02 08:30:00,3591.7659999999923
2013-09-02 09:00:00,3250.9939999999983
2013-09-02 09:30:00,2933.4379999999855
2013-09-02 10:00:00,2824.9859999999985
2013-09-02 10:30:00,2763.5319999999965
2013-09-02 11:00:00,2652.8799999999987
2013-09-02 11:30:00,2649.6899999999914
2013-09-02 12:00:00,2556.6699999999923
2013-09-02 12:30:00,2622.3480000000027
2013-09-02 13:00:00,2574.4680000000017
2013-09-02 13:30:00,2510.2219999999925
2013-09-02 14:00:00,2497.661999999998
2013-09-02 14:30:00,2482.3299999999963
2013-09-02 15:00:00,2435.744000000001
2013-09-02 15:30:00,2436.8239999999983
2013-09-02 16:00:00,2688.9900000000052
2013-09-02 16:30:00,2907.695999999993
2013-09-02 17:00:00,3201.5480000000075
2013-09-02 17:30:00,3694.5879999999897
2013-09-02 18:00:00,4537.086000000006
2013-09-02 18:30:00,5395.640000000003
2013-09-02 19:00:00,5694.689999999982
2013-09-02 19:30:00,5459.272000000036
2013-09-02 20:00:00,5130.691999999999
2013-09-02 20:30:00,4937.28999999999
2013-09-02 21:00:00,4706.071999999978
2013-09-02 21:30:00,4410.095999999999
2013-09-02 22:00:00,4036.4300000000044
2013-09-02 22:30:00,3642.951999999997
2013-09-02 23:00:00,3241.47
2013-09-02 23:30:00,2830.391999999995
2013-09-03 00:00:00,2513.3379999999966
2013-09-03 00:30:00,2314.1900000000014
2013-09-03 01:00:00,2110.891999999991
2013-09-03 01:30:00,2003.865999999994
2013-09-03 02:00:00,1936.1120000000008
2013-09-03 02:30:00,1884.4339999999966
2013-09-03 03:00:00,1823.939999999996
2013-09-03 03:30:00,1785.7179999999996
2013-09-03 04:00:00,1757.7860000000028
2013-09-03 04:30:00,1764.1739999999934
2013-09-03 05:00:00,1840.0499999999995
2013-09-03 05:30:00,2040.8599999999983
2013-09-03 06:00:00,2334.3919999999944
2013-09-03 06:30:00,2709.229999999991
2013-09-03 07:00:00,3146.435999999998
2013-09-03 07:30:00,3656.4720000000007
2013-09-03 08:00:00,3776.727999999993
2013-09-03 08:30:00,3531.76800000001
2013-09-03 09:00:00,3092.986000000002
2013-09-03 09:30:00,2889.6059999999998
2013-09-03 10:00:00,2835.478000000001
2013-09-03 10:30:00,2687.188000000003
2013-09-03 11:00:00,2602.7280000000023
2013-09-03 11:30:00,2579.1179999999968
2013-09-03 12:00:00,2520.0139999999983
2013-09-03 12:30:00,2515.9939999999992
2013-09-03 13:00:00,2501.0659999999953
2013-09-03 13:30:00,2487.0900000000047
2013-09-03 14:00:00,2463.004000000007
2013-09-03 14:30:00,2438.747999999993
2013-09-03 15:00:00,2408.8320000000026
2013-09-03 15:30:00,2467.903999999991
2013-09-03 16:00:00,2706.1219999999885
2013-09-03 16:30:00,2936.363999999999
2013-09-03 17:00:00,3221.3860000000027
2013-09-03 17:30:00,3742.72199999999
2013-09-03 18:00:00,4519.906000000018
2013-09-03 18:30:00,5245.629999999997
2013-09-03 19:00:00,5471.383999999994
2013-09-03 19:30:00,5335.600000000007
2013-09-03 20:00:00,5036.513999999996
2013-09-03 20:30:00,4802.870000000008
2013-09-03 21:00:00,4639.372000000002
2013-09-03 21:30:00,4335.734000000007
2013-09-03 22:00:00,4032.15
2013-09-03 22:30:00,3654.795999999987
2013-09-03 23:00:00,3228.87999999999
2013-09-03 23:30:00,2866.7999999999943
2013-09-04 00:00:00,2519.548000000006
2013-09-04 00:30:00,2305.679999999996
2013-09-04 01:00:00,2106.8200000000047
2013-09-04 01:30:00,2021.8000000000052
2013-09-04 02:00:00,1945.641999999999
2013-09-04 02:30:00,1894.371999999995
2013-09-04 03:00:00,1820.3439999999978
2013-09-04 03:30:00,1778.3019999999958
2013-09-04 04:00:00,1785.8819999999969
2013-09-04 04:30:00,1830.8760000000032
2013-09-04 05:00:00,1901.9700000000014
2013-09-04 05:30:00,2083.1799999999953
2013-09-04 06:00:00,2355.2580000000003
2013-09-04 06:30:00,2730.573999999996
2013-09-04 07:00:00,3194.62399999999
2013-09-04 07:30:00,3641.829999999999
2013-09-04 08:00:00,3812.7359999999953
2013-09-04 08:30:00,3525.0880000000025
2013-09-04 09:00:00,3111.436000000009
2013-09-04 09:30:00,2902.553999999998
2013-09-04 10:00:00,2715.132000000002
2013-09-04 10:30:00,2642.0499999999893
2013-09-04 11:00:00,2589.587999999998
2013-09-04 11:30:00,2563.1660000000006
2013-09-04 12:00:00,2485.0359999999937
2013-09-04 12:30:00,2540.8460000000014
2013-09-04 13:00:00,2490.153999999993
2013-09-04 13:30:00,2439.4599999999946
2013-09-04 14:00:00,2422.499999999997
2013-09-04 14:30:00,2403.657999999993
2013-09-04 15:00:00,2420.1399999999944
2013-09-04 15:30:00,2474.1780000000035
2013-09-04 16:00:00,2712.987999999989
2013-09-04 16:30:00,2888.436000000011
2013-09-04 17:00:00,3099.9279999999853
2013-09-04 17:30:00,3643.873999999997
2013-09-04 18:00:00,4526.957999999995
2013-09-04 18:30:00,5188.529999999993
2013-09-04 19:00:00,5393.767999999989
2013-09-04 19:30:00,5247.183999999988
2013-09-04 20:00:00,5024.369999999999
2013-09-04 20:30:00,4809.168000000002
2013-09-04 21:00:00,4618.338000000007
2013-09-04 21:30:00,4384.116000000009
2013-09-04 22:00:00,4022.28
2013-09-04 22:30:00,3631.073999999995
2013-09-04 23:00:00,3213.861999999994
2013-09-04 23:30:00,2826.4020000000005
2013-09-05 00:00:00,2528.217999999992
2013-09-05 00:30:00,2296.9899999999957
2013-09-05 01:00:00,2146.5820000000062
2013-09-05 01:30:00,2020.1960000000004
2013-09-05 02:00:00,1924.8979999999985
2013-09-05 02:30:00,1909.8520000000015
2013-09-05 03:00:00,1860.0659999999934
2013-09-05 03:30:00,1830.7099999999994
2013-09-05 04:00:00,1798.1159999999984
2013-09-05 04:30:00,1819.3319999999974
2013-09-05 05:00:00,1879.0640000000042
2013-09-05 05:30:00,2067.197999999994
2013-09-05 06:00:00,2346.297999999997
2013-09-05 06:30:00,2741.045999999993
2013-09-05 07:00:00,3196.287999999999
2013-09-05 07:30:00,3670.8660000000077
2013-09-05 08:00:00,3760.796
2013-09-05 08:30:00,3542.4440000000036
2013-09-05 09:00:00,3113.0480000000002
2013-09-05 09:30:00,2845.323999999993
2013-09-05 10:00:00,2770.1740000000077
2013-09-05 10:30:00,2651.178000000006
2013-09-05 11:00:00,2588.861999999998
2013-09-05 11:30:00,2549.2219999999998
2013-09-05 12:00:00,2496.045999999995
2013-09-05 12:30:00,2544.8059999999955
2013-09-05 13:00:00,2510.257999999996
2013-09-05 13:30:00,2465.6480000000115
2013-09-05 14:00:00,2426.662000000001
2013-09-05 14:30:00,2349.2060000000024
2013-09-05 15:00:00,2357.673999999994
2013-09-05 15:30:00,2389.669999999998
2013-09-05 16:00:00,2577.2379999999985
2013-09-05 16:30:00,2766.9019999999987
2013-09-05 17:00:00,2994.7059999999888
2013-09-05 17:30:00,3440.8899999999935
2013-09-05 18:00:00,4151.382
2013-09-05 18:30:00,4811.452
2013-09-05 19:00:00,4945.863999999999
2013-09-05 19:30:00,4821.777999999996
2013-09-05 20:00:00,4617.870000000013
2013-09-05 20:30:00,4466.533999999977
2013-09-05 21:00:00,4304.048000000012
2013-09-05 21:30:00,4145.991999999999
2013-09-05 22:00:00,3837.825999999996
2013-09-05 22:30:00,3505.5340000000074
2013-09-05 23:00:00,3135.1799999999907
2013-09-05 23:30:00,2778.33
2013-09-06 00:00:00,2493.201999999996
2013-09-06 00:30:00,2244.129999999999
2013-09-06 01:00:00,2094.399999999997
2013-09-06 01:30:00,1989.3539999999973
2013-09-06 02:00:00,1872.4000000000017
2013-09-06 02:30:00,1842.1959999999985
2013-09-06 03:00:00,1800.5760000000014
2013-09-06 03:30:00,1748.5499999999993
2013-09-06 04:00:00,1709.0139999999983
2013-09-06 04:30:00,1721.6979999999992
2013-09-06 05:00:00,1787.7539999999942
2013-09-06 05:30:00,1946.0099999999964
2013-09-06 06:00:00,2193.1840000000043
2013-09-06 06:30:00,2516.7779999999975
2013-09-06 07:00:00,2907.863999999999
2013-09-06 07:30:00,3325.527999999996
2013-09-06 08:00:00,3486.4680000000094
2013-09-06 08:30:00,3281.0459999999985
2013-09-06 09:00:00,2950.2899999999922
2013-09-06 09:30:00,2759.4139999999966
2013-09-06 10:00:00,2646.516000000001
2013-09-06 10:30:00,2617.6280000000093
2013-09-06 11:00:00,2603.14400000001
2013-09-06 11:30:00,2541.8219999999983
2013-09-06 12:00:00,2542.7300000000023
2013-09-06 12:30:00,2552.3659999999977
2013-09-06 13:00:00,2534.8820000000032
2013-09-06 13:30:00,2531.6979999999962
2013-09-06 14:00:00,2503.4080000000067
2013-09-06 14:30:00,2458.114000000004
2013-09-06 15:00:00,2475.426
2013-09-06 15:30:00,2523.417999999997
2013-09-06 16:00:00,2750.6420000000144
2013-09-06 16:30:00,2951.455999999996
2013-09-06 17:00:00,3202.716
2013-09-06 17:30:00,3608.136000000008
2013-09-06 18:00:00,4167.684000000006
2013-09-06 18:30:00,4672.167999999998
2013-09-06 19:00:00,4834.894000000016
2013-09-06 19:30:00,4663.230000000016
2013-09-06 20:00:00,4432.771999999998
2013-09-06 20:30:00,4246.011999999984
2013-09-06 21:00:00,4151.090000000006
2013-09-06 21:30:00,3928.284000000005
2013-09-06 22:00:00,3702.525999999998
2013-09-06 22:30:00,3461.2299999999777
2013-09-06 23:00:00,3121.4040000000064
2013-09-06 23:30:00,2840.9639999999936
2013-09-07 00:00:00,2621.5940000000046
2013-09-07 00:30:00,2397.704000000001
2013-09-07 01:00:00,2163.92999999999
2013-09-07 01:30:00,2008.2159999999963
2013-09-07 02:00:00,1915.0880000000009
2013-09-07 02:30:00,1807.7579999999962
2013-09-07 03:00:00,1773.5819999999987
2013-09-07 03:30:00,1729.6940000000009
2013-09-07 04:00:00,1710.1720000000007
2013-09-07 04:30:00,1716.71
2013-09-07 05:00:00,1719.9160000000002
2013-09-07 05:30:00,1810.5539999999964
2013-09-07 06:00:00,1928.6979999999996
2013-09-07 06:30:00,2120.9059999999977
2013-09-07 07:00:00,2354.234000000004
2013-09-07 07:30:00,2769.795999999992
2013-09-07 08:00:00,3069.4239999999986
2013-09-07 08:30:00,3189.5560000000064
2013-09-07 09:00:00,3275.878000000005
2013-09-07 09:30:00,3269.004000000003
2013-09-07 10:00:00,3158.4039999999927
2013-09-07 10:30:00,3135.4319999999975
2013-09-07 11:00:00,3093.6739999999963
2013-09-07 11:30:00,3014.6399999999967
2013-09-07 12:00:00,3007.2580000000007
2013-09-07 12:30:00,3028.4699999999984
2013-09-07 13:00:00,2992.0120000000024
2013-09-07 13:30:00,2874.8919999999925
2013-09-07 14:00:00,2884.7380000000053
2013-09-07 14:30:00,2949.385999999992
2013-09-07 15:00:00,2940.8739999999902
2013-09-07 15:30:00,3007.7879999999977
2013-09-07 16:00:00,3049.633999999995
2013-09-07 16:30:00,3247.362000000003
2013-09-07 17:00:00,3372.642000000004
2013-09-07 17:30:00,3596.8899999999935
2013-09-07 18:00:00,4213.119999999997
2013-09-07 18:30:00,4714.674000000004
2013-09-07 19:00:00,4786.494000000002
2013-09-07 19:30:00,4598.602000000006
2013-09-07 20:00:00,4360.870000000002
2013-09-07 20:30:00,4121.734000000006
2013-09-07 21:00:00,3932.460000000001
2013-09-07 21:30:00,3803.980000000001
2013-09-07 22:00:00,3561.389999999991
2013-09-07 22:30:00,3382.153999999992
2013-09-07 23:00:00,3197.764
2013-09-07 23:30:00,2949.2619999999965
2013-09-08 00:00:00,2654.0139999999956
2013-09-08 00:30:00,2410.8520000000076
2013-09-08 01:00:00,2228.439999999998
2013-09-08 01:30:00,2052.443999999999
2013-09-08 02:00:00,1958.1099999999972
2013-09-08 02:30:00,1870.9639999999913
2013-09-08 03:00:00,1799.2619999999977
2013-09-08 03:30:00,1743.2619999999997
2013-09-08 04:00:00,1707.6419999999953
2013-09-08 04:30:00,1716.307999999998
2013-09-08 05:00:00,1704.6319999999932
2013-09-08 05:30:00,1788.5619999999974
2013-09-08 06:00:00,1854.6080000000006
2013-09-08 06:30:00,2001.9579999999933
2013-09-08 07:00:00,2179.8280000000004
2013-09-08 07:30:00,2506.9820000000072
2013-09-08 08:00:00,2821.13199999999
2013-09-08 08:30:00,3111.785999999994
2013-09-08 09:00:00,3283.0539999999996
2013-09-08 09:30:00,3505.38199999999
2013-09-08 10:00:00,3565.739999999995
2013-09-08 10:30:00,3461.339999999996
2013-09-08 11:00:00,3515.277999999981
2013-09-08 11:30:00,3456.7399999999916
2013-09-08 12:00:00,3419.0679999999948
2013-09-08 12:30:00,3429.541999999999
2013-09-08 13:00:00,3300.125999999998
2013-09-08 13:30:00,3283.248000000005
2013-09-08 14:00:00,3212.412000000004
2013-09-08 14:30:00,3159.4380000000015
2013-09-08 15:00:00,3151.8439999999964
2013-09-08 15:30:00,3176.3440000000046
2013-09-08 16:00:00,3287.1500000000083
2013-09-08 16:30:00,3424.288000000003
2013-09-08 17:00:00,3623.050000000001
2013-09-08 17:30:00,4027.8760000000034
2013-09-08 18:00:00,4676.57600000002
2013-09-08 18:30:00,5329.93799999999
2013-09-08 19:00:00,5379.624000000004
2013-09-08 19:30:00,5123.227999999992
2013-09-08 20:00:00,4818.137999999996
2013-09-08 20:30:00,4582.061999999984
2013-09-08 21:00:00,4401.907999999993
2013-09-08 21:30:00,4154.101999999993
2013-09-08 22:00:00,3753.2959999999957
2013-09-08 22:30:00,3401.588000000009
2013-09-08 23:00:00,3101.0739999999932
2013-09-08 23:30:00,2737.5700000000056
2013-09-09 00:00:00,2440.976000000004
2013-09-09 00:30:00,2203.6680000000006
2013-09-09 01:00:00,2092.6040000000016
2013-09-09 01:30:00,1942.3000000000018
2013-09-09 02:00:00,1850.8040000000058
2013-09-09 02:30:00,1819.9480000000042
2013-09-09 03:00:00,1741.3999999999958
2013-09-09 03:30:00,1723.1960000000015
2013-09-09 04:00:00,1691.7280000000003
2013-09-09 04:30:00,1699.0379999999964
2013-09-09 05:00:00,1777.2020000000111
2013-09-09 05:30:00,1895.337999999994
2013-09-09 06:00:00,2106.0920000000033
2013-09-09 06:30:00,2410.6519999999973
2013-09-09 07:00:00,2759.951999999988
2013-09-09 07:30:00,3219.9560000000038
2013-09-09 08:00:00,3413.384000000006
2013-09-09 08:30:00,3286.878000000002
2013-09-09 09:00:00,3024.3719999999903
2013-09-09 09:30:00,2883.780000000003
2013-09-09 10:00:00,2722.0100000000007
2013-09-09 10:30:00,2656.56000000001
2013-09-09 11:00:00,2644.348
2013-09-09 11:30:00,2601.2060000000006
2013-09-09 12:00:00,2627.9760000000024
2013-09-09 12:30:00,2646.542000000002
2013-09-09 13:00:00,2635.502000000005
2013-09-09 13:30:00,2583.7719999999927
2013-09-09 14:00:00,2545.1700000000005
2013-09-09 14:30:00,2491.2659999999987
2013-09-09 15:00:00,2531.4200000000087
2013-09-09 15:30:00,2557.0880000000025
2013-09-09 16:00:00,2796.362
2013-09-09 16:30:00,3017.1359999999995
2013-09-09 17:00:00,3262.210000000001
2013-09-09 17:30:00,3811.749999999997
2013-09-09 18:00:00,4595.441999999993
2013-09-09 18:30:00,5227.679999999998
2013-09-09 19:00:00,5237.988000000004
2013-09-09 19:30:00,5010.601999999998
2013-09-09 20:00:00,4718.209999999993
2013-09-09 20:30:00,4559.335999999995
2013-09-09 21:00:00,4372.804000000005
2013-09-09 21:30:00,4106.035999999992
2013-09-09 22:00:00,3753.477999999988
2013-09-09 22:30:00,3338.790000000015
2013-09-09 23:00:00,2994.2820000000074
2013-09-09 23:30:00,2677.073999999989
2013-09-10 00:00:00,2341.991999999998
2013-09-10 00:30:00,2166.4739999999983
2013-09-10 01:00:00,2027.0600000000006
2013-09-10 01:30:00,1928.9640000000013
2013-09-10 02:00:00,1824.7400000000023
2013-09-10 02:30:00,1734.1740000000018
2013-09-10 03:00:00,1703.5520000000029
2013-09-10 03:30:00,1695.8880000000015
2013-09-10 04:00:00,1662.8400000000038
2013-09-10 04:30:00,1694.203999999998
2013-09-10 05:00:00,1743.827999999998
2013-09-10 05:30:00,1870.4279999999944
2013-09-10 06:00:00,2089.4659999999967
2013-09-10 06:30:00,2392.9519999999998
2013-09-10 07:00:00,2812.89
2013-09-10 07:30:00,3131.8800000000087
2013-09-10 08:00:00,3251.077999999984
2013-09-10 08:30:00,3080.109999999991
2013-09-10 09:00:00,2929.7680000000055
2013-09-10 09:30:00,2771.067999999989
2013-09-10 10:00:00,2668.9760000000006
2013-09-10 10:30:00,2562.2520000000113
2013-09-10 11:00:00,2501.2059999999983
2013-09-10 11:30:00,2526.752000000003
2013-09-10 12:00:00,2518.8159999999975
2013-09-10 12:30:00,2538.621999999999
2013-09-10 13:00:00,2530.080000000003
2013-09-10 13:30:00,2579.3179999999907
2013-09-10 14:00:00,2587.3780000000015
2013-09-10 14:30:00,2577.742000000003
2013-09-10 15:00:00,2610.8059999999923
2013-09-10 15:30:00,2667.546000000005
2013-09-10 16:00:00,2856.2059999999938
2013-09-10 16:30:00,3005.9059999999968
2013-09-10 17:00:00,3275.005999999989
2013-09-10 17:30:00,3712.181999999993
2013-09-10 18:00:00,4342.478000000003
2013-09-10 18:30:00,4959.872000000008
2013-09-10 19:00:00,5178.997999999996
2013-09-10 19:30:00,4961.298000000006
2013-09-10 20:00:00,4718.144000000009
2013-09-10 20:30:00,4514.277999999999
2013-09-10 21:00:00,4274.828000000005
2013-09-10 21:30:00,4030.584000000006
2013-09-10 22:00:00,3714.0820000000003
2013-09-10 22:30:00,3385.723999999996
2013-09-10 23:00:00,3035.8379999999984
2013-09-10 23:30:00,2700.256000000002
2013-09-11 00:00:00,2445.059999999998
2013-09-11 00:30:00,2196.156000000005
2013-09-11 01:00:00,2032.9800000000012
2013-09-11 01:30:00,1954.7259999999949
2013-09-11 02:00:00,1857.9499999999969
2013-09-11 02:30:00,1758.7980000000039
2013-09-11 03:00:00,1729.417999999999
2013-09-11 03:30:00,1701.7699999999936
2013-09-11 04:00:00,1650.4299999999998
2013-09-11 04:30:00,1691.8899999999987
2013-09-11 05:00:00,1727.4219999999975
2013-09-11 05:30:00,1873.6659999999986
2013-09-11 06:00:00,2069.860000000006
2013-09-11 06:30:00,2377.9960000000024
2013-09-11 07:00:00,2768.570000000006
2013-09-11 07:30:00,3167.4840000000095
2013-09-11 08:00:00,3260.283999999998
2013-09-11 08:30:00,3076.077999999998
2013-09-11 09:00:00,2860.496000000005
2013-09-11 09:30:00,2712.27
2013-09-11 10:00:00,2593.730000000003
2013-09-11 10:30:00,2507.6480000000147
2013-09-11 11:00:00,2480.9379999999996
2013-09-11 11:30:00,2497.9899999999907
2013-09-11 12:00:00,2543.1140000000073
2013-09-11 12:30:00,2525.8699999999976
2013-09-11 13:00:00,2502.1580000000017
2013-09-11 13:30:00,2460.1619999999994
2013-09-11 14:00:00,2429.355999999992
2013-09-11 14:30:00,2379.891999999997
2013-09-11 15:00:00,2338.9200000000083
2013-09-11 15:30:00,2383.175999999996
2013-09-11 16:00:00,2623.086000000001
2013-09-11 16:30:00,2794.4359999999992
2013-09-11 17:00:00,3019.4119999999994
2013-09-11 17:30:00,3397.600000000005
2013-09-11 18:00:00,4092.5459999999953
2013-09-11 18:30:00,4803.800000000017
2013-09-11 19:00:00,5020.15999999998
2013-09-11 19:30:00,4850.5180000000255
2013-09-11 20:00:00,4653.8220000000065
2013-09-11 20:30:00,4439.666000000004
2013-09-11 21:00:00,4182.566000000012
2013-09-11 21:30:00,4007.549999999984
2013-09-11 22:00:00,3691.9700000000003
2013-09-11 22:30:00,3389.0620000000017
2013-09-11 23:00:00,3015.4259999999954
2013-09-11 23:30:00,2721.491999999999
2013-09-12 00:00:00,2474.102000000005
2013-09-12 00:30:00,2224.6220000000044
2013-09-12 01:00:00,2044.2559999999953
2013-09-12 01:30:00,1913.7659999999958
2013-09-12 02:00:00,1840.5800000000004
2013-09-12 02:30:00,1746.2780000000014
2013-09-12 03:00:00,1713.6659999999986
2013-09-12 03:30:00,1694.6700000000064
2013-09-12 04:00:00,1694.8060000000078
2013-09-12 04:30:00,1677.1679999999967
2013-09-12 05:00:00,1735.719999999998
2013-09-12 05:30:00,1909.669999999999
2013-09-12 06:00:00,2143.733999999997
2013-09-12 06:30:00,2438.375999999994
2013-09-12 07:00:00,2861.968000000004
2013-09-12 07:30:00,3265.403999999996
2013-09-12 08:00:00,3403.2540000000095
2013-09-12 08:30:00,3246.9380000000006
2013-09-12 09:00:00,2939.504000000009
2013-09-12 09:30:00,2727.9779999999964
2013-09-12 10:00:00,2631.0119999999984
2013-09-12 10:30:00,2516.2899999999954
2013-09-12 11:00:00,2494.681999999994
2013-09-12 11:30:00,2431.735999999993
2013-09-12 12:00:00,2447.799999999998
2013-09-12 12:30:00,2462.161999999999
2013-09-12 13:00:00,2392.158000000006
2013-09-12 13:30:00,2358.0260000000044
2013-09-12 14:00:00,2338.598000000009
2013-09-12 14:30:00,2368.2439999999974
2013-09-12 15:00:00,2342.4420000000005
2013-09-12 15:30:00,2444.6279999999956
2013-09-12 16:00:00,2583.399999999994
2013-09-12 16:30:00,2758.1939999999936
2013-09-12 17:00:00,2965.035999999989
2013-09-12 17:30:00,3372.4619999999986
2013-09-12 18:00:00,4042.8539999999975
2013-09-12 18:30:00,4757.535999999995
2013-09-12 19:00:00,4825.384000000016
2013-09-12 19:30:00,4748.771999999997
2013-09-12 20:00:00,4638.29199999999
2013-09-12 20:30:00,4492.989999999996
2013-09-12 21:00:00,4290.376000000013
2013-09-12 21:30:00,4191.826
2013-09-12 22:00:00,3977.8980000000006
2013-09-12 22:30:00,3574.4599999999987
2013-09-12 23:00:00,3177.868000000011
2013-09-12 23:30:00,2828.2239999999924
2013-09-13 00:00:00,2472.2680000000005
2013-09-13 00:30:00,2285.9520000000016
2013-09-13 01:00:00,2121.4719999999998
2013-09-13 01:30:00,1936.569999999997
2013-09-13 02:00:00,1890.4259999999927
2013-09-13 02:30:00,1828.4039999999989
2013-09-13 03:00:00,1773.2100000000007
2013-09-13 03:30:00,1757.865999999997
2013-09-13 04:00:00,1729.7979999999993
2013-09-13 04:30:00,1729.6579999999983
2013-09-13 05:00:00,1788.179999999998
2013-09-13 05:30:00,1965.4479999999958
2013-09-13 06:00:00,2181.4799999999987
2013-09-13 06:30:00,2539.556000000002
2013-09-13 07:00:00,2976.3639999999923
2013-09-13 07:30:00,3454.086000000002
2013-09-13 08:00:00,3649.756000000006
2013-09-13 08:30:00,3413.671999999993
2013-09-13 09:00:00,3062.0459999999953
2013-09-13 09:30:00,2967.377999999989
2013-09-13 10:00:00,2868.6260000000043
2013-09-13 10:30:00,2802.439999999998
2013-09-13 11:00:00,2676.2939999999903
2013-09-13 11:30:00,2644.0339999999933
2013-09-13 12:00:00,2654.8580000000024
2013-09-13 12:30:00,2681.650000000006
2013-09-13 13:00:00,2670.3299999999995
2013-09-13 13:30:00,2631.6739999999945
2013-09-13 14:00:00,2566.1399999999976
2013-09-13 14:30:00,2527.5400000000022
2013-09-13 15:00:00,2494.908000000001
2013-09-13 15:30:00,2539.7499999999955
2013-09-13 16:00:00,2723.1340000000005
2013-09-13 16:30:00,2989.6239999999957
2013-09-13 17:00:00,3296.170000000009
2013-09-13 17:30:00,3771.120000000009
2013-09-13 18:00:00,4482.824000000004
2013-09-13 18:30:00,5153.148000000019
2013-09-13 19:00:00,5172.967999999996
2013-09-13 19:30:00,5038.307999999996
2013-09-13 20:00:00,4892.411999999988
2013-09-13 20:30:00,4733.825999999999
2013-09-13 21:00:00,4640.873999999994
2013-09-13 21:30:00,4376.555999999989
2013-09-13 22:00:00,4123.980000000006
2013-09-13 22:30:00,3844.5300000000007
2013-09-13 23:00:00,3452.839999999996
2013-09-13 23:30:00,3078.548000000002
2013-09-14 00:00:00,2810.850000000004
2013-09-14 00:30:00,2527.281999999997
2013-09-14 01:00:00,2313.6239999999957
2013-09-14 01:30:00,2202.802
2013-09-14 02:00:00,2049.9739999999993
2013-09-14 02:30:00,1971.6260000000052
2013-09-14 03:00:00,1881.649999999994
2013-09-14 03:30:00,1860.811999999996
2013-09-14 04:00:00,1805.4640000000018
2013-09-14 04:30:00,1770.971999999999
2013-09-14 05:00:00,1826.999999999997
2013-09-14 05:30:00,1875.2759999999987
2013-09-14 06:00:00,2011.7259999999976
2013-09-14 06:30:00,2205.708
2013-09-14 07:00:00,2383.4779999999982
2013-09-14 07:30:00,2773.382000000006
2013-09-14 08:00:00,3152.7559999999985
2013-09-14 08:30:00,3366.636000000002
2013-09-14 09:00:00,3460.8039999999964
2013-09-14 09:30:00,3474.3360000000016
2013-09-14 10:00:00,3391.653999999992
2013-09-14 10:30:00,3320.152000000004
2013-09-14 11:00:00,3249.8340000000026
2013-09-14 11:30:00,3145.1759999999913
2013-09-14 12:00:00,3123.3319999999985
2013-09-14 12:30:00,3094.6560000000018
2013-09-14 13:00:00,3052.009999999994
2013-09-14 13:30:00,2991.042000000006
2013-09-14 14:00:00,3014.688000000007
2013-09-14 14:30:00,2916.7819999999983
2013-09-14 15:00:00,2895.054
2013-09-14 15:30:00,2930.7100000000023
2013-09-14 16:00:00,3058.059999999994
2013-09-14 16:30:00,3166.5660000000007
2013-09-14 17:00:00,3369.261999999998
2013-09-14 17:30:00,3719.390000000003
2013-09-14 18:00:00,4255.100000000004
2013-09-14 18:30:00,4848.17799999999
2013-09-14 19:00:00,4966.278000000004
2013-09-14 19:30:00,4776.649999999994
2013-09-14 20:00:00,4423.371999999997
2013-09-14 20:30:00,4230.281999999994
2013-09-14 21:00:00,4095.0199999999986
2013-09-14 21:30:00,3877.653999999991
2013-09-14 22:00:00,3668.737999999999
2013-09-14 22:30:00,3479.6839999999847
2013-09-14 23:00:00,3191.384000000002
2013-09-14 23:30:00,2912.0980000000045
2013-09-15 00:00:00,2697.919999999993
2013-09-15 00:30:00,2427.1760000000063
2013-09-15 01:00:00,2272.791999999998
2013-09-15 01:30:00,2100.7379999999944
2013-09-15 02:00:00,1982.6760000000043
2013-09-15 02:30:00,1908.863999999999
2013-09-15 03:00:00,1868.0979999999975
2013-09-15 03:30:00,1819.1880000000008
2013-09-15 04:00:00,1777.2180000000014
2013-09-15 04:30:00,1790.1720000000003
2013-09-15 05:00:00,1783.3079999999993
2013-09-15 05:30:00,1813.0980000000022
2013-09-15 06:00:00,1929.0940000000016
2013-09-15 06:30:00,2105.762000000001
2013-09-15 07:00:00,2320.411999999994
2013-09-15 07:30:00,2615.672000000005
2013-09-15 08:00:00,2897.7779999999893
2013-09-15 08:30:00,3242.072000000005
2013-09-15 09:00:00,3407.2619999999865
2013-09-15 09:30:00,3441.5140000000047
2013-09-15 10:00:00,3473.920000000006
2013-09-15 10:30:00,3448.9399999999996
2013-09-15 11:00:00,3472.9299999999866
2013-09-15 11:30:00,3487.692000000001
2013-09-15 12:00:00,3493.4039999999995
2013-09-15 12:30:00,3408.7499999999986
2013-09-15 13:00:00,3352.6780000000063
2013-09-15 13:30:00,3276.6039999999844
2013-09-15 14:00:00,3205.4179999999906
2013-09-15 14:30:00,3116.5860000000057
2013-09-15 15:00:00,3122.8419999999974
2013-09-15 15:30:00,3105.656000000001
2013-09-15 16:00:00,3280.396000000005
2013-09-15 16:30:00,3524.627999999999
2013-09-15 17:00:00,3787.9939999999892
2013-09-15 17:30:00,4163.270000000004
2013-09-15 18:00:00,4746.769999999993
2013-09-15 18:30:00,5469.215999999995
2013-09-15 19:00:00,5518.547999999986
2013-09-15 19:30:00,5266.654000000011
2013-09-15 20:00:00,4967.501999999996
2013-09-15 20:30:00,4725.728000000013
2013-09-15 21:00:00,4474.979999999995
2013-09-15 21:30:00,4251.5139999999965
2013-09-15 22:00:00,3865.0080000000016
2013-09-15 22:30:00,3599.484000000004
2013-09-15 23:00:00,3200.721999999989
2013-09-15 23:30:00,2800.39400000001
2013-09-16 00:00:00,2480.8040000000015
2013-09-16 00:30:00,2285.9840000000104
2013-09-16 01:00:00,2111.0780000000004
2013-09-16 01:30:00,1981.1700000000037
2013-09-16 02:00:00,1874.0720000000001
2013-09-16 02:30:00,1810.4519999999955
2013-09-16 03:00:00,1775.607999999999
2013-09-16 03:30:00,1716.5300000000034
2013-09-16 04:00:00,1728.2859999999966
2013-09-16 04:30:00,1702.6280000000047
2013-09-16 05:00:00,1780.3480000000009
2013-09-16 05:30:00,1930.2959999999973
2013-09-16 06:00:00,2150.8540000000035
2013-09-16 06:30:00,2506.205999999996
2013-09-16 07:00:00,2958.324000000005
2013-09-16 07:30:00,3422.8940000000025
2013-09-16 08:00:00,3680.1319999999937
2013-09-16 08:30:00,3585.1900000000073
2013-09-16 09:00:00,3319.6679999999983
2013-09-16 09:30:00,3080.299999999992
2013-09-16 10:00:00,3015.0060000000035
2013-09-16 10:30:00,3019.5779999999877
2013-09-16 11:00:00,2971.154000000003
2013-09-16 11:30:00,2964.3180000000034
2013-09-16 12:00:00,2977.109999999995
2013-09-16 12:30:00,3097.252000000003
2013-09-16 13:00:00,3059.8700000000003
2013-09-16 13:30:00,3113.5059999999967
2013-09-16 14:00:00,3107.6779999999962
2013-09-16 14:30:00,3083.36399999999
2013-09-16 15:00:00,3135.246000000004
2013-09-16 15:30:00,3173.8039999999874
2013-09-16 16:00:00,3623.741999999998
2013-09-16 16:30:00,3974.7039999999915
2013-09-16 17:00:00,4356.191999999996
2013-09-16 17:30:00,5059.1980000000085
2013-09-16 18:00:00,5826.184000000006
2013-09-16 18:30:00,6291.072000000007
2013-09-16 19:00:00,6390.404000000001
2013-09-16 19:30:00,6055.161999999993
2013-09-16 20:00:00,5758.086000000009
2013-09-16 20:30:00,5448.075999999999
2013-09-16 21:00:00,5124.072000000005
2013-09-16 21:30:00,4824.141999999987
2013-09-16 22:00:00,4316.821999999993
2013-09-16 22:30:00,3884.1360000000013
2013-09-16 23:00:00,3364.736000000005
2013-09-16 23:30:00,2988.696000000004
2013-09-17 00:00:00,2647.4799999999914
2013-09-17 00:30:00,2393.2379999999966
2013-09-17 01:00:00,2218.218000000003
2013-09-17 01:30:00,2068.1380000000004
2013-09-17 02:00:00,1987.3919999999964
2013-09-17 02:30:00,1919.6179999999988
2013-09-17 03:00:00,1823.9180000000044
2013-09-17 03:30:00,1814.8759999999977
2013-09-17 04:00:00,1795.2200000000018
2013-09-17 04:30:00,1806.6360000000002
2013-09-17 05:00:00,1856.2580000000023
2013-09-17 05:30:00,2042.2880000000011
2013-09-17 06:00:00,2250.269999999995
2013-09-17 06:30:00,2603.6279999999992
2013-09-17 07:00:00,3053.3959999999925
2013-09-17 07:30:00,3512.1260000000043
2013-09-17 08:00:00,3715.6760000000017
2013-09-17 08:30:00,3644.950000000003
2013-09-17 09:00:00,3265.9159999999997
2013-09-17 09:30:00,3015.312
2013-09-17 10:00:00,2846.0879999999947
2013-09-17 10:30:00,2771.017999999988
2013-09-17 11:00:00,2703.535999999995
2013-09-17 11:30:00,2690.349999999993
2013-09-17 12:00:00,2686.775999999998
2013-09-17 12:30:00,2702.7279999999987
2013-09-17 13:00:00,2654.6120000000114
2013-09-17 13:30:00,2647.7840000000015
2013-09-17 14:00:00,2601.1219999999935
2013-09-17 14:30:00,2585.4400000000096
2013-09-17 15:00:00,2570.354000000005
2013-09-17 15:30:00,2632.4679999999853
2013-09-17 16:00:00,2790.8419999999937
2013-09-17 16:30:00,2983.9379999999974
2013-09-17 17:00:00,3291.368000000012
2013-09-17 17:30:00,3789.6519999999923
2013-09-17 18:00:00,4440.732000000009
2013-09-17 18:30:00,5158.416000000006
2013-09-17 19:00:00,5408.579999999996
2013-09-17 19:30:00,5256.158000000036
2013-09-17 20:00:00,5012.868000000002
2013-09-17 20:30:00,4772.318000000002
2013-09-17 21:00:00,4544.3140000000185
2013-09-17 21:30:00,4334.612000000004
2013-09-17 22:00:00,4061.323999999994
2013-09-17 22:30:00,3647.239999999989
2013-09-17 23:00:00,3274.1740000000045
2013-09-17 23:30:00,2885.640000000002
2013-09-18 00:00:00,2577.864000000002
2013-09-18 00:30:00,2342.2279999999982
2013-09-18 01:00:00,2109.343999999997
2013-09-18 01:30:00,1993.924
2013-09-18 02:00:00,1875.0879999999988
2013-09-18 02:30:00,1836.263999999995
2013-09-18 03:00:00,1785.036000000003
2013-09-18 03:30:00,1749.1819999999977
2013-09-18 04:00:00,1728.7459999999965
2013-09-18 04:30:00,1761.7020000000007
2013-09-18 05:00:00,1839.7979999999995
2013-09-18 05:30:00,1973.9500000000005
2013-09-18 06:00:00,2251.593999999992
2013-09-18 06:30:00,2557.540000000002
2013-09-18 07:00:00,2927.760000000002
2013-09-18 07:30:00,3328.193999999996
2013-09-18 08:00:00,3529.54
2013-09-18 08:30:00,3306.2579999999966
2013-09-18 09:00:00,3070.365999999992
2013-09-18 09:30:00,2867.2699999999973
2013-09-18 10:00:00,2732.969999999994
2013-09-18 10:30:00,2616.12199999999
2013-09-18 11:00:00,2594.942000000003
2013-09-18 11:30:00,2549.2339999999986
2013-09-18 12:00:00,2594.323999999998
2013-09-18 12:30:00,2601.3960000000075
2013-09-18 13:00:00,2605.055999999996
2013-09-18 13:30:00,2489.382000000002
2013-09-18 14:00:00,2470.3860000000086
2013-09-18 14:30:00,2415.6919999999927
2013-09-18 15:00:00,2392.7699999999963
2013-09-18 15:30:00,2473.672000000003
2013-09-18 16:00:00,2648.5220000000004
2013-09-18 16:30:00,2848.1699999999987
2013-09-18 17:00:00,3017.9160000000006
2013-09-18 17:30:00,3433.866000000007
2013-09-18 18:00:00,4039.7380000000094
2013-09-18 18:30:00,4905.599999999999
2013-09-18 19:00:00,5096.07400000001
2013-09-18 19:30:00,4933.95599999999
2013-09-18 20:00:00,4723.042000000002
2013-09-18 20:30:00,4507.487999999998
2013-09-18 21:00:00,4302.328000000003
2013-09-18 21:30:00,4056.3559999999993
2013-09-18 22:00:00,3810.172000000004
2013-09-18 22:30:00,3457.0120000000056
2013-09-18 23:00:00,3155.717999999999
2013-09-18 23:30:00,2800.6380000000045
2013-09-19 00:00:00,2487.995999999997
2013-09-19 00:30:00,2262.4820000000054
2013-09-19 01:00:00,2105.3499999999935
2013-09-19 01:30:00,1962.3939999999989
2013-09-19 02:00:00,1893.4739999999983
2013-09-19 02:30:00,1807.2939999999942
2013-09-19 03:00:00,1739.8739999999968
2013-09-19 03:30:00,1722.7419999999968
2013-09-19 04:00:00,1710.6760000000022
2013-09-19 04:30:00,1723.929999999995
2013-09-19 05:00:00,1783.4780000000042
2013-09-19 05:30:00,1927.7059999999954
2013-09-19 06:00:00,2203.7499999999986
2013-09-19 06:30:00,2571.9839999999926
2013-09-19 07:00:00,2886.489999999989
2013-09-19 07:30:00,3269.5100000000043
2013-09-19 08:00:00,3380.745999999993
2013-09-19 08:30:00,3293.077999999993
2013-09-19 09:00:00,3036.805999999998
2013-09-19 09:30:00,2829.1780000000026
2013-09-19 10:00:00,2637.7959999999975
2013-09-19 10:30:00,2589.3939999999934
2013-09-19 11:00:00,2553.3160000000057
2013-09-19 11:30:00,2490.326000000004
2013-09-19 12:00:00,2494.5260000000003
2013-09-19 12:30:00,2515.1860000000042
2013-09-19 13:00:00,2460.1179999999986
2013-09-19 13:30:00,2394.456000000003
2013-09-19 14:00:00,2425.210000000001
2013-09-19 14:30:00,2388.6920000000014
2013-09-19 15:00:00,2384.7840000000047
2013-09-19 15:30:00,2451.199999999993
2013-09-19 16:00:00,2610.7599999999993
2013-09-19 16:30:00,2759.396000000002
2013-09-19 17:00:00,2960.6219999999976
2013-09-19 17:30:00,3352.833999999995
2013-09-19 18:00:00,3903.0999999999835
2013-09-19 18:30:00,4561.842000000001
2013-09-19 19:00:00,4971.884000000004
2013-09-19 19:30:00,4732.024000000001
2013-09-19 20:00:00,4571.590000000014
2013-09-19 20:30:00,4432.358000000007
2013-09-19 21:00:00,4297.264000000003
2013-09-19 21:30:00,4087.830000000006
2013-09-19 22:00:00,3807.3819999999896
2013-09-19 22:30:00,3518.217999999988
2013-09-19 23:00:00,3122.9839999999904
2013-09-19 23:30:00,2827.790000000002
2013-09-20 00:00:00,2572.4800000000005
2013-09-20 00:30:00,2287.7439999999933
2013-09-20 01:00:00,2132.603999999997
2013-09-20 01:30:00,1985.7680000000025
2013-09-20 02:00:00,1904.8900000000024
2013-09-20 02:30:00,1800.0240000000003
2013-09-20 03:00:00,1777.2860000000026
2013-09-20 03:30:00,1744.086000000001
2013-09-20 04:00:00,1726.9959999999953
2013-09-20 04:30:00,1744.095999999998
2013-09-20 05:00:00,1779.0580000000045
2013-09-20 05:30:00,1995.4519999999993
2013-09-20 06:00:00,2240.6780000000012
2013-09-20 06:30:00,2568.9779999999905
2013-09-20 07:00:00,2901.3979999999924
2013-09-20 07:30:00,3309.1040000000094
2013-09-20 08:00:00,3491.850000000002
2013-09-20 08:30:00,3274.452000000006
2013-09-20 09:00:00,3065.9760000000056
2013-09-20 09:30:00,2851.4979999999964
2013-09-20 10:00:00,2762.9999999999977
2013-09-20 10:30:00,2696.864
2013-09-20 11:00:00,2635.628000000002
2013-09-20 11:30:00,2622.6179999999995
2013-09-20 12:00:00,2660.3159999999984
2013-09-20 12:30:00,2655.611999999999
2013-09-20 13:00:00,2651.7799999999997
2013-09-20 13:30:00,2584.2460000000083
2013-09-20 14:00:00,2600.799999999999
2013-09-20 14:30:00,2551.046000000002
2013-09-20 15:00:00,2561.1399999999994
2013-09-20 15:30:00,2638.907999999997
2013-09-20 16:00:00,2854.717999999993
2013-09-20 16:30:00,2974.7519999999963
2013-09-20 17:00:00,3210.587999999995
2013-09-20 17:30:00,3776.5859999999925
2013-09-20 18:00:00,4309.720000000013
2013-09-20 18:30:00,4911.206000000018
2013-09-20 19:00:00,5122.815999999992
2013-09-20 19:30:00,4995.772000000005
2013-09-20 20:00:00,4789.1259999999975
2013-09-20 20:30:00,4626.1240000000125
2013-09-20 21:00:00,4436.062000000001
2013-09-20 21:30:00,4183.624000000005
2013-09-20 22:00:00,4024.2700000000127
2013-09-20 22:30:00,3772.534000000005
2013-09-20 23:00:00,3345.9500000000085
2013-09-20 23:30:00,3051.551999999993
2013-09-21 00:00:00,2752.1720000000037
2013-09-21 00:30:00,2506.059999999987
2013-09-21 01:00:00,2308.2499999999936
2013-09-21 01:30:00,2150.7040000000034
2013-09-21 02:00:00,2048.04
2013-09-21 02:30:00,1964.988000000001
2013-09-21 03:00:00,1884.6620000000014
2013-09-21 03:30:00,1860.3319999999985
2013-09-21 04:00:00,1834.045999999999
2013-09-21 04:30:00,1834.3859999999972
2013-09-21 05:00:00,1856.5459999999955
2013-09-21 05:30:00,1945.4099999999985
2013-09-21 06:00:00,2086.6800000000007
2013-09-21 06:30:00,2316.7660000000005
2013-09-21 07:00:00,2540.541999999995
2013-09-21 07:30:00,2868.756000000003
2013-09-21 08:00:00,3133.862
2013-09-21 08:30:00,3319.526000000009
2013-09-21 09:00:00,3355.5279999999925
2013-09-21 09:30:00,3367.655999999999
2013-09-21 10:00:00,3252.298000000008
2013-09-21 10:30:00,3163.738000000002
2013-09-21 11:00:00,3166.293999999999
2013-09-21 11:30:00,3161.378000000003
2013-09-21 12:00:00,3100.060000000011
2013-09-21 12:30:00,3031.6320000000064
2013-09-21 13:00:00,2974.3560000000048
2013-09-21 13:30:00,2942.4359999999874
2013-09-21 14:00:00,2881.7860000000037
2013-09-21 14:30:00,2824.1679999999974
2013-09-21 15:00:00,2834.645999999995
2013-09-21 15:30:00,2806.0420000000004
2013-09-21 16:00:00,2917.4080000000054
2013-09-21 16:30:00,3041.5199999999886
2013-09-21 17:00:00,3281.8019999999965
2013-09-21 17:30:00,3606.5420000000063
2013-09-21 18:00:00,4136.944000000005
2013-09-21 18:30:00,4735.181999999998
2013-09-21 19:00:00,4825.896000000002
2013-09-21 19:30:00,4682.601999999994
2013-09-21 20:00:00,4419.500000000002
2013-09-21 20:30:00,4241.671999999998
2013-09-21 21:00:00,4076.0320000000015
2013-09-21 21:30:00,3923.9499999999916
2013-09-21 22:00:00,3791.814000000001
2013-09-21 22:30:00,3616.1239999999943
2013-09-21 23:00:00,3333.9960000000024
2013-09-21 23:30:00,3027.3739999999893
2013-09-22 00:00:00,2766.9120000000007
2013-09-22 00:30:00,2533.323999999999
2013-09-22 01:00:00,2330.0059999999976
2013-09-22 01:30:00,2194.7019999999984
2013-09-22 02:00:00,2072.750000000005
2013-09-22 02:30:00,1997.6639999999984
2013-09-22 03:00:00,1882.1979999999958
2013-09-22 03:30:00,1822.095999999996
2013-09-22 04:00:00,1804.3119999999976
2013-09-22 04:30:00,1780.5099999999936
2013-09-22 05:00:00,1803.919999999996
2013-09-22 05:30:00,1863.8260000000034
2013-09-22 06:00:00,1975.8539999999944
2013-09-22 06:30:00,2156.9879999999916
2013-09-22 07:00:00,2311.1679999999974
2013-09-22 07:30:00,2655.759999999999
2013-09-22 08:00:00,2974.3159999999866
2013-09-22 08:30:00,3223.434000000006
2013-09-22 09:00:00,3359.7800000000025
2013-09-22 09:30:00,3405.353999999997
2013-09-22 10:00:00,3391.6600000000003
2013-09-22 10:30:00,3339.827999999992
2013-09-22 11:00:00,3317.4640000000036
2013-09-22 11:30:00,3215.0979999999954
2013-09-22 12:00:00,3159.7359999999967
2013-09-22 12:30:00,3155.6380000000045
2013-09-22 13:00:00,3044.779999999991
2013-09-22 13:30:00,2968.686000000007
2013-09-22 14:00:00,2936.675999999987
2013-09-22 14:30:00,2858.568000000004
2013-09-22 15:00:00,2859.65200000001
2013-09-22 15:30:00,2863.679999999999
2013-09-22 16:00:00,2920.174000000008
2013-09-22 16:30:00,3077.572000000007
2013-09-22 17:00:00,3337.1460000000034
2013-09-22 17:30:00,3709.305999999998
2013-09-22 18:00:00,4267.267999999996
2013-09-22 18:30:00,4885.395999999999
2013-09-22 19:00:00,5048.455999999998
2013-09-22 19:30:00,4948.590000000006
2013-09-22 20:00:00,4733.459999999996
2013-09-22 20:30:00,4480.442000000011
2013-09-22 21:00:00,4307.140000000007
2013-09-22 21:30:00,4045.2699999999986
2013-09-22 22:00:00,3768.189999999991
2013-09-22 22:30:00,3392.5280000000125
2013-09-22 23:00:00,3076.264000000001
2013-09-22 23:30:00,2795.5839999999957
2013-09-23 00:00:00,2547.0839999999957
2013-09-23 00:30:00,2314.0239999999967
2013-09-23 01:00:00,2108.647999999996
2013-09-23 01:30:00,1965.7940000000076
2013-09-23 02:00:00,1893.157999999999
2013-09-23 02:30:00,1802.5059999999964
2013-09-23 03:00:00,1771.6500000000005
2013-09-23 03:30:00,1721.1819999999964
2013-09-23 04:00:00,1690.39
2013-09-23 04:30:00,1708.189999999997
2013-09-23 05:00:00,1754.6460000000006
2013-09-23 05:30:00,1917.3499999999933
2013-09-23 06:00:00,2132.947999999999
2013-09-23 06:30:00,2388.2280000000055
2013-09-23 07:00:00,2705.715999999998
2013-09-23 07:30:00,2993.385999999992
2013-09-23 08:00:00,3188.4820000000086
2013-09-23 08:30:00,3109.7959999999985
2013-09-23 09:00:00,3045.2920000000104
2013-09-23 09:30:00,2967.9739999999983
2013-09-23 10:00:00,2877.4299999999907
2013-09-23 10:30:00,2804.1759999999963
2013-09-23 11:00:00,2732.4640000000086
2013-09-23 11:30:00,2671.6000000000004
2013-09-23 12:00:00,2682.482000000009
2013-09-23 12:30:00,2685.150000000004
2013-09-23 13:00:00,2649.3419999999987
2013-09-23 13:30:00,2675.0859999999957
2013-09-23 14:00:00,2615.2539999999985
2013-09-23 14:30:00,2592.8860000000063
2013-09-23 15:00:00,2586.7100000000055
2013-09-23 15:30:00,2661.438000000009
2013-09-23 16:00:00,2800.6059999999975
2013-09-23 16:30:00,2947.6459999999906
2013-09-23 17:00:00,3128.051999999996
2013-09-23 17:30:00,3567.380000000002
2013-09-23 18:00:00,4191.226000000001
2013-09-23 18:30:00,4914.172000000009
2013-09-23 19:00:00,5136.001999999996
2013-09-23 19:30:00,4994.5639999999785
2013-09-23 20:00:00,4690.92
2013-09-23 20:30:00,4373.564000000002
2013-09-23 21:00:00,4232.943999999994
2013-09-23 21:30:00,4034.4400000000037
2013-09-23 22:00:00,3687.8919999999994
2013-09-23 22:30:00,3384.790000000008
2013-09-23 23:00:00,2976.527999999992
2013-09-23 23:30:00,2671.499999999993
2013-09-24 00:00:00,2350.2679999999987
2013-09-24 00:30:00,2158.656000000001
2013-09-24 01:00:00,2040.0160000000017
2013-09-24 01:30:00,1893.726000000002
2013-09-24 02:00:00,1826.9519999999934
2013-09-24 02:30:00,1779.1080000000022
2013-09-24 03:00:00,1727.0539999999976
2013-09-24 03:30:00,1672.3879999999951
2013-09-24 04:00:00,1660.5720000000024
2013-09-24 04:30:00,1662.6159999999998
2013-09-24 05:00:00,1721.812000000002
2013-09-24 05:30:00,1878.7279999999982
2013-09-24 06:00:00,2090.520000000001
2013-09-24 06:30:00,2350.2399999999993
2013-09-24 07:00:00,2566.2599999999993
2013-09-24 07:30:00,2890.4700000000003
2013-09-24 08:00:00,3034.0239999999944
2013-09-24 08:30:00,3067.724
2013-09-24 09:00:00,3006.6059999999984
2013-09-24 09:30:00,2884.574000000005
2013-09-24 10:00:00,2816.4900000000057
2013-09-24 10:30:00,2766.7559999999976
2013-09-24 11:00:00,2724.1639999999925
2013-09-24 11:30:00,2690.4599999999978
2013-09-24 12:00:00,2753.7480000000046
2013-09-24 12:30:00,2696.6019999999894
2013-09-24 13:00:00,2618.3619999999896
2013-09-24 13:30:00,2592.739999999997
2013-09-24 14:00:00,2585.3339999999944
2013-09-24 14:30:00,2502.7859999999982
2013-09-24 15:00:00,2514.267999999996
2013-09-24 15:30:00,2588.25
2013-09-24 16:00:00,2758.6500000000037
2013-09-24 16:30:00,2890.9320000000025
2013-09-24 17:00:00,3047.237999999996
2013-09-24 17:30:00,3409.4500000000107
2013-09-24 18:00:00,3933.31400000001
2013-09-24 18:30:00,4665.936000000001
2013-09-24 19:00:00,4926.901999999978
2013-09-24 19:30:00,4801.7600000000175
2013-09-24 20:00:00,4557.93200000001
2013-09-24 20:30:00,4356.602000000007
2013-09-24 21:00:00,4174.449999999995
2013-09-24 21:30:00,3984.3939999999907
2013-09-24 22:00:00,3616.248000000001
2013-09-24 22:30:00,3345.3679999999954
2013-09-24 23:00:00,2978.0240000000026
2013-09-24 23:30:00,2664.907999999999
2013-09-25 00:00:00,2431.042000000005
2013-09-25 00:30:00,2238.2359999999962
2013-09-25 01:00:00,2074.497999999998
2013-09-25 01:30:00,1935.8820000000026
2013-09-25 02:00:00,1852.940000000003
2013-09-25 02:30:00,1788.8639999999925
2013-09-25 03:00:00,1740.121999999999
2013-09-25 03:30:00,1722.1539999999986
2013-09-25 04:00:00,1638.2739999999956
2013-09-25 04:30:00,1694.7179999999926
2013-09-25 05:00:00,1738.4579999999935
2013-09-25 05:30:00,1845.6559999999988
2013-09-25 06:00:00,2091.5760000000023
2013-09-25 06:30:00,2338.168000000002
2013-09-25 07:00:00,2525.848000000001
2013-09-25 07:30:00,2835.569999999991
2013-09-25 08:00:00,2982.8520000000044
2013-09-25 08:30:00,2978.1960000000045
2013-09-25 09:00:00,2862.6500000000124
2013-09-25 09:30:00,2771.554000000007
2013-09-25 10:00:00,2741.228000000004
2013-09-25 10:30:00,2683.993999999993
2013-09-25 11:00:00,2662.311999999995
2013-09-25 11:30:00,2651.0099999999998
2013-09-25 12:00:00,2650.2439999999915
2013-09-25 12:30:00,2703.7439999999947
2013-09-25 13:00:00,2733.370000000003
2013-09-25 13:30:00,2759.6839999999947
2013-09-25 14:00:00,2756.375999999992
2013-09-25 14:30:00,2778.6419999999944
2013-09-25 15:00:00,2855.702000000005
2013-09-25 15:30:00,2920.657999999995
2013-09-25 16:00:00,3073.251999999991
2013-09-25 16:30:00,3206.6139999999987
2013-09-25 17:00:00,3358.419999999994
2013-09-25 17:30:00,3655.4260000000045
2013-09-25 18:00:00,4100.804000000013
2013-09-25 18:30:00,4772.974000000006
2013-09-25 19:00:00,5035.849999999996
2013-09-25 19:30:00,4853.666000000006
2013-09-25 20:00:00,4595.610000000002
2013-09-25 20:30:00,4427.522000000001
2013-09-25 21:00:00,4184.586000000001
2013-09-25 21:30:00,3967.272000000001
2013-09-25 22:00:00,3694.9160000000074
2013-09-25 22:30:00,3362.074000000012
2013-09-25 23:00:00,3054.4020000000055
2013-09-25 23:30:00,2757.2920000000036
2013-09-26 00:00:00,2430.2999999999984
2013-09-26 00:30:00,2222.926000000004
2013-09-26 01:00:00,2078.4679999999976
2013-09-26 01:30:00,1944.6399999999985
2013-09-26 02:00:00,1869.4619999999923
2013-09-26 02:30:00,1788.3759999999982
2013-09-26 03:00:00,1739.2880000000002
2013-09-26 03:30:00,1688.911999999993
2013-09-26 04:00:00,1670.0699999999968
2013-09-26 04:30:00,1690.1340000000018
2013-09-26 05:00:00,1735.2279999999996
2013-09-26 05:30:00,1851.3639999999937
2013-09-26 06:00:00,2066.2419999999915
2013-09-26 06:30:00,2276.5919999999996
2013-09-26 07:00:00,2499.8039999999983
2013-09-26 07:30:00,2838.3760000000007
2013-09-26 08:00:00,3014.999999999999
2013-09-26 08:30:00,2968.98400000001
2013-09-26 09:00:00,2905.6520000000073
2013-09-26 09:30:00,2830.7299999999946
2013-09-26 10:00:00,2754.4539999999947
2013-09-26 10:30:00,2722.7160000000085
2013-09-26 11:00:00,2657.1980000000076
2013-09-26 11:30:00,2732.1819999999916
2013-09-26 12:00:00,2830.3760000000048
2013-09-26 12:30:00,2970.364000000008
2013-09-26 13:00:00,2998.6960000000126
2013-09-26 13:30:00,3040.667999999994
2013-09-26 14:00:00,3029.9540000000043
2013-09-26 14:30:00,3131.639999999995
2013-09-26 15:00:00,3171.5400000000072
2013-09-26 15:30:00,3238.48600000001
2013-09-26 16:00:00,3394.7040000000065
2013-09-26 16:30:00,3435.7820000000074
2013-09-26 17:00:00,3520.8560000000007
2013-09-26 17:30:00,3741.9079999999904
2013-09-26 18:00:00,4060.0260000000117
2013-09-26 18:30:00,4499.2859999999955
2013-09-26 19:00:00,4748.7079999999905
2013-09-26 19:30:00,4599.162000000007
2013-09-26 20:00:00,4360.03799999999
2013-09-26 20:30:00,4181.9680000000035
2013-09-26 21:00:00,4015.2040000000075
2013-09-26 21:30:00,3781.8879999999976
2013-09-26 22:00:00,3608.5939999999937
2013-09-26 22:30:00,3350.079999999995
2013-09-26 23:00:00,3014.5799999999986
2013-09-26 23:30:00,2708.703999999995
2013-09-27 00:00:00,2390.046000000002
2013-09-27 00:30:00,2191.362000000002
2013-09-27 01:00:00,2005.999999999996
2013-09-27 01:30:00,1896.874000000001
2013-09-27 02:00:00,1846.8019999999951
2013-09-27 02:30:00,1753.713999999997
2013-09-27 03:00:00,1709.3319999999999
2013-09-27 03:30:00,1676.0519999999956
2013-09-27 04:00:00,1658.1679999999958
2013-09-27 04:30:00,1666.511999999997
2013-09-27 05:00:00,1708.7719999999952
2013-09-27 05:30:00,1854.889999999999
2013-09-27 06:00:00,2049.9839999999945
2013-09-27 06:30:00,2252.741999999991
2013-09-27 07:00:00,2470.7080000000055
2013-09-27 07:30:00,2778.00400000001
2013-09-27 08:00:00,2921.657999999994
2013-09-27 08:30:00,2939.571999999992
2013-09-27 09:00:00,2899.787999999996
2013-09-27 09:30:00,2882.23799999999
2013-09-27 10:00:00,2811.468000000006
2013-09-27 10:30:00,2640.7639999999906
2013-09-27 11:00:00,2636.8920000000053
2013-09-27 11:30:00,2638.608000000003
2013-09-27 12:00:00,2630.1899999999996
2013-09-27 12:30:00,2579.7020000000066
2013-09-27 13:00:00,2563.4460000000045
2013-09-27 13:30:00,2608.888000000002
2013-09-27 14:00:00,2512.616
2013-09-27 14:30:00,2454.176000000003
2013-09-27 15:00:00,2491.614000000008
2013-09-27 15:30:00,2499.4299999999926
2013-09-27 16:00:00,2600.235999999995
2013-09-27 16:30:00,2667.992000000004
2013-09-27 17:00:00,2922.9839999999963
2013-09-27 17:30:00,3257.0120000000065
2013-09-27 18:00:00,3656.82199999999
2013-09-27 18:30:00,4334.211999999996
2013-09-27 19:00:00,4582.456000000004
2013-09-27 19:30:00,4526.549999999987
2013-09-27 20:00:00,4296.084000000003
2013-09-27 20:30:00,4099.621999999995
2013-09-27 21:00:00,3934.8820000000073
2013-09-27 21:30:00,3743.650000000006
2013-09-27 22:00:00,3608.9920000000034
2013-09-27 22:30:00,3348.0560000000005
2013-09-27 23:00:00,3032.2599999999948
2013-09-27 23:30:00,2820.0920000000006
2013-09-28 00:00:00,2504.379999999989
2013-09-28 00:30:00,2283.011999999995
2013-09-28 01:00:00,2087.7179999999994
2013-09-28 01:30:00,1996.0200000000043
2013-09-28 02:00:00,1877.8140000000028
2013-09-28 02:30:00,1826.4439999999968
2013-09-28 03:00:00,1741.235999999999
2013-09-28 03:30:00,1711.5559999999987
2013-09-28 04:00:00,1689.9140000000002
2013-09-28 04:30:00,1690.5079999999973
2013-09-28 05:00:00,1690.468000000004
2013-09-28 05:30:00,1781.9100000000024
2013-09-28 06:00:00,1941.9660000000001
2013-09-28 06:30:00,2065.5239999999953
2013-09-28 07:00:00,2228.7099999999987
2013-09-28 07:30:00,2554.6459999999975
2013-09-28 08:00:00,2821.1999999999907
2013-09-28 08:30:00,3048.023999999989
2013-09-28 09:00:00,3140.108000000006
2013-09-28 09:30:00,3177.836000000007
2013-09-28 10:00:00,3146.512000000005
2013-09-28 10:30:00,3092.3840000000027
2013-09-28 11:00:00,2997.4240000000027
2013-09-28 11:30:00,3022.9319999999934
2013-09-28 12:00:00,2991.941999999995
2013-09-28 12:30:00,3002.4299999999844
2013-09-28 13:00:00,2996.5579999999945
2013-09-28 13:30:00,2968.60599999999
2013-09-28 14:00:00,2951.040000000006
2013-09-28 14:30:00,2965.206000000006
2013-09-28 15:00:00,2948.46200000001
2013-09-28 15:30:00,3053.6119999999946
2013-09-28 16:00:00,3094.010000000002
2013-09-28 16:30:00,3195.498000000001
2013-09-28 17:00:00,3348.223999999999
2013-09-28 17:30:00,3463.687999999997
2013-09-28 18:00:00,3742.587999999997
2013-09-28 18:30:00,4247.104000000014
2013-09-28 19:00:00,4478.770000000002
2013-09-28 19:30:00,4339.583999999999
2013-09-28 20:00:00,4105.504000000009
2013-09-28 20:30:00,3816.205999999999
2013-09-28 21:00:00,3690.3879999999954
2013-09-28 21:30:00,3511.3319999999976
2013-09-28 22:00:00,3362.017999999996
2013-09-28 22:30:00,3163.138000000009
2013-09-28 23:00:00,2925.030000000004
2013-09-28 23:30:00,2721.9540000000075
2013-09-29 00:00:00,2541.3719999999976
2013-09-29 00:30:00,2330.3719999999935
2013-09-29 01:00:00,2146.941999999997
2013-09-29 01:30:00,2002.3759999999972
2013-09-29 02:00:00,1910.8940000000014
2013-09-29 02:30:00,1817.8460000000039
2013-09-29 03:00:00,1759.9299999999978
2013-09-29 03:30:00,1687.2260000000006
2013-09-29 04:00:00,1703.7160000000001
2013-09-29 04:30:00,1644.2059999999983
2013-09-29 05:00:00,1652.053999999997
2013-09-29 05:30:00,1695.9480000000033
2013-09-29 06:00:00,1784.6580000000001
2013-09-29 06:30:00,1918.9480000000008
2013-09-29 07:00:00,2096.577999999999
2013-09-29 07:30:00,2405.8559999999898
2013-09-29 08:00:00,2659.966000000007
2013-09-29 08:30:00,2852.269999999999
2013-09-29 09:00:00,3009.2139999999977
2013-09-29 09:30:00,3203.3840000000023
2013-09-29 10:00:00,3221.3499999999967
2013-09-29 10:30:00,3092.448000000009
2013-09-29 11:00:00,3076.3880000000026
2013-09-29 11:30:00,3016.725999999986
2013-09-29 12:00:00,2967.763999999989
2013-09-29 12:30:00,3041.9799999999927
2013-09-29 13:00:00,2986.9799999999896
2013-09-29 13:30:00,2919.2120000000045
2013-09-29 14:00:00,2924.566000000001
2013-09-29 14:30:00,2863.068000000001
2013-09-29 15:00:00,2907.0519999999933
2013-09-29 15:30:00,2922.147999999992
2013-09-29 16:00:00,2942.4679999999958
2013-09-29 16:30:00,3066.748000000009
2013-09-29 17:00:00,3302.836
2013-09-29 17:30:00,3622.2200000000107
2013-09-29 18:00:00,3985.012
2013-09-29 18:30:00,4624.182000000016
2013-09-29 19:00:00,4834.246
2013-09-29 19:30:00,4586.105999999998
2013-09-29 20:00:00,4414.139999999996
2013-09-29 20:30:00,4185.047999999994
2013-09-29 21:00:00,3970.228000000007
2013-09-29 21:30:00,3737.7000000000066
2013-09-29 22:00:00,3462.003999999999
2013-09-29 22:30:00,3141.1159999999927
2013-09-29 23:00:00,2913.75399999999
2013-09-29 23:30:00,2597.533999999996
2013-09-30 00:00:00,2305.0080000000044
2013-09-30 00:30:00,2165.2159999999994
2013-09-30 01:00:00,1970.9619999999932
2013-09-30 01:30:00,1838.482
2013-09-30 02:00:00,1792.5199999999988
2013-09-30 02:30:00,1719.9959999999978
2013-09-30 03:00:00,1676.1399999999983
2013-09-30 03:30:00,1636.4540000000018
2013-09-30 04:00:00,1617.0299999999993
2013-09-30 04:30:00,1639.6540000000002
2013-09-30 05:00:00,1682.606000000001
2013-09-30 05:30:00,1833.6719999999996
2013-09-30 06:00:00,2017.9560000000067
2013-09-30 06:30:00,2184.9760000000038
2013-09-30 07:00:00,2471.6759999999927
2013-09-30 07:30:00,2809.321999999996
2013-09-30 08:00:00,2984.6799999999885
2013-09-30 08:30:00,2946.369999999993
2013-09-30 09:00:00,2879.945999999997
2013-09-30 09:30:00,2827.6619999999975
2013-09-30 10:00:00,2709.6739999999986
2013-09-30 10:30:00,2681.2579999999984
2013-09-30 11:00:00,2610.2899999999895
2013-09-30 11:30:00,2613.685999999997
2013-09-30 12:00:00,2664.096000000008
2013-09-30 12:30:00,2721.9239999999904
2013-09-30 13:00:00,2723.2379999999894
2013-09-30 13:30:00,2688.4539999999897
2013-09-30 14:00:00,2666.156000000002
2013-09-30 14:30:00,2634.516
2013-09-30 15:00:00,2688.5500000000056
2013-09-30 15:30:00,2746.8259999999987
2013-09-30 16:00:00,2947.307999999995
2013-09-30 16:30:00,3076.614000000002
2013-09-30 17:00:00,3257.214000000003
2013-09-30 17:30:00,3569.7520000000077
2013-09-30 18:00:00,4082.1179999999927
2013-09-30 18:30:00,4757.498000000012
2013-09-30 19:00:00,5069.056000000003
2013-09-30 19:30:00,4924.669999999997
2013-09-30 20:00:00,4621.277999999998
2013-09-30 20:30:00,4358.2079999999905
2013-09-30 21:00:00,4060.7699999999977
2013-09-30 21:30:00,3888.9419999999996
2013-09-30 22:00:00,3616.588000000007
2013-09-30 22:30:00,3319.9739999999924
2013-09-30 23:00:00,2998.8820000000005
2013-09-30 23:30:00,2634.887999999988
2013-10-01 00:00:00,2390.9680000000053
2013-10-01 00:30:00,2207.468000000003
2013-10-01 01:00:00,2044.472
2013-10-01 01:30:00,1917.5180000000003
2013-10-01 02:00:00,1824.831999999999
2013-10-01 02:30:00,1722.1239999999975
2013-10-01 03:00:00,1690.3120000000006
2013-10-01 03:30:00,1684.3919999999991
2013-10-01 04:00:00,1642.4499999999937
2013-10-01 04:30:00,1656.9020000000044
2013-10-01 05:00:00,1698.5999999999974
2013-10-01 05:30:00,1835.5399999999981
2013-10-01 06:00:00,2021.1960000000015
2013-10-01 06:30:00,2249.508000000002
2013-10-01 07:00:00,2423.9339999999956
2013-10-01 07:30:00,2750.4360000000047
2013-10-01 08:00:00,3058.5319999999992
2013-10-01 08:30:00,2991.801999999998
2013-10-01 09:00:00,2849.8960000000084
2013-10-01 09:30:00,2781.0219999999963
2013-10-01 10:00:00,2743.3040000000015
2013-10-01 10:30:00,2628.3480000000013
2013-10-01 11:00:00,2605.742000000001
2013-10-01 11:30:00,2656.428000000009
2013-10-01 12:00:00,2749.351999999994
2013-10-01 12:30:00,2806.736000000002
2013-10-01 13:00:00,2763.2860000000032
2013-10-01 13:30:00,2810.2919999999954
2013-10-01 14:00:00,2822.0979999999972
2013-10-01 14:30:00,2757.4719999999957
2013-10-01 15:00:00,2746.4259999999977
2013-10-01 15:30:00,2809.896000000004
2013-10-01 16:00:00,2881.511999999996
2013-10-01 16:30:00,3034.734000000007
2013-10-01 17:00:00,3307.264000000006
2013-10-01 17:30:00,3732.608000000001
2013-10-01 18:00:00,4295.135999999998
2013-10-01 18:30:00,4841.870000000008
2013-10-01 19:00:00,4972.654000000009
2013-10-01 19:30:00,4757.016000000009
2013-10-01 20:00:00,4511.850000000009
2013-10-01 20:30:00,4264.9840000000095
2013-10-01 21:00:00,4011.369999999991
2013-10-01 21:30:00,3733.664000000001
2013-10-01 22:00:00,3520.096000000013
2013-10-01 22:30:00,3254.332
2013-10-01 23:00:00,2906.1660000000034
2013-10-01 23:30:00,2590.262000000002
2013-10-02 00:00:00,2338.968000000002
2013-10-02 00:30:00,2146.7840000000033
2013-10-02 01:00:00,1980.2680000000034
2013-10-02 01:30:00,1892.686000000003
2013-10-02 02:00:00,1773.3619999999976
2013-10-02 02:30:00,1710.5060000000017
2013-10-02 03:00:00,1680.5619999999894
2013-10-02 03:30:00,1632.1299999999912
2013-10-02 04:00:00,1603.1499999999994
2013-10-02 04:30:00,1641.989999999999
2013-10-02 05:00:00,1704.5719999999988
2013-10-02 05:30:00,1841.3379999999968
2013-10-02 06:00:00,2055.0779999999986
2013-10-02 06:30:00,2292.8880000000086
2013-10-02 07:00:00,2501.0219999999917
2013-10-02 07:30:00,2719.4120000000034
2013-10-02 08:00:00,2975.8739999999993
2013-10-02 08:30:00,2945.5980000000072
2013-10-02 09:00:00,2874.8499999999976
2013-10-02 09:30:00,2830.8479999999945
2013-10-02 10:00:00,2703.0080000000003
2013-10-02 10:30:00,2668.646000000005
2013-10-02 11:00:00,2574.6419999999966
2013-10-02 11:30:00,2648.328000000008
2013-10-02 12:00:00,2589.2239999999933
2013-10-02 12:30:00,2539.8520000000144
2013-10-02 13:00:00,2587.980000000006
2013-10-02 13:30:00,2553.365999999993
2013-10-02 14:00:00,2488.729999999998
2013-10-02 14:30:00,2511.7740000000013
2013-10-02 15:00:00,2511.4800000000027
2013-10-02 15:30:00,2539.9180000000088
2013-10-02 16:00:00,2613.831999999993
2013-10-02 16:30:00,2716.5120000000024
2013-10-02 17:00:00,2889.9339999999993
2013-10-02 17:30:00,3261.1760000000068
2013-10-02 18:00:00,3718.752000000002
2013-10-02 18:30:00,4401.987999999999
2013-10-02 19:00:00,4790.371999999999
2013-10-02 19:30:00,4679.83799999999
2013-10-02 20:00:00,4431.353999999998
2013-10-02 20:30:00,4196.705999999993
2013-10-02 21:00:00,3984.6180000000068
2013-10-02 21:30:00,3827.744000000006
2013-10-02 22:00:00,3504.677999999994
2013-10-02 22:30:00,3268.7659999999983
2013-10-02 23:00:00,3005.7060000000024
2013-10-02 23:30:00,2655.0539999999905
2013-10-03 00:00:00,2347.0740000000014
2013-10-03 00:30:00,2162.922000000004
2013-10-03 01:00:00,2009.9979999999975
2013-10-03 01:30:00,1877.1459999999954
2013-10-03 02:00:00,1799.7520000000038
2013-10-03 02:30:00,1747.5479999999982
2013-10-03 03:00:00,1719.9819999999952
2013-10-03 03:30:00,1662.3779999999958
2013-10-03 04:00:00,1638.1260000000018
2013-10-03 04:30:00,1667.0040000000006
2013-10-03 05:00:00,1686.106000000007
2013-10-03 05:30:00,1834.8639999999987
2013-10-03 06:00:00,2018.7079999999996
2013-10-03 06:30:00,2238.881999999996
2013-10-03 07:00:00,2431.418000000003
2013-10-03 07:30:00,2750.5160000000074
2013-10-03 08:00:00,3016.242000000004
2013-10-03 08:30:00,2985.5000000000036
2013-10-03 09:00:00,2887.521999999996
2013-10-03 09:30:00,2849.9260000000013
2013-10-03 10:00:00,2782.0760000000087
2013-10-03 10:30:00,2699.0460000000094
2013-10-03 11:00:00,2666.628000000008
2013-10-03 11:30:00,2666.9240000000086
2013-10-03 12:00:00,2791.3519999999953
2013-10-03 12:30:00,2784.7960000000066
2013-10-03 13:00:00,2851.451999999987
2013-10-03 13:30:00,2893.2620000000015
2013-10-03 14:00:00,2914.9739999999842
2013-10-03 14:30:00,2795.39199999999
2013-10-03 15:00:00,2701.8300000000017
2013-10-03 15:30:00,2782.7700000000077
2013-10-03 16:00:00,2893.092000000003
2013-10-03 16:30:00,3167.2879999999996
2013-10-03 17:00:00,3378.2360000000003
2013-10-03 17:30:00,3746.322
2013-10-03 18:00:00,4219.353999999992
2013-10-03 18:30:00,4768.583999999999
2013-10-03 19:00:00,5107.339999999999
2013-10-03 19:30:00,5060.875999999981
2013-10-03 20:00:00,4885.432000000003
2013-10-03 20:30:00,4770.45000000001
2013-10-03 21:00:00,4553.2680000000055
2013-10-03 21:30:00,4269.674000000003
2013-10-03 22:00:00,3972.380000000008
2013-10-03 22:30:00,3657.619999999998
2013-10-03 23:00:00,3350.228000000002
2013-10-03 23:30:00,3008.6740000000023
2013-10-04 00:00:00,2685.6479999999974
2013-10-04 00:30:00,2454.0299999999884
2013-10-04 01:00:00,2259.0359999999914
2013-10-04 01:30:00,2091.737999999994
2013-10-04 02:00:00,1940.885999999997
2013-10-04 02:30:00,1863.2780000000002
2013-10-04 03:00:00,1834.8159999999998
2013-10-04 03:30:00,1794.6879999999996
2013-10-04 04:00:00,1759.8799999999976
2013-10-04 04:30:00,1768.2759999999985
2013-10-04 05:00:00,1847.1780000000022
2013-10-04 05:30:00,2002.0959999999989
2013-10-04 06:00:00,2246.9940000000024
2013-10-04 06:30:00,2477.476000000001
2013-10-04 07:00:00,2766.7080000000133
2013-10-04 07:30:00,3112.6120000000046
2013-10-04 08:00:00,3290.2800000000116
2013-10-04 08:30:00,3300.2879999999977
2013-10-04 09:00:00,3221.609999999986
2013-10-04 09:30:00,3104.876000000001
2013-10-04 10:00:00,2986.436000000003
2013-10-04 10:30:00,2953.8739999999975
2013-10-04 11:00:00,2820.4539999999997
2013-10-04 11:30:00,2813.1140000000037
2013-10-04 12:00:00,2781.129999999997
2013-10-04 12:30:00,2791.9639999999968
2013-10-04 13:00:00,2749.8139999999908
2013-10-04 13:30:00,2680.556000000008
2013-10-04 14:00:00,2572.0339999999946
2013-10-04 14:30:00,2566.335999999996
2013-10-04 15:00:00,2583.912000000001
2013-10-04 15:30:00,2608.5840000000017
2013-10-04 16:00:00,2666.1740000000004
2013-10-04 16:30:00,2816.2519999999904
2013-10-04 17:00:00,2992.4620000000023
2013-10-04 17:30:00,3276.7899999999936
2013-10-04 18:00:00,3759.4640000000004
2013-10-04 18:30:00,4383.439999999988
2013-10-04 19:00:00,4727.018
2013-10-04 19:30:00,4631.8900000000085
2013-10-04 20:00:00,4486.510000000001
2013-10-04 20:30:00,4354.87999999998
2013-10-04 21:00:00,4200.762
2013-10-04 21:30:00,3946.8479999999995
2013-10-04 22:00:00,3706.3079999999977
2013-10-04 22:30:00,3452.2100000000005
2013-10-04 23:00:00,3205.2800000000043
2013-10-04 23:30:00,2873.8419999999965
2013-10-05 00:00:00,2703.5800000000063
2013-10-05 00:30:00,2439.1580000000004
2013-10-05 01:00:00,2206.4259999999986
2013-10-05 01:30:00,2076.992
2013-10-05 02:00:00,1955.505999999998
2013-10-05 02:30:00,1881.473999999997
2013-10-05 03:00:00,1809.8660000000002
2013-10-05 03:30:00,1747.958
2013-10-05 04:00:00,1700.7719999999933
2013-10-05 04:30:00,1738.6799999999996
2013-10-05 05:00:00,1757.2979999999975
2013-10-05 05:30:00,1861.3499999999945
2013-10-05 06:00:00,2004.3579999999893
2013-10-05 06:30:00,2144.732000000003
2013-10-05 07:00:00,2372.8959999999993
2013-10-05 07:30:00,2704.1720000000014
2013-10-05 08:00:00,2948.2980000000007
2013-10-05 08:30:00,3184.8739999999984
2013-10-05 09:00:00,3208.6300000000006
2013-10-05 09:30:00,3238.5539999999924
2013-10-05 10:00:00,3146.5740000000087
2013-10-05 10:30:00,3095.238000000002
2013-10-05 11:00:00,3067.2879999999936
2013-10-05 11:30:00,3039.0439999999994
2013-10-05 12:00:00,2980.587999999984
2013-10-05 12:30:00,2892.8719999999967
2013-10-05 13:00:00,2856.4319999999984
2013-10-05 13:30:00,2846.7120000000036
2013-10-05 14:00:00,2810.212000000002
2013-10-05 14:30:00,2808.038000000014
2013-10-05 15:00:00,2796.3860000000154
2013-10-05 15:30:00,2873.9899999999957
2013-10-05 16:00:00,2917.235999999994
2013-10-05 16:30:00,2989.0520000000083
2013-10-05 17:00:00,3167.8700000000063
2013-10-05 17:30:00,3389.8360000000093
2013-10-05 18:00:00,3689.4899999999907
2013-10-05 18:30:00,4118.25399999999
2013-10-05 19:00:00,4357.472000000009
2013-10-05 19:30:00,4206.254000000006
2013-10-05 20:00:00,3938.595999999993
2013-10-05 20:30:00,3754.1919999999977
2013-10-05 21:00:00,3601.8159999999984
2013-10-05 21:30:00,3470.4139999999998
2013-10-05 22:00:00,3265.2399999999934
2013-10-05 22:30:00,3152.596000000001
2013-10-05 23:00:00,2932.400000000005
2013-10-05 23:30:00,2719.9279999999985
2013-10-06 00:00:00,2501.5459999999925
2013-10-06 00:30:00,2293.613999999992
2013-10-06 01:00:00,2130.8579999999997
2013-10-06 01:30:00,1989.6199999999926
2013-10-06 02:00:00,1910.175999999998
2013-10-06 02:30:00,1826.580000000002
2013-10-06 03:00:00,1771.8980000000024
2013-10-06 03:30:00,1692.571999999998
2013-10-06 04:00:00,1693.3879999999956
2013-10-06 04:30:00,1696.8299999999988
2013-10-06 05:00:00,1724.8719999999926
2013-10-06 05:30:00,1782.775999999999
2013-10-06 06:00:00,1877.8360000000018
2013-10-06 06:30:00,2063.9620000000014
2013-10-06 07:00:00,2266.9800000000064
2013-10-06 07:30:00,2600.3740000000066
2013-10-06 08:00:00,2767.7680000000128
2013-10-06 08:30:00,2891.0520000000056
2013-10-06 09:00:00,2967.002000000002
2013-10-06 09:30:00,3103.0179999999946
2013-10-06 10:00:00,3081.9080000000104
2013-10-06 10:30:00,3151.9799999999977
2013-10-06 11:00:00,3158.7700000000063
2013-10-06 11:30:00,3152.584000000004
2013-10-06 12:00:00,3138.770000000006
2013-10-06 12:30:00,3115.3779999999933
2013-10-06 13:00:00,3187.6220000000003
2013-10-06 13:30:00,3153.4299999999944
2013-10-06 14:00:00,3202.5240000000017
2013-10-06 14:30:00,3308.2940000000112
2013-10-06 15:00:00,3408.5080000000034
2013-10-06 15:30:00,3512.978000000003
2013-10-06 16:00:00,3634.630000000007
2013-10-06 16:30:00,3864.086000000001
2013-10-06 17:00:00,4001.350000000009
2013-10-06 17:30:00,4227.6960000000045
2013-10-06 18:00:00,4394.941999999984
2013-10-06 18:30:00,4606.586000000008
2013-10-06 19:00:00,4609.775999999998
2013-10-06 19:30:00,4503.539999999999
2013-10-06 20:00:00,4304.547999999986
2013-10-06 20:30:00,4074.86600000001
2013-10-06 21:00:00,3885.613999999992
2013-10-06 21:30:00,3681.6359999999986
2013-10-06 22:00:00,3390.5859999999893
2013-10-06 22:30:00,3162.059999999996
2013-10-06 23:00:00,2864.0260000000076
2013-10-06 23:30:00,2613.8320000000017
2013-10-07 00:00:00,2387.38800000001
2013-10-07 00:30:00,2224.876000000002
2013-10-07 01:00:00,2085.5200000000027
2013-10-07 01:30:00,1960.9539999999977
2013-10-07 02:00:00,1902.0259999999917
2013-10-07 02:30:00,1833.956000000005
2013-10-07 03:00:00,1782.2319999999966
2013-10-07 03:30:00,1744.9820000000002
2013-10-07 04:00:00,1712.1260000000023
2013-10-07 04:30:00,1750.5239999999922
2013-10-07 05:00:00,1800.371999999996
2013-10-07 05:30:00,1832.0099999999986
2013-10-07 06:00:00,1971.380000000003
2013-10-07 06:30:00,2070.055999999999
2013-10-07 07:00:00,2277.787999999997
2013-10-07 07:30:00,2575.0519999999965
2013-10-07 08:00:00,2841.8479999999977
2013-10-07 08:30:00,3025.8360000000052
2013-10-07 09:00:00,3178.6420000000003
2013-10-07 09:30:00,3192.4139999999934
2013-10-07 10:00:00,3274.8340000000017
2013-10-07 10:30:00,3307.7519999999863
2013-10-07 11:00:00,3308.649999999987
2013-10-07 11:30:00,3341.504000000003
2013-10-07 12:00:00,3324.5500000000047
2013-10-07 12:30:00,3240.9280000000113
2013-10-07 13:00:00,3157.493999999999
2013-10-07 13:30:00,3076.983999999986
2013-10-07 14:00:00,3075.3079999999995
2013-10-07 14:30:00,3164.1440000000002
2013-10-07 15:00:00,3201.093999999994
2013-10-07 15:30:00,3281.3219999999974
2013-10-07 16:00:00,3438.2880000000014
2013-10-07 16:30:00,3786.6660000000047
2013-10-07 17:00:00,3986.399999999996
2013-10-07 17:30:00,4236.67
2013-10-07 18:00:00,4515.232000000005
2013-10-07 18:30:00,4893.714000000013
2013-10-07 19:00:00,4920.906000000001
2013-10-07 19:30:00,4734.7460000000065
2013-10-07 20:00:00,4408.689999999991
2013-10-07 20:30:00,4184.204000000001
2013-10-07 21:00:00,3823.396000000002
2013-10-07 21:30:00,3484.177999999997
2013-10-07 22:00:00,3100.5460000000035
2013-10-07 22:30:00,2764.3720000000076
2013-10-07 23:00:00,2433.293999999998
2013-10-07 23:30:00,2173.023999999999
2013-10-08 00:00:00,2039.0180000000003
2013-10-08 00:30:00,1949.0519999999915
2013-10-08 01:00:00,1850.5419999999965
2013-10-08 01:30:00,1789.699999999998
2013-10-08 02:00:00,1741.1180000000004
2013-10-08 02:30:00,1722.305999999999
2013-10-08 03:00:00,1677.280000000004
2013-10-08 03:30:00,1662.666000000004
2013-10-08 04:00:00,1714.3300000000006
2013-10-08 04:30:00,1779.7579999999948
2013-10-08 05:00:00,1937.626000000004
2013-10-08 05:30:00,2163.687999999992
2013-10-08 06:00:00,2567.1539999999914
2013-10-08 06:30:00,2935.9179999999974
2013-10-08 07:00:00,3122.459999999998
2013-10-08 07:30:00,3001.510000000019
2013-10-08 08:00:00,2763.921999999994
2013-10-08 08:30:00,2626.8920000000003
2013-10-08 09:00:00,2582.9140000000057
2013-10-08 09:30:00,2590.7099999999928
2013-10-08 10:00:00,2560.307999999991
2013-10-08 10:30:00,2484.364
2013-10-08 11:00:00,2570.6059999999957
2013-10-08 11:30:00,2600.685999999995
2013-10-08 12:00:00,2573.449999999991
2013-10-08 12:30:00,2589.3659999999923
2013-10-08 13:00:00,2553.578
2013-10-08 13:30:00,2506.092000000002
2013-10-08 14:00:00,2502.0799999999913
2013-10-08 14:30:00,2529.3700000000053
2013-10-08 15:00:00,2671.798000000009
2013-10-08 15:30:00,2820.775999999984
2013-10-08 16:00:00,3012.9100000000103
2013-10-08 16:30:00,3295.8900000000035
2013-10-08 17:00:00,3716.3000000000015
2013-10-08 17:30:00,4163.730000000004
2013-10-08 18:00:00,4477.349999999994
2013-10-08 18:30:00,4825.073999999987
2013-10-08 19:00:00,4879.977999999999
2013-10-08 19:30:00,4583.509999999999
2013-10-08 20:00:00,4422.574000000006
2013-10-08 20:30:00,4129.618000000005
2013-10-08 21:00:00,3855.1000000000026
2013-10-08 21:30:00,3516.1039999999916
2013-10-08 22:00:00,3094.2580000000025
2013-10-08 22:30:00,2766.155999999999
2013-10-08 23:00:00,2508.4479999999985
2013-10-08 23:30:00,2213.7219999999998
2013-10-09 00:00:00,2030.0799999999974
2013-10-09 00:30:00,1935.7720000000031
2013-10-09 01:00:00,1849.6180000000052
2013-10-09 01:30:00,1788.7859999999996
2013-10-09 02:00:00,1740.6719999999968
2013-10-09 02:30:00,1690.1899999999991
2013-10-09 03:00:00,1645.2099999999964
2013-10-09 03:30:00,1648.1619999999948
2013-10-09 04:00:00,1681.8259999999975
2013-10-09 04:30:00,1804.7859999999994
2013-10-09 05:00:00,1983.269999999997
2013-10-09 05:30:00,2306.1579999999963
2013-10-09 06:00:00,2606.141999999993
2013-10-09 06:30:00,2986.3000000000093
2013-10-09 07:00:00,3210.941999999996
2013-10-09 07:30:00,3129.9360000000015
2013-10-09 08:00:00,2814.7859999999973
2013-10-09 08:30:00,2663.7599999999984
2013-10-09 09:00:00,2577.650000000007
2013-10-09 09:30:00,2475.2299999999987
2013-10-09 10:00:00,2450.1439999999902
2013-10-09 10:30:00,2485.9379999999996
2013-10-09 11:00:00,2481.1300000000033
2013-10-09 11:30:00,2491.0779999999936
2013-10-09 12:00:00,2456.952000000001
2013-10-09 12:30:00,2411.8339999999935
2013-10-09 13:00:00,2466.325999999992
2013-10-09 13:30:00,2432.1960000000036
2013-10-09 14:00:00,2421.434000000001
2013-10-09 14:30:00,2481.5359999999982
2013-10-09 15:00:00,2649.449999999996
2013-10-09 15:30:00,2862.075999999995
2013-10-09 16:00:00,3066.6060000000048
2013-10-09 16:30:00,3403.8720000000094
2013-10-09 17:00:00,3739.433999999995
2013-10-09 17:30:00,4122.631999999992
2013-10-09 18:00:00,4407.799999999989
2013-10-09 18:30:00,4693.12999999999
2013-10-09 19:00:00,4810.064000000014
2013-10-09 19:30:00,4683.816000000007
2013-10-09 20:00:00,4471.120000000003
2013-10-09 20:30:00,4240.28399999999
2013-10-09 21:00:00,3930.2600000000057
2013-10-09 21:30:00,3559.1100000000015
2013-10-09 22:00:00,3173.5220000000045
2013-10-09 22:30:00,2828.6580000000035
2013-10-09 23:00:00,2512.225999999998
2013-10-09 23:30:00,2250.6660000000015
2013-10-10 00:00:00,2070.076000000005
2013-10-10 00:30:00,1969.8819999999967
2013-10-10 01:00:00,1831.937999999996
2013-10-10 01:30:00,1814.8180000000013
2013-10-10 02:00:00,1775.1339999999984
2013-10-10 02:30:00,1751.6620000000073
2013-10-10 03:00:00,1686.7059999999992
2013-10-10 03:30:00,1681.3139999999994
2013-10-10 04:00:00,1746.8260000000005
2013-10-10 04:30:00,1818.6840000000018
2013-10-10 05:00:00,1974.3979999999972
2013-10-10 05:30:00,2265.491999999999
2013-10-10 06:00:00,2545.368000000003
2013-10-10 06:30:00,2874.718
2013-10-10 07:00:00,3093.2919999999917
2013-10-10 07:30:00,3049.8420000000037
2013-10-10 08:00:00,2828.921999999995
2013-10-10 08:30:00,2707.089999999997
2013-10-10 09:00:00,2648.055999999997
2013-10-10 09:30:00,2654.6899999999914
2013-10-10 10:00:00,2606.7560000000003
2013-10-10 10:30:00,2669.502000000002
2013-10-10 11:00:00,2758.8859999999954
2013-10-10 11:30:00,2946.246
2013-10-10 12:00:00,3037.5619999999963
2013-10-10 12:30:00,3029.0459999999935
2013-10-10 13:00:00,3178.2300000000046
2013-10-10 13:30:00,3280.686000000017
2013-10-10 14:00:00,3457.5319999999933
2013-10-10 14:30:00,3644.6559999999927
2013-10-10 15:00:00,3997.1299999999824
2013-10-10 15:30:00,4416.53999999999
2013-10-10 16:00:00,4720.116000000002
2013-10-10 16:30:00,5095.925999999985
2013-10-10 17:00:00,5502.218000000004
2013-10-10 17:30:00,5784.395999999997
2013-10-10 18:00:00,5853.2520000000195
2013-10-10 18:30:00,6028.971999999993
2013-10-10 19:00:00,6023.408000000016
2013-10-10 19:30:00,5886.794000000008
2013-10-10 20:00:00,5639.192000000009
2013-10-10 20:30:00,5309.305999999981
2013-10-10 21:00:00,4938.876000000015
2013-10-10 21:30:00,4346.303999999991
2013-10-10 22:00:00,3851.676000000001
2013-10-10 22:30:00,3444.915999999995
2013-10-10 23:00:00,3104.4480000000017
2013-10-10 23:30:00,2754.1219999999967
2013-10-11 00:00:00,2480.4820000000004
2013-10-11 00:30:00,2305.5299999999997
2013-10-11 01:00:00,2166.818000000005
2013-10-11 01:30:00,2108.4040000000036
2013-10-11 02:00:00,1999.4120000000014
2013-10-11 02:30:00,1925.791999999996
2013-10-11 03:00:00,1892.4439999999972
2013-10-11 03:30:00,1877.0099999999961
2013-10-11 04:00:00,1878.4759999999997
2013-10-11 04:30:00,1945.8540000000019
2013-10-11 05:00:00,2109.180000000002
2013-10-11 05:30:00,2309.6499999999983
2013-10-11 06:00:00,2593.079999999991
2013-10-11 06:30:00,2885.1339999999914
2013-10-11 07:00:00,3156.1459999999975
2013-10-11 07:30:00,3103.1340000000014
2013-10-11 08:00:00,2827.2680000000105
2013-10-11 08:30:00,2777.8179999999916
2013-10-11 09:00:00,2729.6480000000092
2013-10-11 09:30:00,2748.132000000004
2013-10-11 10:00:00,2674.0899999999956
2013-10-11 10:30:00,2615.8920000000016
2013-10-11 11:00:00,2637.587999999997
2013-10-11 11:30:00,2690.6259999999966
2013-10-11 12:00:00,2641.936000000007
2013-10-11 12:30:00,2634.191999999991
2013-10-11 13:00:00,2625.5199999999963
2013-10-11 13:30:00,2541.6059999999916
2013-10-11 14:00:00,2522.992000000004
2013-10-11 14:30:00,2552.0640000000026
2013-10-11 15:00:00,2763.886
2013-10-11 15:30:00,2887.327999999988
2013-10-11 16:00:00,3108.5739999999955
2013-10-11 16:30:00,3307.7360000000012
2013-10-11 17:00:00,3495.2520000000018
2013-10-11 17:30:00,3723.283999999995
2013-10-11 18:00:00,3867.5160000000005
2013-10-11 18:30:00,4151.218000000008
2013-10-11 19:00:00,4259.0120000000015
2013-10-11 19:30:00,4199.157999999998
2013-10-11 20:00:00,3988.253999999994
2013-10-11 20:30:00,3862.8699999999944
2013-10-11 21:00:00,3664.688000000001
2013-10-11 21:30:00,3412.224000000005
2013-10-11 22:00:00,3166.2199999999966
2013-10-11 22:30:00,2893.1719999999996
2013-10-11 23:00:00,2636.804000000003
2013-10-11 23:30:00,2349.682000000004
2013-10-12 00:00:00,2201.1499999999965
2013-10-12 00:30:00,2056.8159999999975
2013-10-12 01:00:00,1967.7859999999976
2013-10-12 01:30:00,1871.073999999999
2013-10-12 02:00:00,1819.4639999999984
2013-10-12 02:30:00,1728.350000000002
2013-10-12 03:00:00,1702.2679999999973
2013-10-12 03:30:00,1691.8659999999961
2013-10-12 04:00:00,1694.0539999999999
2013-10-12 04:30:00,1784.432000000003
2013-10-12 05:00:00,1801.5080000000005
2013-10-12 05:30:00,1920.4479999999944
2013-10-12 06:00:00,2067.2599999999998
2013-10-12 06:30:00,2301.15600000001
2013-10-12 07:00:00,2597.559999999996
2013-10-12 07:30:00,2906.6960000000017
2013-10-12 08:00:00,3064.6380000000004
2013-10-12 08:30:00,3122.960000000004
2013-10-12 09:00:00,3145.219999999997
2013-10-12 09:30:00,3112.5440000000003
2013-10-12 10:00:00,3025.087999999998
2013-10-12 10:30:00,2985.7780000000153
2013-10-12 11:00:00,3008.768000000002
2013-10-12 11:30:00,3087.1899999999996
2013-10-12 12:00:00,3081.882000000001
2013-10-12 12:30:00,3034.8579999999924
2013-10-12 13:00:00,3109.656000000004
2013-10-12 13:30:00,3123.486000000003
2013-10-12 14:00:00,3224.2040000000015
2013-10-12 14:30:00,3354.4079999999904
2013-10-12 15:00:00,3496.0540000000096
2013-10-12 15:30:00,3654.519999999994
2013-10-12 16:00:00,3774.1879999999915
2013-10-12 16:30:00,3902.9479999999826
2013-10-12 17:00:00,4120.707999999993
2013-10-12 17:30:00,4288.174000000005
2013-10-12 18:00:00,4299.44400000001
2013-10-12 18:30:00,4550.6299999999865
2013-10-12 19:00:00,4628.586
2013-10-12 19:30:00,4449.899999999994
2013-10-12 20:00:00,4230.827999999997
2013-10-12 20:30:00,4079.640000000003
2013-10-12 21:00:00,3795.126000000006
2013-10-12 21:30:00,3585.1440000000102
2013-10-12 22:00:00,3305.0079999999994
2013-10-12 22:30:00,3130.0380000000005
2013-10-12 23:00:00,2819.4399999999955
2013-10-12 23:30:00,2536.926000000008
2013-10-13 00:00:00,2358.1440000000025
2013-10-13 00:30:00,2205.9659999999913
2013-10-13 01:00:00,2100.606000000002
2013-10-13 01:30:00,1997.7219999999982
2013-10-13 02:00:00,1905.9820000000018
2013-10-13 02:30:00,1847.0199999999957
2013-10-13 03:00:00,1785.5419999999956
2013-10-13 03:30:00,1775.0259999999957
2013-10-13 04:00:00,1791.0699999999977
2013-10-13 04:30:00,1796.9079999999974
2013-10-13 05:00:00,1828.6179999999954
2013-10-13 05:30:00,1896.7719999999981
2013-10-13 06:00:00,2043.8259999999957
2013-10-13 06:30:00,2225.296000000001
2013-10-13 07:00:00,2574.3300000000054
2013-10-13 07:30:00,2848.5079999999916
2013-10-13 08:00:00,3072.4799999999955
2013-10-13 08:30:00,3283.197999999994
2013-10-13 09:00:00,3462.6419999999885
2013-10-13 09:30:00,3510.004000000003
2013-10-13 10:00:00,3598.927999999992
2013-10-13 10:30:00,3763.369999999984
2013-10-13 11:00:00,3911.980000000001
2013-10-13 11:30:00,4114.85999999999
2013-10-13 12:00:00,4271.755999999991
2013-10-13 12:30:00,4419.293999999989
2013-10-13 13:00:00,4633.404000000008
2013-10-13 13:30:00,4829.305999999991
2013-10-13 14:00:00,4986.867999999981
2013-10-13 14:30:00,5196.0080000000125
2013-10-13 15:00:00,5495.259999999994
2013-10-13 15:30:00,5672.09000000001
2013-10-13 16:00:00,5842.312000000007
2013-10-13 16:30:00,6043.3780000000115
2013-10-13 17:00:00,6127.423999999991
2013-10-13 17:30:00,6229.532000000011
2013-10-13 18:00:00,6386.4640000000045
2013-10-13 18:30:00,6325.872000000024
2013-10-13 19:00:00,6337.915999999994
2013-10-13 19:30:00,6010.538000000024
2013-10-13 20:00:00,5569.0779999999995
2013-10-13 20:30:00,5094.6560000000145
2013-10-13 21:00:00,4616.287999999997
2013-10-13 21:30:00,4213.100000000001
2013-10-13 22:00:00,3565.682000000001
2013-10-13 22:30:00,3143.786000000001
2013-10-13 23:00:00,2800.8739999999966
2013-10-13 23:30:00,2549.147999999999
2013-10-14 00:00:00,2321.880000000002
2013-10-14 00:30:00,2174.6540000000023
2013-10-14 01:00:00,2062.7820000000047
2013-10-14 01:30:00,2005.992000000002
2013-10-14 02:00:00,1920.618000000002
2013-10-14 02:30:00,1878.1740000000038
2013-10-14 03:00:00,1827.101999999995
2013-10-14 03:30:00,1838.8300000000015
2013-10-14 04:00:00,1851.6660000000018
2013-10-14 04:30:00,1908.620000000004
2013-10-14 05:00:00,2023.0980000000022
2013-10-14 05:30:00,2254.029999999987
2013-10-14 06:00:00,2556.6079999999965
2013-10-14 06:30:00,2869.7420000000034
2013-10-14 07:00:00,3093.7099999999987
2013-10-14 07:30:00,3078.236000000004
2013-10-14 08:00:00,2885.859999999995
2013-10-14 08:30:00,2755.150000000005
2013-10-14 09:00:00,2655.003999999994
2013-10-14 09:30:00,2576.1480000000133
2013-10-14 10:00:00,2539.538000000004
2013-10-14 10:30:00,2597.4260000000095
2013-10-14 11:00:00,2581.748000000001
2013-10-14 11:30:00,2635.916000000004
2013-10-14 12:00:00,2597.5500000000043
2013-10-14 12:30:00,2551.149999999993
2013-10-14 13:00:00,2506.749999999992
2013-10-14 13:30:00,2515.5319999999974
2013-10-14 14:00:00,2476.888000000002
2013-10-14 14:30:00,2492.4060000000045
2013-10-14 15:00:00,2627.094
2013-10-14 15:30:00,2766.9580000000074
2013-10-14 16:00:00,2996.0179999999946
2013-10-14 16:30:00,3330.2619999999974
2013-10-14 17:00:00,3829.1339999999977
2013-10-14 17:30:00,4173.721999999985
2013-10-14 18:00:00,4487.755999999979
2013-10-14 18:30:00,4696.4839999999895
2013-10-14 19:00:00,4683.4100000000035
2013-10-14 19:30:00,4542.4319999999925
2013-10-14 20:00:00,4322.916000000001
2013-10-14 20:30:00,4157.652000000001
2013-10-14 21:00:00,3829.9500000000035
2013-10-14 21:30:00,3469.773999999998
2013-10-14 22:00:00,3041.751999999996
2013-10-14 22:30:00,2692.7060000000015
2013-10-14 23:00:00,2423.528
2013-10-14 23:30:00,2185.8800000000006
2013-10-15 00:00:00,2020.4819999999984
2013-10-15 00:30:00,1888.1100000000104
2013-10-15 01:00:00,1843.0059999999935
2013-10-15 01:30:00,1784.9420000000011
2013-10-15 02:00:00,1730.715999999996
2013-10-15 02:30:00,1674.317999999997
2013-10-15 03:00:00,1638.6539999999986
2013-10-15 03:30:00,1627.1039999999934
2013-10-15 04:00:00,1687.0059999999949
2013-10-15 04:30:00,1843.4339999999947
2013-10-15 05:00:00,2041.683999999997
2013-10-15 05:30:00,2365.5620000000017
2013-10-15 06:00:00,2723.268000000016
2013-10-15 06:30:00,3128.7740000000113
2013-10-15 07:00:00,3318.5739999999996
2013-10-15 07:30:00,3220.251999999997
2013-10-15 08:00:00,2961.57
2013-10-15 08:30:00,2769.2460000000033
2013-10-15 09:00:00,2618.563999999993
2013-10-15 09:30:00,2548.4960000000024
2013-10-15 10:00:00,2476.605999999995
2013-10-15 10:30:00,2468.817999999996
2013-10-15 11:00:00,2442.7199999999975
2013-10-15 11:30:00,2490.933999999998
2013-10-15 12:00:00,2471.543999999997
2013-10-15 12:30:00,2432.825999999989
2013-10-15 13:00:00,2387.646000000002
2013-10-15 13:30:00,2363.290000000001
2013-10-15 14:00:00,2256.5719999999897
2013-10-15 14:30:00,2334.7840000000047
2013-10-15 15:00:00,2530.676000000002
2013-10-15 15:30:00,2699.9200000000055
2013-10-15 16:00:00,2954.7520000000004
2013-10-15 16:30:00,3223.784000000004
2013-10-15 17:00:00,3626.4619999999973
2013-10-15 17:30:00,3935.7700000000136
2013-10-15 18:00:00,4225.91200000001
2013-10-15 18:30:00,4513.73999999998
2013-10-15 19:00:00,4641.457999999989
2013-10-15 19:30:00,4465.175999999991
2013-10-15 20:00:00,4352.229999999982
2013-10-15 20:30:00,4109.261999999993
2013-10-15 21:00:00,3759.441999999996
2013-10-15 21:30:00,3382.878000000003
2013-10-15 22:00:00,3032.642
2013-10-15 22:30:00,2687.996000000004
2013-10-15 23:00:00,2419.4620000000073
2013-10-15 23:30:00,2165.0719999999974
2013-10-16 00:00:00,2040.9919999999959
2013-10-16 00:30:00,1933.3099999999997
2013-10-16 01:00:00,1876.155999999998
2013-10-16 01:30:00,1788.1979999999987
2013-10-16 02:00:00,1726.238
2013-10-16 02:30:00,1681.468000000002
2013-10-16 03:00:00,1650.8959999999954
2013-10-16 03:30:00,1654.151999999998
2013-10-16 04:00:00,1708.8200000000022
2013-10-16 04:30:00,1830.3359999999984
2013-10-16 05:00:00,2078.0640000000026
2013-10-16 05:30:00,2434.511999999995
2013-10-16 06:00:00,2766.0539999999914
2013-10-16 06:30:00,3084.51
2013-10-16 07:00:00,3253.010000000001
2013-10-16 07:30:00,3064.6399999999976
2013-10-16 08:00:00,2859.577999999997
2013-10-16 08:30:00,2609.955999999997
2013-10-16 09:00:00,2568.038000000009
2013-10-16 09:30:00,2547.083999999992
2013-10-16 10:00:00,2465.4099999999926
2013-10-16 10:30:00,2424.3020000000033
2013-10-16 11:00:00,2436.8379999999993
2013-10-16 11:30:00,2484.0219999999917
2013-10-16 12:00:00,2452.0119999999993
2013-10-16 12:30:00,2458.7939999999976
2013-10-16 13:00:00,2391.6520000000023
2013-10-16 13:30:00,2412.2659999999964
2013-10-16 14:00:00,2418.6540000000027
2013-10-16 14:30:00,2427.947999999997
2013-10-16 15:00:00,2597.1839999999956
2013-10-16 15:30:00,2833.2840000000015
2013-10-16 16:00:00,3046.6020000000044
2013-10-16 16:30:00,3362.973999999998
2013-10-16 17:00:00,3729.4139999999998
2013-10-16 17:30:00,4032.156000000004
2013-10-16 18:00:00,4220.7900000000145
2013-10-16 18:30:00,4466.881999999991
2013-10-16 19:00:00,4595.553999999992
2013-10-16 19:30:00,4482.570000000016
2013-10-16 20:00:00,4253.685999999996
2013-10-16 20:30:00,4080.2840000000024
2013-10-16 21:00:00,3804.7180000000026
2013-10-16 21:30:00,3471.403999999998
2013-10-16 22:00:00,3097.8100000000063
2013-10-16 22:30:00,2769.4719999999948
2013-10-16 23:00:00,2456.5560000000078
2013-10-16 23:30:00,2231.8519999999958
2013-10-17 00:00:00,2083.7020000000007
2013-10-17 00:30:00,1963.278000000001
2013-10-17 01:00:00,1897.8459999999995
2013-10-17 01:30:00,1792.6500000000026
2013-10-17 02:00:00,1759.3460000000023
2013-10-17 02:30:00,1718.72
2013-10-17 03:00:00,1685.425999999995
2013-10-17 03:30:00,1710.8340000000026
2013-10-17 04:00:00,1725.3060000000025
2013-10-17 04:30:00,1860.7859999999994
2013-10-17 05:00:00,2035.1879999999978
2013-10-17 05:30:00,2254.266
2013-10-17 06:00:00,2568.7359999999976
2013-10-17 06:30:00,2928.6159999999995
2013-10-17 07:00:00,3098.945999999992
2013-10-17 07:30:00,3062.407999999991
2013-10-17 08:00:00,2750.5700000000056
2013-10-17 08:30:00,2619.5279999999966
2013-10-17 09:00:00,2570.736000000001
2013-10-17 09:30:00,2582.72
2013-10-17 10:00:00,2579.2360000000094
2013-10-17 10:30:00,2587.4280000000044
2013-10-17 11:00:00,2699.9420000000005
2013-10-17 11:30:00,2797.7860000000005
2013-10-17 12:00:00,2835.350000000005
2013-10-17 12:30:00,3040.6860000000006
2013-10-17 13:00:00,3155.3379999999956
2013-10-17 13:30:00,3213.0039999999913
2013-10-17 14:00:00,3309.335999999992
2013-10-17 14:30:00,3530.561999999993
2013-10-17 15:00:00,3893.797999999998
2013-10-17 15:30:00,4157.384000000011
2013-10-17 16:00:00,4523.336
2013-10-17 16:30:00,4784.627999999984
2013-10-17 17:00:00,5125.158000000003
2013-10-17 17:30:00,5320.586000000006
2013-10-17 18:00:00,5339.332000000001
2013-10-17 18:30:00,5269.211999999998
2013-10-17 19:00:00,5111.615999999983
2013-10-17 19:30:00,4895.194000000018
2013-10-17 20:00:00,4644.726000000002
2013-10-17 20:30:00,4402.702000000011
2013-10-17 21:00:00,4063.3660000000073
2013-10-17 21:30:00,3714.932000000001
2013-10-17 22:00:00,3308.493999999991
2013-10-17 22:30:00,2951.332000000005
2013-10-17 23:00:00,2618.339999999996
2013-10-17 23:30:00,2433.9319999999966
2013-10-18 00:00:00,2199.856000000001
2013-10-18 00:30:00,2047.220000000001
2013-10-18 01:00:00,1962.7940000000035
2013-10-18 01:30:00,1902.6339999999982
2013-10-18 02:00:00,1830.3040000000008
2013-10-18 02:30:00,1777.3839999999989
2013-10-18 03:00:00,1754.9079999999963
2013-10-18 03:30:00,1729.6180000000022
2013-10-18 04:00:00,1782.0199999999984
2013-10-18 04:30:00,1879.3100000000031
2013-10-18 05:00:00,2007.5600000000009
2013-10-18 05:30:00,2276.844000000001
2013-10-18 06:00:00,2559.216000000004
2013-10-18 06:30:00,2937.868000000002
2013-10-18 07:00:00,3128.5040000000017
2013-10-18 07:30:00,3101.492000000002
2013-10-18 08:00:00,2867.096000000003
2013-10-18 08:30:00,2766.854
2013-10-18 09:00:00,2677.586000000001
2013-10-18 09:30:00,2716.435999999989
2013-10-18 10:00:00,2635.034000000005
2013-10-18 10:30:00,2605.002000000006
2013-10-18 11:00:00,2637.317999999999
2013-10-18 11:30:00,2655.597999999988
2013-10-18 12:00:00,2624.3399999999992
2013-10-18 12:30:00,2545.899999999998
2013-10-18 13:00:00,2508.155999999995
2013-10-18 13:30:00,2472.721999999991
2013-10-18 14:00:00,2443.469999999989
2013-10-18 14:30:00,2471.1119999999933
2013-10-18 15:00:00,2638.6059999999993
2013-10-18 15:30:00,2762.7939999999976
2013-10-18 16:00:00,2926.801999999995
2013-10-18 16:30:00,3212.458000000004
2013-10-18 17:00:00,3546.0939999999982
2013-10-18 17:30:00,3750.7739999999994
2013-10-18 18:00:00,3978.5400000000086
2013-10-18 18:30:00,4139.547999999999
2013-10-18 19:00:00,4168.607999999997
2013-10-18 19:30:00,4081.1860000000083
2013-10-18 20:00:00,3971.5040000000045
2013-10-18 20:30:00,3758.8560000000116
2013-10-18 21:00:00,3612.902000000001
2013-10-18 21:30:00,3389.9959999999974
2013-10-18 22:00:00,3146.306000000005
2013-10-18 22:30:00,2879.7739999999953
2013-10-18 23:00:00,2565.986000000007
2013-10-18 23:30:00,2360.8359999999966
2013-10-19 00:00:00,2187.5999999999954
2013-10-19 00:30:00,2042.669999999997
2013-10-19 01:00:00,1955.3559999999945
2013-10-19 01:30:00,1860.9639999999968
2013-10-19 02:00:00,1798.0000000000027
2013-10-19 02:30:00,1716.177999999996
2013-10-19 03:00:00,1686.8700000000067
2013-10-19 03:30:00,1691.8640000000066
2013-10-19 04:00:00,1697.0180000000014
2013-10-19 04:30:00,1714.1680000000033
2013-10-19 05:00:00,1784.0000000000068
2013-10-19 05:30:00,1949.069999999996
2013-10-19 06:00:00,2131.8440000000064
2013-10-19 06:30:00,2421.982000000012
2013-10-19 07:00:00,2716.5899999999997
2013-10-19 07:30:00,2982.122000000001
2013-10-19 08:00:00,3061.2399999999934
2013-10-19 08:30:00,3174.9539999999884
2013-10-19 09:00:00,3128.9260000000027
2013-10-19 09:30:00,3176.4300000000057
2013-10-19 10:00:00,3070.6199999999985
2013-10-19 10:30:00,3070.3019999999997
2013-10-19 11:00:00,3020.4100000000035
2013-10-19 11:30:00,3095.8740000000003
2013-10-19 12:00:00,3037.5960000000005
2013-10-19 12:30:00,2978.652000000006
2013-10-19 13:00:00,2971.1479999999906
2013-10-19 13:30:00,2994.349999999995
2013-10-19 14:00:00,2995.9160000000015
2013-10-19 14:30:00,2955.3079999999954
2013-10-19 15:00:00,3002.928000000002
2013-10-19 15:30:00,3038.637999999991
2013-10-19 16:00:00,3190.430000000009
2013-10-19 16:30:00,3373.620000000001
2013-10-19 17:00:00,3548.1739999999922
2013-10-19 17:30:00,3737.216000000004
2013-10-19 18:00:00,3878.798000000003
2013-10-19 18:30:00,4123.956000000001
2013-10-19 19:00:00,4152.491999999997
2013-10-19 19:30:00,4021.0040000000126
2013-10-19 20:00:00,3846.953999999997
2013-10-19 20:30:00,3700.9920000000097
2013-10-19 21:00:00,3497.435999999998
2013-10-19 21:30:00,3276.204000000011
2013-10-19 22:00:00,3116.595999999999
2013-10-19 22:30:00,2889.7239999999915
2013-10-19 23:00:00,2626.046000000002
2013-10-19 23:30:00,2438.55199999999
2013-10-20 00:00:00,2257.6620000000034
2013-10-20 00:30:00,2123.958000000002
2013-10-20 01:00:00,2018.4059999999984
2013-10-20 01:30:00,1916.3219999999899
2013-10-20 02:00:00,1844.9420000000014
2013-10-20 02:30:00,1777.426000000003
2013-10-20 03:00:00,1721.7299999999982
2013-10-20 03:30:00,1698.584000000001
2013-10-20 04:00:00,1687.9780000000032
2013-10-20 04:30:00,1723.661999999998
2013-10-20 05:00:00,1729.7539999999944
2013-10-20 05:30:00,1868.1920000000002
2013-10-20 06:00:00,2067.2720000000027
2013-10-20 06:30:00,2287.5019999999954
2013-10-20 07:00:00,2606.3860000000054
2013-10-20 07:30:00,2887.008000000007
2013-10-20 08:00:00,3119.433999999997
2013-10-20 08:30:00,3290.5639999999876
2013-10-20 09:00:00,3366.989999999998
2013-10-20 09:30:00,3248.908000000008
2013-10-20 10:00:00,3193.922000000004
2013-10-20 10:30:00,3164.592000000009
2013-10-20 11:00:00,3205.4080000000044
2013-10-20 11:30:00,3360.12
2013-10-20 12:00:00,3373.3799999999947
2013-10-20 12:30:00,3344.7819999999924
2013-10-20 13:00:00,3373.1100000000047
2013-10-20 13:30:00,3451.814000000013
2013-10-20 14:00:00,3520.6239999999884
2013-10-20 14:30:00,3619.2580000000003
2013-10-20 15:00:00,3786.8240000000055
2013-10-20 15:30:00,3843.719999999994
2013-10-20 16:00:00,4033.141999999998
2013-10-20 16:30:00,4256.096000000003
2013-10-20 17:00:00,4485.763999999992
2013-10-20 17:30:00,4677.887999999991
2013-10-20 18:00:00,4849.475999999987
2013-10-20 18:30:00,4922.308000000009
2013-10-20 19:00:00,4952.9660000000085
2013-10-20 19:30:00,4799.034000000007
2013-10-20 20:00:00,4529.513999999995
2013-10-20 20:30:00,4344.107999999997
2013-10-20 21:00:00,3975.3800000000015
2013-10-20 21:30:00,3587.127999999994
2013-10-20 22:00:00,3195.568000000004
2013-10-20 22:30:00,2822.810000000004
2013-10-20 23:00:00,2499.220000000003
2013-10-20 23:30:00,2340.4020000000023
2013-10-21 00:00:00,2151.3260000000037
2013-10-21 00:30:00,2018.9399999999976
2013-10-21 01:00:00,1933.4939999999972
2013-10-21 01:30:00,1854.6420000000028
2013-10-21 02:00:00,1827.071999999998
2013-10-21 02:30:00,1782.1719999999957
2013-10-21 03:00:00,1735.971999999994
2013-10-21 03:30:00,1715.592000000002
2013-10-21 04:00:00,1752.1319999999942
2013-10-21 04:30:00,1817.5960000000061
2013-10-21 05:00:00,1985.3779999999995
2013-10-21 05:30:00,2247.201999999999
2013-10-21 06:00:00,2637.9139999999998
2013-10-21 06:30:00,2939.080000000004
2013-10-21 07:00:00,3104.765999999997
2013-10-21 07:30:00,3001.917999999985
2013-10-21 08:00:00,2736.8599999999888
2013-10-21 08:30:00,2665.4919999999943
2013-10-21 09:00:00,2686.65999999999
2013-10-21 09:30:00,2692.9379999999996
2013-10-21 10:00:00,2715.850000000004
2013-10-21 10:30:00,2756.286000000003
2013-10-21 11:00:00,2862.548000000002
2013-10-21 11:30:00,3057.6239999999984
2013-10-21 12:00:00,3248.197999999991
2013-10-21 12:30:00,3419.2779999999984
2013-10-21 13:00:00,3599.89400000002
2013-10-21 13:30:00,3746.5859999999975
2013-10-21 14:00:00,3936.3880000000045
2013-10-21 14:30:00,4172.543999999993
2013-10-21 15:00:00,4606.239999999989
2013-10-21 15:30:00,4963.792000000006
2013-10-21 16:00:00,5290.046000000027
2013-10-21 16:30:00,5656.125999999999
2013-10-21 17:00:00,5955.612000000002
2013-10-21 17:30:00,6224.009999999997
2013-10-21 18:00:00,6367.601999999999
2013-10-21 18:30:00,6372.402000000008
2013-10-21 19:00:00,6215.286000000002
2013-10-21 19:30:00,5953.002000000003
2013-10-21 20:00:00,5695.40799999997
2013-10-21 20:30:00,5329.118
2013-10-21 21:00:00,4848.765999999996
2013-10-21 21:30:00,4307.052000000004
2013-10-21 22:00:00,3739.844000000006
2013-10-21 22:30:00,3285.051999999999
2013-10-21 23:00:00,2878.9339999999993
2013-10-21 23:30:00,2614.4979999999973
2013-10-22 00:00:00,2447.208000000001
2013-10-22 00:30:00,2286.9039999999964
2013-10-22 01:00:00,2205.9099999999994
2013-10-22 01:30:00,2112.4040000000073
2013-10-22 02:00:00,2035.9080000000058
2013-10-22 02:30:00,1963.4919999999986
2013-10-22 03:00:00,1935.1899999999944
2013-10-22 03:30:00,1925.9420000000023
2013-10-22 04:00:00,1922.408000000009
2013-10-22 04:30:00,2026.6339999999989
2013-10-22 05:00:00,2122.928000000001
2013-10-22 05:30:00,2341.138000000001
2013-10-22 06:00:00,2648.9060000000063
2013-10-22 06:30:00,3026.808
2013-10-22 07:00:00,3168.264000000011
2013-10-22 07:30:00,3087.0080000000125
2013-10-22 08:00:00,2872.5820000000003
2013-10-22 08:30:00,2749.093999999993
2013-10-22 09:00:00,2770.6900000000023
2013-10-22 09:30:00,2754.8
2013-10-22 10:00:00,2757.574000000006
2013-10-22 10:30:00,2818.861999999994
2013-10-22 11:00:00,2950.8159999999957
2013-10-22 11:30:00,3012.220000000001
2013-10-22 12:00:00,3114.928000000003
2013-10-22 12:30:00,3233.2979999999898
2013-10-22 13:00:00,3303.0879999999916
2013-10-22 13:30:00,3368.8980000000056
2013-10-22 14:00:00,3410.4399999999932
2013-10-22 14:30:00,3555.1240000000153
2013-10-22 15:00:00,3816.0360000000032
2013-10-22 15:30:00,3952.2959999999944
2013-10-22 16:00:00,4122.541999999995
2013-10-22 16:30:00,4470.8260000000155
2013-10-22 17:00:00,4782.490000000002
2013-10-22 17:30:00,5169.7979999999925
2013-10-22 18:00:00,5296.19399999999
2013-10-22 18:30:00,5262.184000000007
2013-10-22 19:00:00,5248.712000000001
2013-10-22 19:30:00,5067.943999999991
2013-10-22 20:00:00,4770.789999999988
2013-10-22 20:30:00,4398.904000000004
2013-10-22 21:00:00,4127.807999999991
2013-10-22 21:30:00,3738.256000000006
2013-10-22 22:00:00,3357.8220000000015
2013-10-22 22:30:00,3023.686
2013-10-22 23:00:00,2715.9399999999932
2013-10-22 23:30:00,2433.1079999999984
2013-10-23 00:00:00,2266.863999999999
2013-10-23 00:30:00,2176.821999999989
2013-10-23 01:00:00,2081.755999999998
2013-10-23 01:30:00,2006.4659999999997
2013-10-23 02:00:00,1947.1859999999992
2013-10-23 02:30:00,1935.4000000000012
2013-10-23 03:00:00,1879.6259999999993
2013-10-23 03:30:00,1873.1459999999968
2013-10-23 04:00:00,1926.0859999999984
2013-10-23 04:30:00,2024.7579999999978
2013-10-23 05:00:00,2130.1580000000017
2013-10-23 05:30:00,2429.5399999999913
2013-10-23 06:00:00,2768.6999999999957
2013-10-23 06:30:00,3089.861999999999
2013-10-23 07:00:00,3240.3059999999928
2013-10-23 07:30:00,3148.5419999999967
2013-10-23 08:00:00,2980.478000000006
2013-10-23 08:30:00,2880.958000000004
2013-10-23 09:00:00,2947.7839999999965
2013-10-23 09:30:00,3000.7919999999963
2013-10-23 10:00:00,3199.3119999999913
2013-10-23 10:30:00,3282.8340000000044
2013-10-23 11:00:00,3491.451999999993
2013-10-23 11:30:00,3725.569999999991
2013-10-23 12:00:00,3872.6720000000073
2013-10-23 12:30:00,4071.427999999993
2013-10-23 13:00:00,4260.962000000002
2013-10-23 13:30:00,4493.393999999985
2013-10-23 14:00:00,4683.3420000000115
2013-10-23 14:30:00,4964.594000000005
2013-10-23 15:00:00,5371.880000000009
2013-10-23 15:30:00,5658.417999999991
2013-10-23 16:00:00,5999.762000000016
2013-10-23 16:30:00,6384.41400000001
2013-10-23 17:00:00,6562.632000000004
2013-10-23 17:30:00,6741.122000000005
2013-10-23 18:00:00,6661.580000000022
2013-10-23 18:30:00,6515.143999999999
2013-10-23 19:00:00,6275.261999999986
2013-10-23 19:30:00,5898.166000000008
2013-10-23 20:00:00,5537.44599999998
2013-10-23 20:30:00,5192.930000000012
2013-10-23 21:00:00,4681.3040000000055
2013-10-23 21:30:00,4228.611999999994
2013-10-23 22:00:00,3751.612000000013
2013-10-23 22:30:00,3310.206000000003
2013-10-23 23:00:00,2897.715999999993
2013-10-23 23:30:00,2617.524000000001
2013-10-24 00:00:00,2399.9439999999963
2013-10-24 00:30:00,2289.3719999999994
2013-10-24 01:00:00,2179.2300000000005
2013-10-24 01:30:00,2093.2080000000046
2013-10-24 02:00:00,2011.9380000000042
2013-10-24 02:30:00,1942.517999999996
2013-10-24 03:00:00,1906.4139999999977
2013-10-24 03:30:00,1909.1199999999985
2013-10-24 04:00:00,1896.838000000006
2013-10-24 04:30:00,1991.7659999999973
2013-10-24 05:00:00,2136.7379999999916
2013-10-24 05:30:00,2312.304
2013-10-24 06:00:00,2616.3020000000047
2013-10-24 06:30:00,2956.5459999999966
2013-10-24 07:00:00,3067.4480000000076
2013-10-24 07:30:00,3027.2479999999937
2013-10-24 08:00:00,2838.7820000000033
2013-10-24 08:30:00,2720.2979999999966
2013-10-24 09:00:00,2694.192000000004
2013-10-24 09:30:00,2627.8719999999958
2013-10-24 10:00:00,2582.2919999999945
2013-10-24 10:30:00,2586.9020000000087
2013-10-24 11:00:00,2612.6159999999963
2013-10-24 11:30:00,2634.621999999993
2013-10-24 12:00:00,2627.9199999999914
2013-10-24 12:30:00,2654.295999999992
2013-10-24 13:00:00,2592.01
2013-10-24 13:30:00,2578.3799999999987
2013-10-24 14:00:00,2642.6159999999973
2013-10-24 14:30:00,2686.717999999999
2013-10-24 15:00:00,2835.0339999999906
2013-10-24 15:30:00,3068.8080000000004
2013-10-24 16:00:00,3209.2020000000052
2013-10-24 16:30:00,3433.6900000000023
2013-10-24 17:00:00,3733.9119999999934
2013-10-24 17:30:00,4001.6140000000055
2013-10-24 18:00:00,4135.4519999999975
2013-10-24 18:30:00,4249.128000000002
2013-10-24 19:00:00,4311.557999999992
2013-10-24 19:30:00,4298.087999999996
2013-10-24 20:00:00,4178.607999999993
2013-10-24 20:30:00,3997.8779999999947
2013-10-24 21:00:00,3740.86200000001
2013-10-24 21:30:00,3422.5540000000033
2013-10-24 22:00:00,3065.578000000006
2013-10-24 22:30:00,2767.9400000000005
2013-10-24 23:00:00,2421.688000000001
2013-10-24 23:30:00,2201.1160000000023
2013-10-25 00:00:00,2057.170000000005
2013-10-25 00:30:00,1945.2140000000031
2013-10-25 01:00:00,1839.6019999999946
2013-10-25 01:30:00,1801.4820000000027
2013-10-25 02:00:00,1739.933999999995
2013-10-25 02:30:00,1703.5079999999969
2013-10-25 03:00:00,1690.348000000002
2013-10-25 03:30:00,1679.0460000000032
2013-10-25 04:00:00,1729.8600000000004
2013-10-25 04:30:00,1818.894000000001
2013-10-25 05:00:00,2015.6980000000017
2013-10-25 05:30:00,2310.0500000000034
2013-10-25 06:00:00,2621.823999999998
2013-10-25 06:30:00,2981.151999999995
2013-10-25 07:00:00,3201.736
2013-10-25 07:30:00,3025.330000000003
2013-10-25 08:00:00,2927.489999999999
2013-10-25 08:30:00,2701.747999999994
2013-10-25 09:00:00,2638.6899999999937
2013-10-25 09:30:00,2577.579999999997
2013-10-25 10:00:00,2541.7299999999927
2013-10-25 10:30:00,2463.260000000003
2013-10-25 11:00:00,2496.2039999999965
2013-10-25 11:30:00,2492.770000000002
2013-10-25 12:00:00,2539.0000000000005
2013-10-25 12:30:00,2453.948000000002
2013-10-25 13:00:00,2438.6580000000013
2013-10-25 13:30:00,2446.249999999997
2013-10-25 14:00:00,2379.8419999999996
2013-10-25 14:30:00,2400.9559999999906
2013-10-25 15:00:00,2541.7419999999956
2013-10-25 15:30:00,2721.7280000000032
2013-10-25 16:00:00,2836.204000000001
2013-10-25 16:30:00,3078.8800000000083
2013-10-25 17:00:00,3431.424000000012
2013-10-25 17:30:00,3632.4880000000126
2013-10-25 18:00:00,3825.2399999999875
2013-10-25 18:30:00,3948.9720000000057
2013-10-25 19:00:00,4040.30599999999
2013-10-25 19:30:00,4064.8380000000025
2013-10-25 20:00:00,3923.020000000006
2013-10-25 20:30:00,3746.14999999999
2013-10-25 21:00:00,3545.1440000000043
2013-10-25 21:30:00,3322.013999999994
2013-10-25 22:00:00,3083.456000000002
2013-10-25 22:30:00,2756.957999999998
2013-10-25 23:00:00,2501.202000000005
2013-10-25 23:30:00,2276.879999999999
2013-10-26 00:00:00,2118.0739999999964
2013-10-26 00:30:00,2008.5219999999963
2013-10-26 01:00:00,1905.7539999999947
2013-10-26 01:30:00,1813.6119999999935
2013-10-26 02:00:00,1801.1559999999984
2013-10-26 02:30:00,1721.151999999996
2013-10-26 03:00:00,1689.3279999999988
2013-10-26 03:30:00,1671.1340000000012
2013-10-26 04:00:00,1684.8979999999947
2013-10-26 04:30:00,1757.2659999999973
2013-10-26 05:00:00,1836.831999999991
2013-10-26 05:30:00,2004.24
2013-10-26 06:00:00,2188.9179999999947
2013-10-26 06:30:00,2408.937999999988
2013-10-26 07:00:00,2736.3739999999984
2013-10-26 07:30:00,2987.240000000001
2013-10-26 08:00:00,3004.531999999993
2013-10-26 08:30:00,3151.52399999999
2013-10-26 09:00:00,3152.7499999999945
2013-10-26 09:30:00,3105.7079999999955
2013-10-26 10:00:00,3125.016000000005
2013-10-26 10:30:00,3025.3280000000022
2013-10-26 11:00:00,2980.952000000004
2013-10-26 11:30:00,3009.077999999998
2013-10-26 12:00:00,3003.0119999999943
2013-10-26 12:30:00,2989.4419999999977
2013-10-26 13:00:00,2906.9539999999984
2013-10-26 13:30:00,2879.499999999998
2013-10-26 14:00:00,2891.935999999997
2013-10-26 14:30:00,2939.0700000000134
2013-10-26 15:00:00,2997.5059999999958
2013-10-26 15:30:00,3049.4540000000056
2013-10-26 16:00:00,3186.2520000000086
2013-10-26 16:30:00,3362.4559999999974
2013-10-26 17:00:00,3587.349999999999
2013-10-26 17:30:00,3792.6859999999942
2013-10-26 18:00:00,3925.9820000000022
2013-10-26 18:30:00,3961.6780000000094
2013-10-26 19:00:00,4058.1739999999986
2013-10-26 19:30:00,3971.8499999999967
2013-10-26 20:00:00,3867.5760000000073
2013-10-26 20:30:00,3659.585999999998
2013-10-26 21:00:00,3471.4179999999856
2013-10-26 21:30:00,3293.534000000005
2013-10-26 22:00:00,3060.5720000000115
2013-10-26 22:30:00,2831.376000000004
2013-10-26 23:00:00,2510.524000000007
2013-10-26 23:30:00,2346.9739999999956
2013-10-27 00:00:00,2167.110000000004
2013-10-27 00:30:00,2062.1360000000013
2013-10-27 01:00:00,1992.3920000000053
2013-10-27 01:30:00,1913.2579999999991
2013-10-27 02:00:00,1841.506
2013-10-27 02:30:00,1789.9940000000029
2013-10-27 03:00:00,1718.1799999999976
2013-10-27 03:30:00,1693.2400000000027
2013-10-27 04:00:00,1690.309999999998
2013-10-27 04:30:00,1688.9700000000018
2013-10-27 05:00:00,1796.9879999999978
2013-10-27 05:30:00,1882.2939999999933
2013-10-27 06:00:00,2073.009999999997
2013-10-27 06:30:00,2278.8820000000023
2013-10-27 07:00:00,2568.0820000000003
2013-10-27 07:30:00,2898.43199999999
2013-10-27 08:00:00,3093.423999999998
2013-10-27 08:30:00,3214.4779999999996
2013-10-27 09:00:00,3249.8019999999983
2013-10-27 09:30:00,3301.7139999999954
2013-10-27 10:00:00,3248.4599999999964
2013-10-27 10:30:00,3191.023999999993
2013-10-27 11:00:00,3177.4139999999943
2013-10-27 11:30:00,3202.5599999999913
2013-10-27 12:00:00,3185.1940000000004
2013-10-27 12:30:00,3156.1040000000016
2013-10-27 13:00:00,3109.284000000001
2013-10-27 13:30:00,3033.1300000000056
2013-10-27 14:00:00,3006.136000000003
2013-10-27 14:30:00,3003.8700000000044
2013-10-27 15:00:00,3111.114000000008
2013-10-27 15:30:00,3289.1779999999926
2013-10-27 16:00:00,3463.657999999996
2013-10-27 16:30:00,3728.409999999993
2013-10-27 17:00:00,4050.703999999993
2013-10-27 17:30:00,4350.504000000005
2013-10-27 18:00:00,4598.811999999991
2013-10-27 18:30:00,4574.516
2013-10-27 19:00:00,4553.637999999996
2013-10-27 19:30:00,4412.7839999999915
2013-10-27 20:00:00,4265.3359999999975
2013-10-27 20:30:00,4071.4859999999917
2013-10-27 21:00:00,3689.030000000014
2013-10-27 21:30:00,3310.465999999997
2013-10-27 22:00:00,3009.228000000003
2013-10-27 22:30:00,2649.815999999996
2013-10-27 23:00:00,2389.578000000006
2013-10-27 23:30:00,2183.5140000000065
2013-10-28 00:00:00,1984.6600000000005
2013-10-28 00:30:00,1886.5939999999923
2013-10-28 01:00:00,1796.0939999999946
2013-10-28 01:30:00,1769.9859999999965
2013-10-28 02:00:00,1737.8200000000002
2013-10-28 02:30:00,1719.0360000000073
2013-10-28 03:00:00,1675.2479999999953
2013-10-28 03:30:00,1702.9799999999966
2013-10-28 04:00:00,1723.7939999999974
2013-10-28 04:30:00,1828.0559999999937
2013-10-28 05:00:00,1954.035999999998
2013-10-28 05:30:00,2242.3799999999987
2013-10-28 06:00:00,2611.4859999999926
2013-10-28 06:30:00,2998.401999999994
2013-10-28 07:00:00,3135.585999999995
2013-10-28 07:30:00,3089.22399999999
2013-10-28 08:00:00,2869.7039999999956
2013-10-28 08:30:00,2714.6519999999864
2013-10-28 09:00:00,2648.0640000000026
2013-10-28 09:30:00,2608.318000000008
2013-10-28 10:00:00,2591.118000000001
2013-10-28 10:30:00,2588.9680000000035
2013-10-28 11:00:00,2608.1060000000057
2013-10-28 11:30:00,2684.859999999987
2013-10-28 12:00:00,2645.7799999999997
2013-10-28 12:30:00,2602.2819999999965
2013-10-28 13:00:00,2598.7520000000054
2013-10-28 13:30:00,2597.1600000000008
2013-10-28 14:00:00,2576.1819999999993
2013-10-28 14:30:00,2613.53199999999
2013-10-28 15:00:00,2914.1339999999977
2013-10-28 15:30:00,3041.018000000005
2013-10-28 16:00:00,3251.5920000000033
2013-10-28 16:30:00,3567.2600000000048
2013-10-28 17:00:00,3856.213999999999
2013-10-28 17:30:00,4257.150000000011
2013-10-28 18:00:00,4504.290000000002
2013-10-28 18:30:00,4640.077999999989
2013-10-28 19:00:00,4648.601999999996
2013-10-28 19:30:00,4519.122000000002
2013-10-28 20:00:00,4313.7640000000165
2013-10-28 20:30:00,4025.196000000003
2013-10-28 21:00:00,3808.665999999997
2013-10-28 21:30:00,3479.4799999999996
2013-10-28 22:00:00,3142.7719999999927
2013-10-28 22:30:00,2789.3219999999947
2013-10-28 23:00:00,2461.0400000000004
2013-10-28 23:30:00,2205.1620000000044
2013-10-29 00:00:00,2027.9239999999972
2013-10-29 00:30:00,1924.4759999999942
2013-10-29 01:00:00,1885.688000000003
2013-10-29 01:30:00,1812.160000000005
2013-10-29 02:00:00,1775.5159999999983
2013-10-29 02:30:00,1754.1499999999971
2013-10-29 03:00:00,1711.4339999999984
2013-10-29 03:30:00,1704.3519999999994
2013-10-29 04:00:00,1745.3599999999956
2013-10-29 04:30:00,1806.2539999999995
2013-10-29 05:00:00,2003.143999999995
2013-10-29 05:30:00,2270.752000000002
2013-10-29 06:00:00,2611.487999999995
2013-10-29 06:30:00,2968.2840000000015
2013-10-29 07:00:00,3114.26999999999
2013-10-29 07:30:00,3037.4439999999972
2013-10-29 08:00:00,2822.3740000000066
2013-10-29 08:30:00,2687.6399999999917
2013-10-29 09:00:00,2544.802000000004
2013-10-29 09:30:00,2543.267999999992
2013-10-29 10:00:00,2529.1119999999996
2013-10-29 10:30:00,2596.270000000003
2013-10-29 11:00:00,2623.799999999995
2013-10-29 11:30:00,2682.2500000000023
2013-10-29 12:00:00,2679.8979999999992
2013-10-29 12:30:00,2677.4000000000046
2013-10-29 13:00:00,2721.1460000000034
2013-10-29 13:30:00,2752.2980000000043
2013-10-29 14:00:00,2792.03799999999
2013-10-29 14:30:00,2892.136000000002
2013-10-29 15:00:00,3187.3019999999997
2013-10-29 15:30:00,3435.7919999999967
2013-10-29 16:00:00,3682.98200000001
2013-10-29 16:30:00,4039.4900000000066
2013-10-29 17:00:00,4485.098000000008
2013-10-29 17:30:00,4951.160000000015
2013-10-29 18:00:00,5090.419999999997
2013-10-29 18:30:00,4904.089999999988
2013-10-29 19:00:00,4687.072000000002
2013-10-29 19:30:00,4500.065999999996
2013-10-29 20:00:00,4297.022000000009
2013-10-29 20:30:00,3987.545999999992
2013-10-29 21:00:00,3737.9739999999983
2013-10-29 21:30:00,3343.9900000000034
2013-10-29 22:00:00,2971.416000000006
2013-10-29 22:30:00,2639.1880000000015
2013-10-29 23:00:00,2335.3120000000004
2013-10-29 23:30:00,2149.262000000004
2013-10-30 00:00:00,1987.796000000002
2013-10-30 00:30:00,1882.027999999997
2013-10-30 01:00:00,1814.0520000000013
2013-10-30 01:30:00,1760.0940000000016
2013-10-30 02:00:00,1740.790000000001
2013-10-30 02:30:00,1690.8339999999978
2013-10-30 03:00:00,1661.710000000006
2013-10-30 03:30:00,1662.7980000000005
2013-10-30 04:00:00,1702.2060000000015
2013-10-30 04:30:00,1825.6419999999976
2013-10-30 05:00:00,1993.1239999999946
2013-10-30 05:30:00,2326.1200000000013
2013-10-30 06:00:00,2692.881999999996
2013-10-30 06:30:00,3078.7339999999986
2013-10-30 07:00:00,3221.166000000006
2013-10-30 07:30:00,3215.1220000000117
2013-10-30 08:00:00,2909.277999999999
2013-10-30 08:30:00,2774.023999999993
2013-10-30 09:00:00,2717.974000000005
2013-10-30 09:30:00,2600.476000000005
2013-10-30 10:00:00,2586.2760000000067
2013-10-30 10:30:00,2566.488000000001
2013-10-30 11:00:00,2551.7820000000015
2013-10-30 11:30:00,2637.0000000000027
2013-10-30 12:00:00,2609.3939999999984
2013-10-30 12:30:00,2508.3599999999983
2013-10-30 13:00:00,2482.5239999999953
2013-10-30 13:30:00,2464.5800000000013
2013-10-30 14:00:00,2413.801999999993
2013-10-30 14:30:00,2458.498000000005
2013-10-30 15:00:00,2606.1459999999997
2013-10-30 15:30:00,2789.9019999999905
2013-10-30 16:00:00,2925.290000000002
2013-10-30 16:30:00,3237.1240000000075
2013-10-30 17:00:00,3590.8159999999934
2013-10-30 17:30:00,3877.3080000000064
2013-10-30 18:00:00,4119.898000000002
2013-10-30 18:30:00,4353.768000000012
2013-10-30 19:00:00,4491.034000000006
2013-10-30 19:30:00,4471.696000000009
2013-10-30 20:00:00,4326.494000000003
2013-10-30 20:30:00,4102.995999999994
2013-10-30 21:00:00,3812.4419999999905
2013-10-30 21:30:00,3440.369999999993
2013-10-30 22:00:00,3016.9739999999983
2013-10-30 22:30:00,2695.8740000000007
2013-10-30 23:00:00,2389.3219999999956
2013-10-30 23:30:00,2173.6220000000008
2013-10-31 00:00:00,2006.7260000000035
2013-10-31 00:30:00,1899.5039999999894
2013-10-31 01:00:00,1807.8460000000048
2013-10-31 01:30:00,1776.5939999999996
2013-10-31 02:00:00,1733.9240000000007
2013-10-31 02:30:00,1685.075999999998
2013-10-31 03:00:00,1650.0320000000033
2013-10-31 03:30:00,1665.2079999999942
2013-10-31 04:00:00,1700.8279999999968
2013-10-31 04:30:00,1822.5719999999967
2013-10-31 05:00:00,1994.480000000004
2013-10-31 05:30:00,2337.0440000000003
2013-10-31 06:00:00,2707.478000000004
2013-10-31 06:30:00,3071.318000000012
2013-10-31 07:00:00,3198.0819999999912
2013-10-31 07:30:00,3109.273999999993
2013-10-31 08:00:00,2885.8739999999943
2013-10-31 08:30:00,2719.3980000000042
2013-10-31 09:00:00,2647.9160000000015
2013-10-31 09:30:00,2599.0779999999963
2013-10-31 10:00:00,2548.396000000004
2013-10-31 10:30:00,2528.195999999999
2013-10-31 11:00:00,2463.845999999995
2013-10-31 11:30:00,2463.9519999999948
2013-10-31 12:00:00,2478.087999999997
2013-10-31 12:30:00,2515.923999999996
2013-10-31 13:00:00,2501.659999999999
2013-10-31 13:30:00,2492.6280000000024
2013-10-31 14:00:00,2427.656000000006
2013-10-31 14:30:00,2470.7819999999965
2013-10-31 15:00:00,2609.4719999999916
2013-10-31 15:30:00,2737.7319999999854
2013-10-31 16:00:00,2890.471999999992
2013-10-31 16:30:00,3173.1979999999967
2013-10-31 17:00:00,3455.9420000000014
2013-10-31 17:30:00,3670.9779999999855
2013-10-31 18:00:00,3871.3380000000107
2013-10-31 18:30:00,4028.468
2013-10-31 19:00:00,4261.226
2013-10-31 19:30:00,4317.543999999991
2013-10-31 20:00:00,4174.5579999999945
2013-10-31 20:30:00,3961.526000000006
2013-10-31 21:00:00,3731.4239999999963
2013-10-31 21:30:00,3359.066000000002
2013-10-31 22:00:00,3069.987999999993
2013-10-31 22:30:00,2687.705999999995
2013-10-31 23:00:00,2401.9599999999928
2013-10-31 23:30:00,2203.4640000000004
2013-11-01 00:00:00,2008.5819999999994
2013-11-01 00:30:00,1876.7040000000025
2013-11-01 01:00:00,1826.182000000003
2013-11-01 01:30:00,1774.2859999999932
2013-11-01 02:00:00,1739.794
2013-11-01 02:30:00,1676.8999999999958
2013-11-01 03:00:00,1699.655999999995
2013-11-01 03:30:00,1677.962000000005
2013-11-01 04:00:00,1722.5739999999978
2013-11-01 04:30:00,1842.0539999999987
2013-11-01 05:00:00,1990.0899999999963
2013-11-01 05:30:00,2246.1940000000036
2013-11-01 06:00:00,2540.3380000000107
2013-11-01 06:30:00,2904.454000000004
2013-11-01 07:00:00,3142.7140000000068
2013-11-01 07:30:00,3056.387999999992
2013-11-01 08:00:00,2887.9319999999993
2013-11-01 08:30:00,2710.782000000009
2013-11-01 09:00:00,2648.9039999999995
2013-11-01 09:30:00,2629.0060000000017
2013-11-01 10:00:00,2613.7059999999997
2013-11-01 10:30:00,2621.0139999999915
2013-11-01 11:00:00,2600.6020000000053
2013-11-01 11:30:00,2648.0279999999875
2013-11-01 12:00:00,2633.7500000000045
2013-11-01 12:30:00,2563.614000000001
2013-11-01 13:00:00,2524.5759999999973
2013-11-01 13:30:00,2504.09399999999
2013-11-01 14:00:00,2479.3740000000003
2013-11-01 14:30:00,2578.921999999989
2013-11-01 15:00:00,2730.1599999999967
2013-11-01 15:30:00,2834.851999999996
2013-11-01 16:00:00,2986.392000000004
2013-11-01 16:30:00,3184.095999999989
2013-11-01 17:00:00,3467.540000000007
2013-11-01 17:30:00,3704.2040000000006
2013-11-01 18:00:00,3810.0739999999955
2013-11-01 18:30:00,3937.1080000000056
2013-11-01 19:00:00,4056.638000000004
2013-11-01 19:30:00,4010.3340000000017
2013-11-01 20:00:00,3944.5559999999955
2013-11-01 20:30:00,3792.492
2013-11-01 21:00:00,3539.859999999995
2013-11-01 21:30:00,3359.844000000002
2013-11-01 22:00:00,3113.0760000000073
2013-11-01 22:30:00,2814.0060000000058
2013-11-01 23:00:00,2570.1140000000023
2013-11-01 23:30:00,2364.9139999999984
2013-11-02 00:00:00,2157.6340000000037
2013-11-02 00:30:00,2019.3940000000018
2013-11-02 01:00:00,1922.5620000000015
2013-11-02 01:30:00,1848.336
2013-11-02 02:00:00,1779.9799999999989
2013-11-02 02:30:00,1726.5020000000006
2013-11-02 03:00:00,1717.1779999999976
2013-11-02 03:30:00,1699.4500000000003
2013-11-02 04:00:00,1694.7179999999994
2013-11-02 04:30:00,1712.283999999997
2013-11-02 05:00:00,1786.4700000000007
2013-11-02 05:30:00,1931.5880000000045
2013-11-02 06:00:00,2140.6400000000026
2013-11-02 06:30:00,2397.6659999999965
2013-11-02 07:00:00,2694.781999999998
2013-11-02 07:30:00,2950.059999999998
2013-11-02 08:00:00,3087.2640000000124
2013-11-02 08:30:00,3148.8500000000054
2013-11-02 09:00:00,3200.502000000006
2013-11-02 09:30:00,3181.8700000000135
2013-11-02 10:00:00,3107.6619999999934
2013-11-02 10:30:00,3147.596000000006
2013-11-02 11:00:00,3172.615999999999
2013-11-02 11:30:00,3281.578000000001
2013-11-02 12:00:00,3412.1840000000025
2013-11-02 12:30:00,3405.6079999999815
2013-11-02 13:00:00,3497.579999999996
2013-11-02 13:30:00,3544.141999999998
2013-11-02 14:00:00,3691.465999999992
2013-11-02 14:30:00,3806.552
2013-11-02 15:00:00,3939.0179999999955
2013-11-02 15:30:00,4069.529999999988
2013-11-02 16:00:00,4249.511999999995
2013-11-02 16:30:00,4409.499999999995
2013-11-02 17:00:00,4560.167999999993
2013-11-02 17:30:00,4707.424000000011
2013-11-02 18:00:00,4672.296000000016
2013-11-02 18:30:00,4650.650000000002
2013-11-02 19:00:00,4663.788000000009
2013-11-02 19:30:00,4561.758000000007
2013-11-02 20:00:00,4398.90000000001
2013-11-02 20:30:00,4188.142000000005
2013-11-02 21:00:00,3931.338000000005
2013-11-02 21:30:00,3719.9860000000076
2013-11-02 22:00:00,3458.359999999992
2013-11-02 22:30:00,3183.231999999998
2013-11-02 23:00:00,2919.2759999999944
2013-11-02 23:30:00,2698.7400000000007
2013-11-03 00:00:00,2499.48999999999
2013-11-03 00:30:00,2286.656000000008
2013-11-03 01:00:00,2193.319999999997
2013-11-03 01:30:00,2113.9939999999956
2013-11-03 02:00:00,2038.070000000004
2013-11-03 02:30:00,1954.3000000000013
2013-11-03 03:00:00,1902.4639999999974
2013-11-03 03:30:00,1865.5680000000007
2013-11-03 04:00:00,1846.1960000000024
2013-11-03 04:30:00,1831.7719999999981
2013-11-03 05:00:00,1864.6239999999948
2013-11-03 05:30:00,1973.2140000000031
2013-11-03 06:00:00,2166.2820000000015
2013-11-03 06:30:00,2395.1500000000015
2013-11-03 07:00:00,2715.5539999999905
2013-11-03 07:30:00,2980.310000000001
2013-11-03 08:00:00,3178.166000000001
2013-11-03 08:30:00,3303.238000000007
2013-11-03 09:00:00,3446.548000000008
2013-11-03 09:30:00,3439.3580000000015
2013-11-03 10:00:00,3537.6760000000095
2013-11-03 10:30:00,3668.452000000001
2013-11-03 11:00:00,3930.261999999998
2013-11-03 11:30:00,4034.712
2013-11-03 12:00:00,4175.014000000011
2013-11-03 12:30:00,4262.171999999998
2013-11-03 13:00:00,4262.320000000008
2013-11-03 13:30:00,4330.658000000008
2013-11-03 14:00:00,4517.03999999999
2013-11-03 14:30:00,4593.109999999994
2013-11-03 15:00:00,4733.561999999999
2013-11-03 15:30:00,4828.125999999985
2013-11-03 16:00:00,5066.570000000006
2013-11-03 16:30:00,5373.997999999985
2013-11-03 17:00:00,5237.567999999997
2013-11-03 17:30:00,5114.125999999993
2013-11-03 18:00:00,4938.008000000012
2013-11-03 18:30:00,4834.814000000003
2013-11-03 19:00:00,4817.477999999997
2013-11-03 19:30:00,4750.177999999991
2013-11-03 20:00:00,4496.73800000001
2013-11-03 20:30:00,4177.284000000003
2013-11-03 21:00:00,3872.9780000000037
2013-11-03 21:30:00,3519.319999999998
2013-11-03 22:00:00,3124.0259999999885
2013-11-03 22:30:00,2797.769999999997
2013-11-03 23:00:00,2464.856000000006
2013-11-03 23:30:00,2243.395999999996
2013-11-04 00:00:00,2103.166000000001
2013-11-04 00:30:00,2001.0539999999914
2013-11-04 01:00:00,1912.7659999999985
2013-11-04 01:30:00,1846.0539999999999
2013-11-04 02:00:00,1786.8200000000006
2013-11-04 02:30:00,1753.1439999999955
2013-11-04 03:00:00,1726.1080000000043
2013-11-04 03:30:00,1700.263999999999
2013-11-04 04:00:00,1711.8999999999974
2013-11-04 04:30:00,1831.1479999999938
2013-11-04 05:00:00,2002.9259999999995
2013-11-04 05:30:00,2280.9379999999996
2013-11-04 06:00:00,2644.4279999999967
2013-11-04 06:30:00,2945.3419999999946
2013-11-04 07:00:00,3187.055999999999
2013-11-04 07:30:00,3063.9239999999927
2013-11-04 08:00:00,2890.067999999999
2013-11-04 08:30:00,2707.627999999993
2013-11-04 09:00:00,2657.7100000000055
2013-11-04 09:30:00,2651.1879999999987
2013-11-04 10:00:00,2584.833999999994
2013-11-04 10:30:00,2619.3080000000036
2013-11-04 11:00:00,2598.5960000000055
2013-11-04 11:30:00,2627.536000000006
2013-11-04 12:00:00,2593.4160000000015
2013-11-04 12:30:00,2588.029999999999
2013-11-04 13:00:00,2510.6140000000023
2013-11-04 13:30:00,2471.4999999999977
2013-11-04 14:00:00,2502.044000000001
2013-11-04 14:30:00,2528.1739999999945
2013-11-04 15:00:00,2674.258000000003
2013-11-04 15:30:00,2866.7819999999915
2013-11-04 16:00:00,3093.578000000007
2013-11-04 16:30:00,3377.698000000006
2013-11-04 17:00:00,3761.9640000000036
2013-11-04 17:30:00,4049.3519999999885
2013-11-04 18:00:00,4387.837999999998
2013-11-04 18:30:00,4535.570000000011
2013-11-04 19:00:00,4627.7639999999865
2013-11-04 19:30:00,4539.947999999994
2013-11-04 20:00:00,4410.635999999997
2013-11-04 20:30:00,4151.092000000007
2013-11-04 21:00:00,3791.6099999999906
2013-11-04 21:30:00,3426.2139999999963
2013-11-04 22:00:00,3120.638000000005
2013-11-04 22:30:00,2705.1960000000026
2013-11-04 23:00:00,2421.7300000000014
2013-11-04 23:30:00,2189.473999999993
2013-11-05 00:00:00,1993.597999999998
2013-11-05 00:30:00,1895.3859999999986
2013-11-05 01:00:00,1803.8500000000065
2013-11-05 01:30:00,1770.6240000000007
2013-11-05 02:00:00,1699.106000000001
2013-11-05 02:30:00,1669.516000000003
2013-11-05 03:00:00,1658.8719999999958
2013-11-05 03:30:00,1672.355999999999
2013-11-05 04:00:00,1680.4779999999953
2013-11-05 04:30:00,1819.6519999999953
2013-11-05 05:00:00,2001.461999999997
2013-11-05 05:30:00,2287.299999999999
2013-11-05 06:00:00,2638.5919999999983
2013-11-05 06:30:00,3099.3640000000014
2013-11-05 07:00:00,3254.2379999999916
2013-11-05 07:30:00,3175.2459999999987
2013-11-05 08:00:00,3025.816
2013-11-05 08:30:00,2885.543999999998
2013-11-05 09:00:00,2773.0200000000036
2013-11-05 09:30:00,2685.8200000000083
2013-11-05 10:00:00,2619.7559999999944
2013-11-05 10:30:00,2595.717999999999
2013-11-05 11:00:00,2619.8359999999993
2013-11-05 11:30:00,2622.1720000000114
2013-11-05 12:00:00,2627.456000000013
2013-11-05 12:30:00,2627.7040000000056
2013-11-05 13:00:00,2565.6360000000027
2013-11-05 13:30:00,2489.9820000000054
2013-11-05 14:00:00,2501.100000000002
2013-11-05 14:30:00,2508.503999999998
2013-11-05 15:00:00,2652.1579999999994
2013-11-05 15:30:00,2755.407999999988
2013-11-05 16:00:00,3005.028
2013-11-05 16:30:00,3272.0539999999955
2013-11-05 17:00:00,3628.0760000000155
2013-11-05 17:30:00,3880.531999999995
2013-11-05 18:00:00,4161.0719999999965
2013-11-05 18:30:00,4230.39
2013-11-05 19:00:00,4409.006000000002
2013-11-05 19:30:00,4511.5039999999935
2013-11-05 20:00:00,4278.596000000018
2013-11-05 20:30:00,3999.190000000003
2013-11-05 21:00:00,3690.2579999999984
2013-11-05 21:30:00,3345.9979999999955
2013-11-05 22:00:00,3058.244000000004
2013-11-05 22:30:00,2704.9559999999983
2013-11-05 23:00:00,2380.2340000000054
2013-11-05 23:30:00,2188.9279999999962
2013-11-06 00:00:00,1982.6799999999996
2013-11-06 00:30:00,1860.1420000000014
2013-11-06 01:00:00,1797.6119999999949
2013-11-06 01:30:00,1763.8480000000036
2013-11-06 02:00:00,1718.9939999999958
2013-11-06 02:30:00,1674.439999999993
2013-11-06 03:00:00,1681.3579999999972
2013-11-06 03:30:00,1689.7759999999976
2013-11-06 04:00:00,1718.5260000000046
2013-11-06 04:30:00,1818.668
2013-11-06 05:00:00,2014.6379999999936
2013-11-06 05:30:00,2344.767999999989
2013-11-06 06:00:00,2677.7119999999936
2013-11-06 06:30:00,3084.4119999999994
2013-11-06 07:00:00,3249.162000000004
2013-11-06 07:30:00,3105.8820000000046
2013-11-06 08:00:00,2807.7100000000014
2013-11-06 08:30:00,2709.6760000000017
2013-11-06 09:00:00,2609.5700000000033
2013-11-06 09:30:00,2537.9739999999956
2013-11-06 10:00:00,2534.9220000000023
2013-11-06 10:30:00,2521.547999999994
2013-11-06 11:00:00,2486.896000000001
2013-11-06 11:30:00,2530.3259999999955
2013-11-06 12:00:00,2488.863999999999
2013-11-06 12:30:00,2497.245999999997
2013-11-06 13:00:00,2485.4179999999974
2013-11-06 13:30:00,2456.887999999997
2013-11-06 14:00:00,2431.1960000000026
2013-11-06 14:30:00,2501.1140000000005
2013-11-06 15:00:00,2646.9280000000035
2013-11-06 15:30:00,2802.4219999999987
2013-11-06 16:00:00,3031.124000000011
2013-11-06 16:30:00,3322.346000000007
2013-11-06 17:00:00,3654.1720000000096
2013-11-06 17:30:00,3967.0119999999984
2013-11-06 18:00:00,4195.658000000008
2013-11-06 18:30:00,4338.6779999999935
2013-11-06 19:00:00,4459.634000000003
2013-11-06 19:30:00,4377.176000000007
2013-11-06 20:00:00,4224.176000000007
2013-11-06 20:30:00,4097.893999999998
2013-11-06 21:00:00,3785.102000000004
2013-11-06 21:30:00,3461.427999999993
2013-11-06 22:00:00,3112.8059999999978
2013-11-06 22:30:00,2752.5720000000038
2013-11-06 23:00:00,2423.949999999995
2013-11-06 23:30:00,2172.8379999999966
2013-11-07 00:00:00,2045.9919999999931
2013-11-07 00:30:00,1917.688000000004
2013-11-07 01:00:00,1823.5400000000031
2013-11-07 01:30:00,1753.9239999999984
2013-11-07 02:00:00,1719.2579999999957
2013-11-07 02:30:00,1689.2859999999957
2013-11-07 03:00:00,1667.6180000000015
2013-11-07 03:30:00,1692.7220000000007
2013-11-07 04:00:00,1707.7659999999978
2013-11-07 04:30:00,1776.6880000000056
2013-11-07 05:00:00,2019.6979999999935
2013-11-07 05:30:00,2309.9779999999955
2013-11-07 06:00:00,2613.0219999999954
2013-11-07 06:30:00,3000.303999999997
2013-11-07 07:00:00,3078.4760000000056
2013-11-07 07:30:00,3020.3419999999983
2013-11-07 08:00:00,2794.2399999999952
2013-11-07 08:30:00,2640.5739999999896
2013-11-07 09:00:00,2575.2140000000036
2013-11-07 09:30:00,2537.258000000005
2013-11-07 10:00:00,2530.660000000001
2013-11-07 10:30:00,2561.281999999995
2013-11-07 11:00:00,2592.5039999999967
2013-11-07 11:30:00,2678.136000000004
2013-11-07 12:00:00,2727.960000000002
2013-11-07 12:30:00,2731.8079999999914
2013-11-07 13:00:00,2719.9439999999972
2013-11-07 13:30:00,2694.2420000000116
2013-11-07 14:00:00,2785.235999999998
2013-11-07 14:30:00,3009.2859999999973
2013-11-07 15:00:00,3231.0819999999953
2013-11-07 15:30:00,3471.758000000002
2013-11-07 16:00:00,3680.692000000011
2013-11-07 16:30:00,3901.115999999995
2013-11-07 17:00:00,4170.447999999998
2013-11-07 17:30:00,4460.988000000014
2013-11-07 18:00:00,4567.554000000016
2013-11-07 18:30:00,4554.407999999996
2013-11-07 19:00:00,4810.253999999998
2013-11-07 19:30:00,4754.606000000005
2013-11-07 20:00:00,4627.806000000009
2013-11-07 20:30:00,4324.944000000007
2013-11-07 21:00:00,4100.763999999985
2013-11-07 21:30:00,3775.6459999999943
2013-11-07 22:00:00,3409.4379999999974
2013-11-07 22:30:00,2977.97800000001
2013-11-07 23:00:00,2661.8619999999946
2013-11-07 23:30:00,2397.5619999999985
2013-11-08 00:00:00,2206.4380000000037
2013-11-08 00:30:00,2079.917999999993
2013-11-08 01:00:00,2016.3039999999953
2013-11-08 01:30:00,1929.492000000003
2013-11-08 02:00:00,1872.7819999999995
2013-11-08 02:30:00,1805.1800000000017
2013-11-08 03:00:00,1800.6779999999967
2013-11-08 03:30:00,1783.3539999999955
2013-11-08 04:00:00,1808.8359999999986
2013-11-08 04:30:00,1913.4099999999964
2013-11-08 05:00:00,2030.663999999998
2013-11-08 05:30:00,2328.995999999994
2013-11-08 06:00:00,2562.1199999999953
2013-11-08 06:30:00,2960.452000000004
2013-11-08 07:00:00,3099.5280000000002
2013-11-08 07:30:00,3073.642000000002
2013-11-08 08:00:00,2876.191999999998
2013-11-08 08:30:00,2783.4860000000003
2013-11-08 09:00:00,2834.468000000006
2013-11-08 09:30:00,2884.9919999999925
2013-11-08 10:00:00,2927.6659999999983
2013-11-08 10:30:00,3079.934000000001
2013-11-08 11:00:00,3321.651999999995
2013-11-08 11:30:00,3547.5999999999885
2013-11-08 12:00:00,3687.929999999995
2013-11-08 12:30:00,3860.7599999999998
2013-11-08 13:00:00,4063.858
2013-11-08 13:30:00,4190.729999999991
2013-11-08 14:00:00,4338.968
2013-11-08 14:30:00,4552.452000000005
2013-11-08 15:00:00,4970.831999999978
2013-11-08 15:30:00,5286.853999999996
2013-11-08 16:00:00,5553.240000000021
2013-11-08 16:30:00,5799.668000000012
2013-11-08 17:00:00,5860.252000000006
2013-11-08 17:30:00,5899.87399999999
2013-11-08 18:00:00,5930.637999999996
2013-11-08 18:30:00,5793.081999999983
2013-11-08 19:00:00,5691.562000000022
2013-11-08 19:30:00,5563.7959999999985
2013-11-08 20:00:00,5393.456000000009
2013-11-08 20:30:00,5051.990000000001
2013-11-08 21:00:00,4763.990000000007
2013-11-08 21:30:00,4456.516000000003
2013-11-08 22:00:00,4077.505999999986
2013-11-08 22:30:00,3728.604000000001
2013-11-08 23:00:00,3383.2180000000017
2013-11-08 23:30:00,3074.9680000000067
2013-11-09 00:00:00,2828.9760000000024
2013-11-09 00:30:00,2635.108000000001
2013-11-09 01:00:00,2470.799999999998
2013-11-09 01:30:00,2386.982000000007
2013-11-09 02:00:00,2274.329999999997
2013-11-09 02:30:00,2176.7100000000005
2013-11-09 03:00:00,2123.8640000000055
2013-11-09 03:30:00,2091.302000000002
2013-11-09 04:00:00,2074.0979999999927
2013-11-09 04:30:00,2080.6039999999994
2013-11-09 05:00:00,2140.9820000000022
2013-11-09 05:30:00,2260.794000000003
2013-11-09 06:00:00,2424.6579999999944
2013-11-09 06:30:00,2676.2719999999936
2013-11-09 07:00:00,2896.1200000000076
2013-11-09 07:30:00,3105.4640000000027
2013-11-09 08:00:00,3246.709999999995
2013-11-09 08:30:00,3292.3340000000026
2013-11-09 09:00:00,3380.0220000000063
2013-11-09 09:30:00,3378.857999999998
2013-11-09 10:00:00,3454.35000000001
2013-11-09 10:30:00,3632.3139999999985
2013-11-09 11:00:00,3893.585999999995
2013-11-09 11:30:00,4239.225999999986
2013-11-09 12:00:00,4586.750000000002
2013-11-09 12:30:00,4843.656000000009
2013-11-09 13:00:00,5091.414000000002
2013-11-09 13:30:00,5246.096000000023
2013-11-09 14:00:00,5395.495999999985
2013-11-09 14:30:00,5499.614000000002
2013-11-09 15:00:00,5456.026
2013-11-09 15:30:00,5324.2499999999945
2013-11-09 16:00:00,5241.736
2013-11-09 16:30:00,5197.854
2013-11-09 17:00:00,5146.665999999985
2013-11-09 17:30:00,5035.970000000013
2013-11-09 18:00:00,4893.892000000005
2013-11-09 18:30:00,4709.078000000002
2013-11-09 19:00:00,4634.404
2013-11-09 19:30:00,4441.905999999986
2013-11-09 20:00:00,4286.4519999999975
2013-11-09 20:30:00,4068.375999999996
2013-11-09 21:00:00,3811.304000000004
2013-11-09 21:30:00,3595.2959999999944
2013-11-09 22:00:00,3268.6960000000095
2013-11-09 22:30:00,3061.4600000000155
2013-11-09 23:00:00,2744.0879999999993
2013-11-09 23:30:00,2551.0540000000046
2013-11-10 00:00:00,2347.882000000004
2013-11-10 00:30:00,2201.192000000002
2013-11-10 01:00:00,2079.7880000000036
2013-11-10 01:30:00,2002.6780000000012
2013-11-10 02:00:00,1940.796000000005
2013-11-10 02:30:00,1887.1679999999965
2013-11-10 03:00:00,1837.1139999999973
2013-11-10 03:30:00,1816.7559999999949
2013-11-10 04:00:00,1776.912000000004
2013-11-10 04:30:00,1777.2539999999976
2013-11-10 05:00:00,1821.3100000000059
2013-11-10 05:30:00,1953.0899999999986
2013-11-10 06:00:00,2091.97
2013-11-10 06:30:00,2310.6799999999957
2013-11-10 07:00:00,2645.0979999999945
2013-11-10 07:30:00,2914.176000000004
2013-11-10 08:00:00,3127.0499999999925
2013-11-10 08:30:00,3224.3820000000064
2013-11-10 09:00:00,3291.2959999999985
2013-11-10 09:30:00,3284.3999999999955
2013-11-10 10:00:00,3301.49599999999
2013-11-10 10:30:00,3303.231999999999
2013-11-10 11:00:00,3376.2380000000067
2013-11-10 11:30:00,3390.178000000007
2013-11-10 12:00:00,3402.7499999999973
2013-11-10 12:30:00,3324.451999999993
2013-11-10 13:00:00,3299.2040000000143
2013-11-10 13:30:00,3207.8119999999963
2013-11-10 14:00:00,3198.093999999995
2013-11-10 14:30:00,3222.948
2013-11-10 15:00:00,3315.4820000000045
2013-11-10 15:30:00,3522.153999999997
2013-11-10 16:00:00,3842.093999999991
2013-11-10 16:30:00,4216.049999999999
2013-11-10 17:00:00,4497.890000000001
2013-11-10 17:30:00,4689.553999999996
2013-11-10 18:00:00,4719.261999999998
2013-11-10 18:30:00,4665.679999999991
2013-11-10 19:00:00,4581.987999999992
2013-11-10 19:30:00,4482.69
2013-11-10 20:00:00,4362.442000000008
2013-11-10 20:30:00,3993.321999999986
2013-11-10 21:00:00,3735.540000000007
2013-11-10 21:30:00,3391.928000000011
2013-11-10 22:00:00,3002.50999999999
2013-11-10 22:30:00,2722.2819999999933
2013-11-10 23:00:00,2437.690000000001
2013-11-10 23:30:00,2169.133999999996
2013-11-11 00:00:00,2034.3199999999947
2013-11-11 00:30:00,1923.704000000001
2013-11-11 01:00:00,1860.9259999999988
2013-11-11 01:30:00,1817.8759999999972
2013-11-11 02:00:00,1788.5839999999932
2013-11-11 02:30:00,1724.1099999999974
2013-11-11 03:00:00,1706.9000000000015
2013-11-11 03:30:00,1725.4660000000008
2013-11-11 04:00:00,1749.4180000000015
2013-11-11 04:30:00,1826.831999999996
2013-11-11 05:00:00,2008.6259999999966
2013-11-11 05:30:00,2361.355999999995
2013-11-11 06:00:00,2723.443999999998
2013-11-11 06:30:00,3183.1020000000003
2013-11-11 07:00:00,3420.912000000004
2013-11-11 07:30:00,3349.215999999992
2013-11-11 08:00:00,3132.846000000004
2013-11-11 08:30:00,2952.5779999999972
2013-11-11 09:00:00,2945.7220000000093
2013-11-11 09:30:00,2952.727999999992
2013-11-11 10:00:00,2901.2099999999937
2013-11-11 10:30:00,2885.442000000006
2013-11-11 11:00:00,2940.3820000000096
2013-11-11 11:30:00,2942.9400000000123
2013-11-11 12:00:00,2935.2100000000037
2013-11-11 12:30:00,2840.1039999999994
2013-11-11 13:00:00,2763.438000000007
2013-11-11 13:30:00,2783.463999999998
2013-11-11 14:00:00,2788.4479999999903
2013-11-11 14:30:00,2758.5959999999964
2013-11-11 15:00:00,2970.962000000001
2013-11-11 15:30:00,3263.2459999999937
2013-11-11 16:00:00,3546.4419999999977
2013-11-11 16:30:00,3918.1319999999996
2013-11-11 17:00:00,4506.088000000002
2013-11-11 17:30:00,4811.147999999996
2013-11-11 18:00:00,4928.859999999988
2013-11-11 18:30:00,4864.821999999981
2013-11-11 19:00:00,4838.744000000002
2013-11-11 19:30:00,4706.17400000002
2013-11-11 20:00:00,4497.737999999992
2013-11-11 20:30:00,4162.834000000009
2013-11-11 21:00:00,3899.4599999999955
2013-11-11 21:30:00,3480.5080000000034
2013-11-11 22:00:00,3128.176000000001
2013-11-11 22:30:00,2761.891999999999
2013-11-11 23:00:00,2419.0240000000026
2013-11-11 23:30:00,2221.452000000001
2013-11-12 00:00:00,2036.3200000000015
2013-11-12 00:30:00,1932.8840000000048
2013-11-12 01:00:00,1845.5740000000008
2013-11-12 01:30:00,1772.803999999997
2013-11-12 02:00:00,1745.6120000000028
2013-11-12 02:30:00,1727.7260000000022
2013-11-12 03:00:00,1688.0699999999977
2013-11-12 03:30:00,1704.0859999999984
2013-11-12 04:00:00,1726.317999999998
2013-11-12 04:30:00,1829.6180000000004
2013-11-12 05:00:00,2029.1080000000013
2013-11-12 05:30:00,2341.3259999999923
2013-11-12 06:00:00,2678.3040000000037
2013-11-12 06:30:00,3061.6919999999964
2013-11-12 07:00:00,3319.2119999999863
2013-11-12 07:30:00,3248.1060000000084
2013-11-12 08:00:00,3119.9019999999955
2013-11-12 08:30:00,2952.431999999995
2013-11-12 09:00:00,2911.115999999995
2013-11-12 09:30:00,2916.026000000001
2013-11-12 10:00:00,2883.0960000000036
2013-11-12 10:30:00,2807.515999999992
2013-11-12 11:00:00,2854.031999999991
2013-11-12 11:30:00,2852.056000000001
2013-11-12 12:00:00,2772.138000000001
2013-11-12 12:30:00,2729.3619999999946
2013-11-12 13:00:00,2686.241999999998
2013-11-12 13:30:00,2698.19199999999
2013-11-12 14:00:00,2650.580000000003
2013-11-12 14:30:00,2644.5280000000057
2013-11-12 15:00:00,2806.5559999999964
2013-11-12 15:30:00,2956.974000000006
2013-11-12 16:00:00,3052.4359999999847
2013-11-12 16:30:00,3461.832000000001
2013-11-12 17:00:00,3797.997999999999
2013-11-12 17:30:00,4109.34800000001
2013-11-12 18:00:00,4271.362000000015
2013-11-12 18:30:00,4342.795999999989
2013-11-12 19:00:00,4487.359999999986
2013-11-12 19:30:00,4456.521999999984
2013-11-12 20:00:00,4262.508000000004
2013-11-12 20:30:00,4074.01799999999
2013-11-12 21:00:00,3826.5180000000064
2013-11-12 21:30:00,3473.310000000008
2013-11-12 22:00:00,3166.1239999999807
2013-11-12 22:30:00,2824.329999999996
2013-11-12 23:00:00,2443.2580000000016
2013-11-12 23:30:00,2176.6899999999914
2013-11-13 00:00:00,2037.3320000000015
2013-11-13 00:30:00,1933.37200000001
2013-11-13 01:00:00,1856.4399999999976
2013-11-13 01:30:00,1781.3579999999963
2013-11-13 02:00:00,1713.7419999999931
2013-11-13 02:30:00,1673.4480000000005
2013-11-13 03:00:00,1672.8880000000008
2013-11-13 03:30:00,1692.9020000000005
2013-11-13 04:00:00,1711.7779999999927
2013-11-13 04:30:00,1855.295999999992
2013-11-13 05:00:00,2044.371999999989
2013-11-13 05:30:00,2327.8339999999953
2013-11-13 06:00:00,2668.744000000005
2013-11-13 06:30:00,2982.514000000002
2013-11-13 07:00:00,3181.545999999992
2013-11-13 07:30:00,3093.9419999999973
2013-11-13 08:00:00,2898.1900000000014
2013-11-13 08:30:00,2692.339999999994
2013-11-13 09:00:00,2672.239999999996
2013-11-13 09:30:00,2560.868000000001
2013-11-13 10:00:00,2554.8960000000034
2013-11-13 10:30:00,2548.551999999996
2013-11-13 11:00:00,2558.0159999999896
2013-11-13 11:30:00,2603.3280000000073
2013-11-13 12:00:00,2636.4399999999864
2013-11-13 12:30:00,2603.5659999999925
2013-11-13 13:00:00,2577.6900000000096
2013-11-13 13:30:00,2572.6580000000013
2013-11-13 14:00:00,2570.0260000000053
2013-11-13 14:30:00,2656.0679999999966
2013-11-13 15:00:00,2859.9519999999998
2013-11-13 15:30:00,3090.0660000000044
2013-11-13 16:00:00,3330.0080000000007
2013-11-13 16:30:00,3671.960000000014
2013-11-13 17:00:00,4039.7800000000043
2013-11-13 17:30:00,4188.815999999995
2013-11-13 18:00:00,4288.39200000001
2013-11-13 18:30:00,4272.321999999998
2013-11-13 19:00:00,4435.729999999994
2013-11-13 19:30:00,4499.0260000000035
2013-11-13 20:00:00,4393.556000000002
2013-11-13 20:30:00,4124.9259999999995
2013-11-13 21:00:00,3862.727999999996
2013-11-13 21:30:00,3579.8360000000102
2013-11-13 22:00:00,3196.378000000003
2013-11-13 22:30:00,2864.217999999998
2013-11-13 23:00:00,2528.8899999999994
2013-11-13 23:30:00,2266.107999999998
2013-11-14 00:00:00,2111.6680000000083
2013-11-14 00:30:00,1989.067999999995
2013-11-14 01:00:00,1894.3760000000104
2013-11-14 01:30:00,1861.6620000000078
2013-11-14 02:00:00,1769.266000000005
2013-11-14 02:30:00,1758.2379999999991
2013-11-14 03:00:00,1733.1579999999947
2013-11-14 03:30:00,1727.8819999999953
2013-11-14 04:00:00,1752.0639999999935
2013-11-14 04:30:00,1850.8540000000035
2013-11-14 05:00:00,2024.2119999999993
2013-11-14 05:30:00,2308.619999999997
2013-11-14 06:00:00,2636.8739999999984
2013-11-14 06:30:00,2914.9819999999986
2013-11-14 07:00:00,3039.6959999999845
2013-11-14 07:30:00,3015.436000000017
2013-11-14 08:00:00,2817.7600000000084
2013-11-14 08:30:00,2730.095999999993
2013-11-14 09:00:00,2656.326000000008
2013-11-14 09:30:00,2611.642
2013-11-14 10:00:00,2576.810000000006
2013-11-14 10:30:00,2567.5639999999917
2013-11-14 11:00:00,2575.5440000000035
2013-11-14 11:30:00,2593.0799999999977
2013-11-14 12:00:00,2565.6220000000003
2013-11-14 12:30:00,2639.3680000000068
2013-11-14 13:00:00,2622.7859999999982
2013-11-14 13:30:00,2638.797999999991
2013-11-14 14:00:00,2611.863999999998
2013-11-14 14:30:00,2719.754000000002
2013-11-14 15:00:00,2950.848000000003
2013-11-14 15:30:00,3096.0160000000024
2013-11-14 16:00:00,3269.573999999998
2013-11-14 16:30:00,3546.622000000001
2013-11-14 17:00:00,3781.650000000008
2013-11-14 17:30:00,3997.7720000000018
2013-11-14 18:00:00,4121.394000000003
2013-11-14 18:30:00,4133.112000000005
2013-11-14 19:00:00,4223.295999999997
2013-11-14 19:30:00,4326.108000000003
2013-11-14 20:00:00,4206.303999999988
2013-11-14 20:30:00,4048.65
2013-11-14 21:00:00,3791.641999999998
2013-11-14 21:30:00,3507.9159999999983
2013-11-14 22:00:00,3174.7059999999933
2013-11-14 22:30:00,2857.5759999999864
2013-11-14 23:00:00,2513.718000000001
2013-11-14 23:30:00,2282.2219999999966
2013-11-15 00:00:00,2100.287999999993
2013-11-15 00:30:00,1985.7279999999957
2013-11-15 01:00:00,1906.375999999997
2013-11-15 01:30:00,1843.6159999999918
2013-11-15 02:00:00,1785.1839999999963
2013-11-15 02:30:00,1778.3439999999948
2013-11-15 03:00:00,1745.0000000000002
2013-11-15 03:30:00,1746.211999999996
2013-11-15 04:00:00,1785.373999999999
2013-11-15 04:30:00,1859.906000000005
2013-11-15 05:00:00,2024.9000000000058
2013-11-15 05:30:00,2255.1439999999993
2013-11-15 06:00:00,2550.4980000000023
2013-11-15 06:30:00,2865.3340000000007
2013-11-15 07:00:00,3112.944000000009
2013-11-15 07:30:00,3043.7479999999987
2013-11-15 08:00:00,2872.8360000000025
2013-11-15 08:30:00,2752.876000000006
2013-11-15 09:00:00,2754.1020000000026
2013-11-15 09:30:00,2659.4640000000027
2013-11-15 10:00:00,2728.254
2013-11-15 10:30:00,2661.287999999998
2013-11-15 11:00:00,2688.534000000003
2013-11-15 11:30:00,2737.9120000000057
2013-11-15 12:00:00,2722.778000000004
2013-11-15 12:30:00,2678.2039999999974
2013-11-15 13:00:00,2624.9260000000054
2013-11-15 13:30:00,2570.125999999996
2013-11-15 14:00:00,2620.458000000006
2013-11-15 14:30:00,2673.850000000003
2013-11-15 15:00:00,2908.709999999992
2013-11-15 15:30:00,3072.887999999999
2013-11-15 16:00:00,3214.605999999996
2013-11-15 16:30:00,3461.052000000003
2013-11-15 17:00:00,3796.3260000000014
2013-11-15 17:30:00,3969.318000000006
2013-11-15 18:00:00,4122.878000000012
2013-11-15 18:30:00,4198.443999999995
2013-11-15 19:00:00,4180.15399999999
2013-11-15 19:30:00,4089.852000000006
2013-11-15 20:00:00,3906.5980000000004
2013-11-15 20:30:00,3755.008000000005
2013-11-15 21:00:00,3546.3000000000025
2013-11-15 21:30:00,3356.7680000000037
2013-11-15 22:00:00,3109.4139999999934
2013-11-15 22:30:00,2879.867999999991
2013-11-15 23:00:00,2581.6919999999977
2013-11-15 23:30:00,2358.6799999999935
2013-11-16 00:00:00,2190.613999999997
2013-11-16 00:30:00,2088.4919999999984
2013-11-16 01:00:00,2003.047999999994
2013-11-16 01:30:00,1900.1139999999937
2013-11-16 02:00:00,1824.868
2013-11-16 02:30:00,1778.8180000000045
2013-11-16 03:00:00,1744.881999999995
2013-11-16 03:30:00,1740.44799999999
2013-11-16 04:00:00,1717.7199999999998
2013-11-16 04:30:00,1763.0259999999976
2013-11-16 05:00:00,1845.4339999999947
2013-11-16 05:30:00,1966.2900000000006
2013-11-16 06:00:00,2126.751999999995
2013-11-16 06:30:00,2429.537999999995
2013-11-16 07:00:00,2729.159999999995
2013-11-16 07:30:00,2948.1519999999964
2013-11-16 08:00:00,3183.3160000000134
2013-11-16 08:30:00,3326.4400000000037
2013-11-16 09:00:00,3309.271999999989
2013-11-16 09:30:00,3287.552000000005
2013-11-16 10:00:00,3235.226000000002
2013-11-16 10:30:00,3267.1079999999884
2013-11-16 11:00:00,3266.6400000000035
2013-11-16 11:30:00,3255.1720000000023
2013-11-16 12:00:00,3262.1659999999983
2013-11-16 12:30:00,3192.6740000000023
2013-11-16 13:00:00,3122.673999999996
2013-11-16 13:30:00,3103.1380000000013
2013-11-16 14:00:00,3013.421999999997
2013-11-16 14:30:00,3091.224000000009
2013-11-16 15:00:00,3111.893999999995
2013-11-16 15:30:00,3165.3120000000063
2013-11-16 16:00:00,3294.6820000000034
2013-11-16 16:30:00,3498.682000000001
2013-11-16 17:00:00,3795.7619999999933
2013-11-16 17:30:00,4032.2080000000046
2013-11-16 18:00:00,4124.815999999998
2013-11-16 18:30:00,4184.17999999999
2013-11-16 19:00:00,4220.34000000001
2013-11-16 19:30:00,4085.632000000003
2013-11-16 20:00:00,3926.297999999994
2013-11-16 20:30:00,3754.9280000000035
2013-11-16 21:00:00,3553.7599999999884
2013-11-16 21:30:00,3415.1780000000067
2013-11-16 22:00:00,3137.3820000000046
2013-11-16 22:30:00,2921.5879999999916
2013-11-16 23:00:00,2665.6159999999845
2013-11-16 23:30:00,2439.0279999999893
2013-11-17 00:00:00,2240.747999999999
2013-11-17 00:30:00,2149.0279999999957
2013-11-17 01:00:00,2031.4400000000003
2013-11-17 01:30:00,1917.4059999999993
2013-11-17 02:00:00,1855.0419999999979
2013-11-17 02:30:00,1797.719999999997
2013-11-17 03:00:00,1741.6140000000007
2013-11-17 03:30:00,1722.9959999999933
2013-11-17 04:00:00,1733.9359999999972
2013-11-17 04:30:00,1729.1220000000021
2013-11-17 05:00:00,1805.6659999999954
2013-11-17 05:30:00,1876.3299999999929
2013-11-17 06:00:00,2049.502000000003
2013-11-17 06:30:00,2314.0880000000107
2013-11-17 07:00:00,2628.490000000002
2013-11-17 07:30:00,2951.8460000000046
2013-11-17 08:00:00,3245.249999999996
2013-11-17 08:30:00,3526.983999999998
2013-11-17 09:00:00,3751.4239999999977
2013-11-17 09:30:00,3797.014000000009
2013-11-17 10:00:00,3851.0319999999983
2013-11-17 10:30:00,3844.1659999999993
2013-11-17 11:00:00,3908.002000000012
2013-11-17 11:30:00,3968.5720000000156
2013-11-17 12:00:00,3954.504000000002
2013-11-17 12:30:00,3890.5860000000025
2013-11-17 13:00:00,3880.9580000000155
2013-11-17 13:30:00,3805.257999999994
2013-11-17 14:00:00,3848.4299999999967
2013-11-17 14:30:00,3921.857999999999
2013-11-17 15:00:00,4065.01600000001
2013-11-17 15:30:00,4207.208000000017
2013-11-17 16:00:00,4367.777999999983
2013-11-17 16:30:00,4748.103999999999
2013-11-17 17:00:00,5032.026000000008
2013-11-17 17:30:00,5231.507999999992
2013-11-17 18:00:00,5423.057999999979
2013-11-17 18:30:00,5322.545999999981
2013-11-17 19:00:00,5306.3619999999955
2013-11-17 19:30:00,5132.413999999998
2013-11-17 20:00:00,4927.373999999999
2013-11-17 20:30:00,4610.735999999991
2013-11-17 21:00:00,4116.560000000007
2013-11-17 21:30:00,3682.4120000000044
2013-11-17 22:00:00,3294.9179999999947
2013-11-17 22:30:00,2881.5199999999963
2013-11-17 23:00:00,2541.4700000000025
2013-11-17 23:30:00,2286.035999999998
2013-11-18 00:00:00,2111.6100000000047
2013-11-18 00:30:00,1981.7699999999918
2013-11-18 01:00:00,1925.9119999999975
2013-11-18 01:30:00,1863.6580000000054
2013-11-18 02:00:00,1801.6940000000016
2013-11-18 02:30:00,1757.4020000000019
2013-11-18 03:00:00,1740.2479999999946
2013-11-18 03:30:00,1758.199999999999
2013-11-18 04:00:00,1786.3159999999968
2013-11-18 04:30:00,1871.553999999997
2013-11-18 05:00:00,2088.4100000000044
2013-11-18 05:30:00,2414.9419999999973
2013-11-18 06:00:00,2814.625999999995
2013-11-18 06:30:00,3290.362000000003
2013-11-18 07:00:00,3635.807999999997
2013-11-18 07:30:00,3635.606000000001
2013-11-18 08:00:00,3406.6920000000023
2013-11-18 08:30:00,3259.865999999997
2013-11-18 09:00:00,3271.2739999999985
2013-11-18 09:30:00,3260.6600000000035
2013-11-18 10:00:00,3333.0699999999965
2013-11-18 10:30:00,3313.6920000000036
2013-11-18 11:00:00,3345.371999999999
2013-11-18 11:30:00,3361.655999999995
2013-11-18 12:00:00,3269.3759999999943
2013-11-18 12:30:00,3227.116
2013-11-18 13:00:00,3160.1259999999943
2013-11-18 13:30:00,3108.7040000000006
2013-11-18 14:00:00,3081.878000000008
2013-11-18 14:30:00,3109.6360000000036
2013-11-18 15:00:00,3309.4760000000033
2013-11-18 15:30:00,3490.6600000000003
2013-11-18 16:00:00,3732.2639999999988
2013-11-18 16:30:00,4176.190000000002
2013-11-18 17:00:00,4666.108000000012
2013-11-18 17:30:00,4897.695999999994
2013-11-18 18:00:00,5210.220000000003
2013-11-18 18:30:00,5175.372000000004
2013-11-18 19:00:00,5037.228000000001
2013-11-18 19:30:00,4920.241999999979
2013-11-18 20:00:00,4746.579999999991
2013-11-18 20:30:00,4451.824000000006
2013-11-18 21:00:00,4092.174000000008
2013-11-18 21:30:00,3691.0020000000013
2013-11-18 22:00:00,3243.253999999995
2013-11-18 22:30:00,2904.7940000000144
2013-11-18 23:00:00,2584.572000000005
2013-11-18 23:30:00,2312.3539999999957
2013-11-19 00:00:00,2118.919999999998
2013-11-19 00:30:00,1995.2059999999988
2013-11-19 01:00:00,1891.4760000000042
2013-11-19 01:30:00,1844.1500000000028
2013-11-19 02:00:00,1814.8680000000004
2013-11-19 02:30:00,1775.9180000000038
2013-11-19 03:00:00,1706.7239999999993
2013-11-19 03:30:00,1734.615999999991
2013-11-19 04:00:00,1765.2740000000013
2013-11-19 04:30:00,1869.0859999999952
2013-11-19 05:00:00,2100.3079999999945
2013-11-19 05:30:00,2364.0
2013-11-19 06:00:00,2707.563999999996
2013-11-19 06:30:00,3127.814000000007
2013-11-19 07:00:00,3347.841999999997
2013-11-19 07:30:00,3312.818000000001
2013-11-19 08:00:00,3139.4040000000036
2013-11-19 08:30:00,2955.832000000007
2013-11-19 09:00:00,2968.8260000000037
2013-11-19 09:30:00,2896.2800000000097
2013-11-19 10:00:00,2779.636000000004
2013-11-19 10:30:00,2747.773999999996
2013-11-19 11:00:00,2796.4559999999947
2013-11-19 11:30:00,2732.4299999999885
2013-11-19 12:00:00,2731.878000000004
2013-11-19 12:30:00,2694.500000000006
2013-11-19 13:00:00,2695.688000000008
2013-11-19 13:30:00,2631.839999999992
2013-11-19 14:00:00,2630.7599999999966
2013-11-19 14:30:00,2650.165999999999
2013-11-19 15:00:00,2774.477999999986
2013-11-19 15:30:00,2942.090000000008
2013-11-19 16:00:00,3103.5939999999987
2013-11-19 16:30:00,3440.391999999994
2013-11-19 17:00:00,3726.537999999988
2013-11-19 17:30:00,3993.3799999999997
2013-11-19 18:00:00,4235.975999999993
2013-11-19 18:30:00,4319.290000000007
2013-11-19 19:00:00,4470.735999999987
2013-11-19 19:30:00,4575.953999999984
2013-11-19 20:00:00,4400.134000000003
2013-11-19 20:30:00,4156.583999999995
2013-11-19 21:00:00,3893.8619999999996
2013-11-19 21:30:00,3504.483999999992
2013-11-19 22:00:00,3193.0800000000027
2013-11-19 22:30:00,2856.9639999999977
2013-11-19 23:00:00,2533.9359999999974
2013-11-19 23:30:00,2291.8619999999974
2013-11-20 00:00:00,2116.769999999998
2013-11-20 00:30:00,2004.0079999999991
2013-11-20 01:00:00,1904.9959999999967
2013-11-20 01:30:00,1826.706000000003
2013-11-20 02:00:00,1773.968000000003
2013-11-20 02:30:00,1736.9219999999953
2013-11-20 03:00:00,1701.0739999999962
2013-11-20 03:30:00,1749.4760000000053
2013-11-20 04:00:00,1806.0980000000027
2013-11-20 04:30:00,1894.2539999999972
2013-11-20 05:00:00,2099.847999999999
2013-11-20 05:30:00,2318.464
2013-11-20 06:00:00,2652.017999999999
2013-11-20 06:30:00,3006.2600000000048
2013-11-20 07:00:00,3138.728000000005
2013-11-20 07:30:00,3110.204000000002
2013-11-20 08:00:00,2854.6919999999946
2013-11-20 08:30:00,2703.034000000001
2013-11-20 09:00:00,2680.8340000000026
2013-11-20 09:30:00,2627.038000000002
2013-11-20 10:00:00,2606.773999999995
2013-11-20 10:30:00,2572.298000000002
2013-11-20 11:00:00,2579.3620000000074
2013-11-20 11:30:00,2617.8460000000036
2013-11-20 12:00:00,2621.2200000000116
2013-11-20 12:30:00,2609.8380000000056
2013-11-20 13:00:00,2609.815999999999
2013-11-20 13:30:00,2612.4719999999934
2013-11-20 14:00:00,2644.1479999999965
2013-11-20 14:30:00,2718.16
2013-11-20 15:00:00,2905.902000000006
2013-11-20 15:30:00,3096.399999999983
2013-11-20 16:00:00,3310.500000000007
2013-11-20 16:30:00,3630.805999999985
2013-11-20 17:00:00,4004.7560000000053
2013-11-20 17:30:00,4197.979999999999
2013-11-20 18:00:00,4320.061999999993
2013-11-20 18:30:00,4333.543999999999
2013-11-20 19:00:00,4410.938000000014
2013-11-20 19:30:00,4540.612000000021
2013-11-20 20:00:00,4363.644000000011
2013-11-20 20:30:00,4153.675999999998
2013-11-20 21:00:00,3839.200000000003
2013-11-20 21:30:00,3542.6160000000036
2013-11-20 22:00:00,3213.326000000004
2013-11-20 22:30:00,2848.0899999999883
2013-11-20 23:00:00,2513.9700000000025
2013-11-20 23:30:00,2312.7960000000026
2013-11-21 00:00:00,2159.6420000000003
2013-11-21 00:30:00,2031.9239999999945
2013-11-21 01:00:00,1956.556000000007
2013-11-21 01:30:00,1873.808000000003
2013-11-21 02:00:00,1828.6979999999983
2013-11-21 02:30:00,1782.522000000002
2013-11-21 03:00:00,1769.6780000000006
2013-11-21 03:30:00,1796.6880000000035
2013-11-21 04:00:00,1816.1300000000003
2013-11-21 04:30:00,1910.119999999999
2013-11-21 05:00:00,2073.450000000002
2013-11-21 05:30:00,2280.368000000003
2013-11-21 06:00:00,2598.030000000002
2013-11-21 06:30:00,2949.480000000002
2013-11-21 07:00:00,3138.7919999999776
2013-11-21 07:30:00,3032.988
2013-11-21 08:00:00,2827.7120000000064
2013-11-21 08:30:00,2722.6719999999987
2013-11-21 09:00:00,2658.61199999999
2013-11-21 09:30:00,2652.5059999999958
2013-11-21 10:00:00,2681.0180000000078
2013-11-21 10:30:00,2726.5379999999955
2013-11-21 11:00:00,2724.750000000005
2013-11-21 11:30:00,2805.924000000004
2013-11-21 12:00:00,2813.8560000000066
2013-11-21 12:30:00,2794.5400000000036
2013-11-21 13:00:00,2833.1920000000077
2013-11-21 13:30:00,2837.9180000000015
2013-11-21 14:00:00,2863.452000000007
2013-11-21 14:30:00,2929.7639999999947
2013-11-21 15:00:00,3168.8180000000043
2013-11-21 15:30:00,3321.60800000001
2013-11-21 16:00:00,3480.6700000000023
2013-11-21 16:30:00,3689.3799999999947
2013-11-21 17:00:00,3977.477999999999
2013-11-21 17:30:00,4241.919999999989
2013-11-21 18:00:00,4300.927999999984
2013-11-21 18:30:00,4420.586000000008
2013-11-21 19:00:00,4553.092000000001
2013-11-21 19:30:00,4507.597999999998
2013-11-21 20:00:00,4386.835999999999
2013-11-21 20:30:00,4196.229999999995
2013-11-21 21:00:00,3966.954000000017
2013-11-21 21:30:00,3647.6359999999936
2013-11-21 22:00:00,3300.372000000001
2013-11-21 22:30:00,2977.3879999999954
2013-11-21 23:00:00,2687.0859999999925
2013-11-21 23:30:00,2414.913999999997
2013-11-22 00:00:00,2210.6720000000028
2013-11-22 00:30:00,2093.4239999999986
2013-11-22 01:00:00,1981.4080000000006
2013-11-22 01:30:00,1915.6640000000014
2013-11-22 02:00:00,1866.5800000000015
2013-11-22 02:30:00,1828.3139999999976
2013-11-22 03:00:00,1783.9499999999994
2013-11-22 03:30:00,1854.0520000000004
2013-11-22 04:00:00,1866.9240000000004
2013-11-22 04:30:00,1950.899999999998
2013-11-22 05:00:00,2098.2539999999917
2013-11-22 05:30:00,2361.6419999999966
2013-11-22 06:00:00,2703.1320000000046
2013-11-22 06:30:00,3070.4479999999985
2013-11-22 07:00:00,3275.276000000003
2013-11-22 07:30:00,3224.7900000000072
2013-11-22 08:00:00,3031.51
2013-11-22 08:30:00,2972.046000000002
2013-11-22 09:00:00,2926.803999999998
2013-11-22 09:30:00,2898.2319999999986
2013-11-22 10:00:00,2815.6160000000036
2013-11-22 10:30:00,2789.8299999999945
2013-11-22 11:00:00,2826.4060000000004
2013-11-22 11:30:00,2834.9500000000003
2013-11-22 12:00:00,2834.558000000001
2013-11-22 12:30:00,2780.4660000000017
2013-11-22 13:00:00,2717.206000000004
2013-11-22 13:30:00,2743.2719999999986
2013-11-22 14:00:00,2810.1120000000024
2013-11-22 14:30:00,2844.1459999999975
2013-11-22 15:00:00,3043.2440000000047
2013-11-22 15:30:00,3189.492000000001
2013-11-22 16:00:00,3389.4339999999984
2013-11-22 16:30:00,3836.955999999996
2013-11-22 17:00:00,4164.568000000004
2013-11-22 17:30:00,4382.976000000003
2013-11-22 18:00:00,4371.959999999996
2013-11-22 18:30:00,4308.781999999996
2013-11-22 19:00:00,4265.881999999994
2013-11-22 19:30:00,4177.314000000006
2013-11-22 20:00:00,4036.5400000000004
2013-11-22 20:30:00,3858.5140000000097
2013-11-22 21:00:00,3689.718000000005
2013-11-22 21:30:00,3371.6360000000022
2013-11-22 22:00:00,3118.800000000002
2013-11-22 22:30:00,2883.5219999999995
2013-11-22 23:00:00,2688.073999999996
2013-11-22 23:30:00,2443.312000000001
2013-11-23 00:00:00,2258.231999999996
2013-11-23 00:30:00,2143.1319999999987
2013-11-23 01:00:00,2029.5100000000018
2013-11-23 01:30:00,1957.8400000000067
2013-11-23 02:00:00,1894.8120000000065
2013-11-23 02:30:00,1810.7280000000003
2013-11-23 03:00:00,1782.2779999999939
2013-11-23 03:30:00,1794.8440000000048
2013-11-23 04:00:00,1779.9080000000038
2013-11-23 04:30:00,1816.1680000000013
2013-11-23 05:00:00,1895.4219999999953
2013-11-23 05:30:00,2023.0219999999952
2013-11-23 06:00:00,2190.7260000000015
2013-11-23 06:30:00,2486.217999999988
2013-11-23 07:00:00,2818.471999999995
2013-11-23 07:30:00,3215.716000000004
2013-11-23 08:00:00,3434.241999999987
2013-11-23 08:30:00,3499.8040000000087
2013-11-23 09:00:00,3546.2960000000026
2013-11-23 09:30:00,3464.3700000000017
2013-11-23 10:00:00,3457.1519999999973
2013-11-23 10:30:00,3441.021999999998
2013-11-23 11:00:00,3484.2540000000063
2013-11-23 11:30:00,3707.7379999999816
2013-11-23 12:00:00,3713.5200000000004
2013-11-23 12:30:00,3592.1059999999925
2013-11-23 13:00:00,3548.7480000000023
2013-11-23 13:30:00,3518.5800000000063
2013-11-23 14:00:00,3469.500000000002
2013-11-23 14:30:00,3528.7579999999875
2013-11-23 15:00:00,3452.213999999995
2013-11-23 15:30:00,3567.5280000000143
2013-11-23 16:00:00,3597.152
2013-11-23 16:30:00,3682.1459999999997
2013-11-23 17:00:00,3858.8820000000037
2013-11-23 17:30:00,4018.1259999999984
2013-11-23 18:00:00,4106.390000000015
2013-11-23 18:30:00,3985.773999999997
2013-11-23 19:00:00,3986.2619999999783
2013-11-23 19:30:00,4000.5759999999955
2013-11-23 20:00:00,3945.611999999991
2013-11-23 20:30:00,3787.1220000000017
2013-11-23 21:00:00,3628.975999999995
2013-11-23 21:30:00,3485.0119999999947
2013-11-23 22:00:00,3234.6279999999983
2013-11-23 22:30:00,2980.201999999999
2013-11-23 23:00:00,2682.4740000000047
2013-11-23 23:30:00,2500.4299999999935
2013-11-24 00:00:00,2286.6180000000036
2013-11-24 00:30:00,2155.0520000000015
2013-11-24 01:00:00,2060.144
2013-11-24 01:30:00,1937.538000000007
2013-11-24 02:00:00,1908.7019999999986
2013-11-24 02:30:00,1835.2979999999966
2013-11-24 03:00:00,1805.4939999999967
2013-11-24 03:30:00,1743.7919999999988
2013-11-24 04:00:00,1743.764000000001
2013-11-24 04:30:00,1754.2899999999947
2013-11-24 05:00:00,1809.631999999997
2013-11-24 05:30:00,1952.1079999999952
2013-11-24 06:00:00,2083.3539999999957
2013-11-24 06:30:00,2329.075999999992
2013-11-24 07:00:00,2619.196000000006
2013-11-24 07:30:00,2919.1500000000124
2013-11-24 08:00:00,3182.5459999999975
2013-11-24 08:30:00,3291.024000000002
2013-11-24 09:00:00,3335.777999999997
2013-11-24 09:30:00,3348.2860000000114
2013-11-24 10:00:00,3348.6360000000004
2013-11-24 10:30:00,3352.895999999995
2013-11-24 11:00:00,3371.3159999999934
2013-11-24 11:30:00,3372.5140000000065
2013-11-24 12:00:00,3308.356000000004
2013-11-24 12:30:00,3289.4159999999943
2013-11-24 13:00:00,3200.1059999999943
2013-11-24 13:30:00,3191.7279999999905
2013-11-24 14:00:00,3202.6059999999993
2013-11-24 14:30:00,3183.799999999992
2013-11-24 15:00:00,3240.4739999999906
2013-11-24 15:30:00,3290.822
2013-11-24 16:00:00,3469.9739999999974
2013-11-24 16:30:00,3659.7620000000024
2013-11-24 17:00:00,3841.567999999991
2013-11-24 17:30:00,3994.7900000000004
2013-11-24 18:00:00,4160.571999999989
2013-11-24 18:30:00,4215.710000000009
2013-11-24 19:00:00,4328.84599999999
2013-11-24 19:30:00,4439.620000000008
2013-11-24 20:00:00,4388.410000000014
2013-11-24 20:30:00,4145.677999999999
2013-11-24 21:00:00,3766.7900000000186
2013-11-24 21:30:00,3454.919999999986
2013-11-24 22:00:00,3110.289999999994
2013-11-24 22:30:00,2809.8300000000113
2013-11-24 23:00:00,2492.626000000002
2013-11-24 23:30:00,2273.1399999999935
2013-11-25 00:00:00,2121.3339999999885
2013-11-25 00:30:00,2016.2619999999956
2013-11-25 01:00:00,1923.0439999999976
2013-11-25 01:30:00,1858.4879999999998
2013-11-25 02:00:00,1805.7800000000052
2013-11-25 02:30:00,1768.4159999999931
2013-11-25 03:00:00,1733.407999999997
2013-11-25 03:30:00,1739.2560000000053
2013-11-25 04:00:00,1740.4139999999986
2013-11-25 04:30:00,1834.4060000000018
2013-11-25 05:00:00,2001.3520000000017
2013-11-25 05:30:00,2266.4819999999936
2013-11-25 06:00:00,2550.911999999997
2013-11-25 06:30:00,2914.73200000001
2013-11-25 07:00:00,3073.813999999996
2013-11-25 07:30:00,3012.7600000000007
2013-11-25 08:00:00,2788.937999999999
2013-11-25 08:30:00,2708.7259999999937
2013-11-25 09:00:00,2745.8979999999947
2013-11-25 09:30:00,2636.815999999997
2013-11-25 10:00:00,2650.8400000000015
2013-11-25 10:30:00,2689.074000000008
2013-11-25 11:00:00,2750.2019999999957
2013-11-25 11:30:00,2795.810000000013
2013-11-25 12:00:00,2851.1540000000064
2013-11-25 12:30:00,2828.9899999999875
2013-11-25 13:00:00,2741.9600000000155
2013-11-25 13:30:00,2769.4799999999955
2013-11-25 14:00:00,2694.8939999999966
2013-11-25 14:30:00,2668.958000000001
2013-11-25 15:00:00,2887.129999999998
2013-11-25 15:30:00,3065.0140000000024
2013-11-25 16:00:00,3393.014
2013-11-25 16:30:00,3703.7520000000018
2013-11-25 17:00:00,4184.936000000006
2013-11-25 17:30:00,4463.3960000000025
2013-11-25 18:00:00,4589.530000000019
2013-11-25 18:30:00,4573.606000000009
2013-11-25 19:00:00,4564.388000000005
2013-11-25 19:30:00,4539.744000000002
2013-11-25 20:00:00,4435.587999999999
2013-11-25 20:30:00,4141.591999999991
2013-11-25 21:00:00,3819.2160000000085
2013-11-25 21:30:00,3456.4579999999996
2013-11-25 22:00:00,3089.4660000000167
2013-11-25 22:30:00,2764.7339999999954
2013-11-25 23:00:00,2434.864000000003
2013-11-25 23:30:00,2211.4319999999916
2013-11-26 00:00:00,2012.0000000000048
2013-11-26 00:30:00,1925.4539999999965
2013-11-26 01:00:00,1848.7980000000014
2013-11-26 01:30:00,1800.0439999999971
2013-11-26 02:00:00,1722.0600000000022
2013-11-26 02:30:00,1691.1859999999972
2013-11-26 03:00:00,1678.9439999999927
2013-11-26 03:30:00,1680.7820000000004
2013-11-26 04:00:00,1732.9139999999989
2013-11-26 04:30:00,1807.9119999999966
2013-11-26 05:00:00,2041.9360000000013
2013-11-26 05:30:00,2320.6239999999984
2013-11-26 06:00:00,2676.764
2013-11-26 06:30:00,3004.161999999992
2013-11-26 07:00:00,3252.881999999992
2013-11-26 07:30:00,3113.5499999999975
2013-11-26 08:00:00,2906.9800000000137
2013-11-26 08:30:00,2761.293999999992
2013-11-26 09:00:00,2750.795999999999
2013-11-26 09:30:00,2721.332000000004
2013-11-26 10:00:00,2640.8219999999997
2013-11-26 10:30:00,2605.505999999998
2013-11-26 11:00:00,2610.578000000002
2013-11-26 11:30:00,2609.0700000000033
2013-11-26 12:00:00,2590.4239999999977
2013-11-26 12:30:00,2514.172000000005
2013-11-26 13:00:00,2525.0039999999963
2013-11-26 13:30:00,2493.5060000000003
2013-11-26 14:00:00,2459.014000000007
2013-11-26 14:30:00,2492.634000000009
2013-11-26 15:00:00,2658.2140000000018
2013-11-26 15:30:00,2806.855999999997
2013-11-26 16:00:00,3038.7620000000056
2013-11-26 16:30:00,3280.6940000000022
2013-11-26 17:00:00,3653.06800000001
2013-11-26 17:30:00,3867.8579999999915
2013-11-26 18:00:00,4080.4660000000003
2013-11-26 18:30:00,4088.3180000000007
2013-11-26 19:00:00,4154.677999999992
2013-11-26 19:30:00,4276.209999999999
2013-11-26 20:00:00,4219.181999999989
2013-11-26 20:30:00,4009.6279999999956
2013-11-26 21:00:00,3746.0759999999877
2013-11-26 21:30:00,3445.1119999999964
2013-11-26 22:00:00,3104.3519999999985
2013-11-26 22:30:00,2738.2780000000043
2013-11-26 23:00:00,2465.7039999999874
2013-11-26 23:30:00,2216.979999999994
2013-11-27 00:00:00,2048.849999999998
2013-11-27 00:30:00,1906.1940000000031
2013-11-27 01:00:00,1825.5179999999937
2013-11-27 01:30:00,1772.6479999999979
2013-11-27 02:00:00,1711.9900000000025
2013-11-27 02:30:00,1675.2879999999968
2013-11-27 03:00:00,1659.391999999992
2013-11-27 03:30:00,1691.6179999999995
2013-11-27 04:00:00,1737.9539999999963
2013-11-27 04:30:00,1809.6520000000007
2013-11-27 05:00:00,2016.5179999999973
2013-11-27 05:30:00,2311.0280000000002
2013-11-27 06:00:00,2672.326000000008
2013-11-27 06:30:00,3006.5019999999936
2013-11-27 07:00:00,3194.9879999999916
2013-11-27 07:30:00,3024.3959999999947
2013-11-27 08:00:00,2782.192000000012
2013-11-27 08:30:00,2719.9200000000055
2013-11-27 09:00:00,2619.1580000000026
2013-11-27 09:30:00,2573.105999999995
2013-11-27 10:00:00,2501.531999999999
2013-11-27 10:30:00,2521.7019999999984
2013-11-27 11:00:00,2545.4259999999977
2013-11-27 11:30:00,2561.9880000000007
2013-11-27 12:00:00,2516.964000000005
2013-11-27 12:30:00,2488.7519999999995
2013-11-27 13:00:00,2489.741999999993
2013-11-27 13:30:00,2477.352000000009
2013-11-27 14:00:00,2416.81000000001
2013-11-27 14:30:00,2547.2679999999996
2013-11-27 15:00:00,2662.7379999999916
2013-11-27 15:30:00,2850.964000000006
2013-11-27 16:00:00,3067.091999999995
2013-11-27 16:30:00,3395.9699999999866
2013-11-27 17:00:00,3677.1899999999946
2013-11-27 17:30:00,3917.9240000000054
2013-11-27 18:00:00,4101.702000000015
2013-11-27 18:30:00,4180.345999999998
2013-11-27 19:00:00,4175.1520000000055
2013-11-27 19:30:00,4240.073999999996
2013-11-27 20:00:00,4201.995999999993
2013-11-27 20:30:00,4080.418000000012
2013-11-27 21:00:00,3787.9039999999886
2013-11-27 21:30:00,3430.3740000000003
2013-11-27 22:00:00,3117.303999999999
2013-11-27 22:30:00,2780.818000000006
2013-11-27 23:00:00,2474.658000000003
2013-11-27 23:30:00,2250.582000000003
2013-11-28 00:00:00,2085.6220000000003
2013-11-28 00:30:00,1931.3659999999975
2013-11-28 01:00:00,1870.9539999999952
2013-11-28 01:30:00,1817.774
2013-11-28 02:00:00,1776.1900000000003
2013-11-28 02:30:00,1723.209999999995
2013-11-28 03:00:00,1698.4039999999945
2013-11-28 03:30:00,1713.6000000000051
2013-11-28 04:00:00,1738.2519999999986
2013-11-28 04:30:00,1852.4339999999968
2013-11-28 05:00:00,2018.8900000000021
2013-11-28 05:30:00,2293.3579999999934
2013-11-28 06:00:00,2570.7059999999997
2013-11-28 06:30:00,2890.5140000000024
2013-11-28 07:00:00,3053.174000000002
2013-11-28 07:30:00,2972.2900000000022
2013-11-28 08:00:00,2811.0559999999946
2013-11-28 08:30:00,2672.561999999991
2013-11-28 09:00:00,2662.288000000002
2013-11-28 09:30:00,2594.334
2013-11-28 10:00:00,2559.484000000007
2013-11-28 10:30:00,2604.988000000001
2013-11-28 11:00:00,2687.146000000004
2013-11-28 11:30:00,2716.0540000000065
2013-11-28 12:00:00,2734.6299999999987
2013-11-28 12:30:00,2794.2240000000056
2013-11-28 13:00:00,2899.059999999991
2013-11-28 13:30:00,2978.7860000000037
2013-11-28 14:00:00,3107.786000000012
2013-11-28 14:30:00,3327.713999999995
2013-11-28 15:00:00,3719.1220000000035
2013-11-28 15:30:00,3958.972000000001
2013-11-28 16:00:00,4295.821999999996
2013-11-28 16:30:00,4530.027999999987
2013-11-28 17:00:00,4829.832000000007
2013-11-28 17:30:00,4974.098000000006
2013-11-28 18:00:00,5051.299999999997
2013-11-28 18:30:00,4995.618000000008
2013-11-28 19:00:00,5033.857999999997
2013-11-28 19:30:00,5179.301999999998
2013-11-28 20:00:00,5073.548
2013-11-28 20:30:00,4762.287999999994
2013-11-28 21:00:00,4400.004000000014
2013-11-28 21:30:00,4075.3099999999995
2013-11-28 22:00:00,3658.894000000003
2013-11-28 22:30:00,3269.922000000002
2013-11-28 23:00:00,2916.6019999999958
2013-11-28 23:30:00,2611.920000000007
2013-11-29 00:00:00,2412.0379999999914
2013-11-29 00:30:00,2250.6759999999967
2013-11-29 01:00:00,2164.4500000000057
2013-11-29 01:30:00,2066.0399999999977
2013-11-29 02:00:00,2003.6099999999976
2013-11-29 02:30:00,1969.2699999999984
2013-11-29 03:00:00,1930.2699999999977
2013-11-29 03:30:00,1951.1360000000057
2013-11-29 04:00:00,1954.359999999993
2013-11-29 04:30:00,2034.2179999999992
2013-11-29 05:00:00,2154.8700000000035
2013-11-29 05:30:00,2394.475999999998
2013-11-29 06:00:00,2659.9899999999984
2013-11-29 06:30:00,3047.7100000000046
2013-11-29 07:00:00,3301.395999999997
2013-11-29 07:30:00,3258.520000000003
2013-11-29 08:00:00,3090.310000000004
2013-11-29 08:30:00,2987.812000000009
2013-11-29 09:00:00,3016.776000000003
2013-11-29 09:30:00,2924.5319999999965
2013-11-29 10:00:00,2863.4219999999914
2013-11-29 10:30:00,2829.740000000001
2013-11-29 11:00:00,2828.719999999999
2013-11-29 11:30:00,2910.5960000000086
2013-11-29 12:00:00,2910.571999999996
2013-11-29 12:30:00,2868.6820000000034
2013-11-29 13:00:00,2781.885999999991
2013-11-29 13:30:00,2742.286000000002
2013-11-29 14:00:00,2778.8819999999987
2013-11-29 14:30:00,2884.160000000001
2013-11-29 15:00:00,3031.7740000000013
2013-11-29 15:30:00,3196.449999999995
2013-11-29 16:00:00,3411.0039999999963
2013-11-29 16:30:00,3656.80799999999
2013-11-29 17:00:00,3866.8499999999894
2013-11-29 17:30:00,4097.222000000009
2013-11-29 18:00:00,4123.694
2013-11-29 18:30:00,4141.240000000006
2013-11-29 19:00:00,4096.384000000009
2013-11-29 19:30:00,4072.6719999999955
2013-11-29 20:00:00,4023.5879999999897
2013-11-29 20:30:00,3839.3239999999964
2013-11-29 21:00:00,3629.224000000008
2013-11-29 21:30:00,3398.4560000000106
2013-11-29 22:00:00,3147.3539999999934
2013-11-29 22:30:00,2810.8239999999932
2013-11-29 23:00:00,2609.542000000006
2013-11-29 23:30:00,2419.357999999994
2013-11-30 00:00:00,2225.5179999999996
2013-11-30 00:30:00,2083.13799999999
2013-11-30 01:00:00,1940.3779999999947
2013-11-30 01:30:00,1866.8560000000045
2013-11-30 02:00:00,1802.8799999999922
2013-11-30 02:30:00,1780.8699999999924
2013-11-30 03:00:00,1726.4520000000002
2013-11-30 03:30:00,1714.923999999998
2013-11-30 04:00:00,1713.8760000000052
2013-11-30 04:30:00,1738.6080000000031
2013-11-30 05:00:00,1829.9359999999963
2013-11-30 05:30:00,1977.1400000000012
2013-11-30 06:00:00,2165.539999999994
2013-11-30 06:30:00,2466.1560000000018
2013-11-30 07:00:00,2753.903999999989
2013-11-30 07:30:00,3022.7819999999965
2013-11-30 08:00:00,3177.091999999995
2013-11-30 08:30:00,3284.633999999992
2013-11-30 09:00:00,3413.7759999999953
2013-11-30 09:30:00,3387.7239999999897
2013-11-30 10:00:00,3277.451999999995
2013-11-30 10:30:00,3243.7920000000063
2013-11-30 11:00:00,3282.479999999999
2013-11-30 11:30:00,3301.3460000000027
2013-11-30 12:00:00,3283.973999999997
2013-11-30 12:30:00,3143.1200000000035
2013-11-30 13:00:00,3087.794000000001
2013-11-30 13:30:00,3093.8139999999908
2013-11-30 14:00:00,3092.031999999999
2013-11-30 14:30:00,3061.0980000000022
2013-11-30 15:00:00,3070.455999999996
2013-11-30 15:30:00,3131.464000000005
2013-11-30 16:00:00,3221.016000000009
2013-11-30 16:30:00,3373.6560000000086
2013-11-30 17:00:00,3616.8360000000034
2013-11-30 17:30:00,3735.6160000000064
2013-11-30 18:00:00,3825.7260000000047
2013-11-30 18:30:00,3776.542000000004
2013-11-30 19:00:00,3709.2060000000133
2013-11-30 19:30:00,3812.6599999999958
2013-11-30 20:00:00,3788.1219999999917
2013-11-30 20:30:00,3714.1380000000063
2013-11-30 21:00:00,3626.049999999992
2013-11-30 21:30:00,3379.0400000000086
2013-11-30 22:00:00,3175.4620000000027
2013-11-30 22:30:00,2930.134000000004
2013-11-30 23:00:00,2652.5399999999945
2013-11-30 23:30:00,2434.299999999999
2013-12-01 00:00:00,2254.3439999999973
2013-12-01 00:30:00,2097.5300000000016
2013-12-01 01:00:00,2015.0660000000041
2013-12-01 01:30:00,1955.9499999999966
2013-12-01 02:00:00,1889.312
2013-12-01 02:30:00,1794.2620000000034
2013-12-01 03:00:00,1760.0200000000032
2013-12-01 03:30:00,1731.406
2013-12-01 04:00:00,1683.8380000000025
2013-12-01 04:30:00,1730.273999999998
2013-12-01 05:00:00,1814.6139999999964
2013-12-01 05:30:00,1885.840000000003
2013-12-01 06:00:00,2033.5300000000004
2013-12-01 06:30:00,2285.9540000000015
2013-12-01 07:00:00,2572.025999999999
2013-12-01 07:30:00,2861.99
2013-12-01 08:00:00,3143.058000000004
2013-12-01 08:30:00,3259.56
2013-12-01 09:00:00,3272.3459999999986
2013-12-01 09:30:00,3284.4579999999896
2013-12-01 10:00:00,3289.9539999999997
2013-12-01 10:30:00,3244.783999999992
2013-12-01 11:00:00,3241.730000000008
2013-12-01 11:30:00,3355.6679999999947
2013-12-01 12:00:00,3329.117999999995
2013-12-01 12:30:00,3232.8380000000025
2013-12-01 13:00:00,3215.9619999999986
2013-12-01 13:30:00,3154.1880000000083
2013-12-01 14:00:00,3104.900000000009
2013-12-01 14:30:00,3124.607999999992
2013-12-01 15:00:00,3130.936000000003
2013-12-01 15:30:00,3255.500000000009
2013-12-01 16:00:00,3453.4099999999917
2013-12-01 16:30:00,3580.2040000000006
2013-12-01 17:00:00,3781.4780000000073
2013-12-01 17:30:00,3974.5900000000024
2013-12-01 18:00:00,4147.279999999992
2013-12-01 18:30:00,4122.2260000000015
2013-12-01 19:00:00,4237.5240000000085
2013-12-01 19:30:00,4387.38600000001
2013-12-01 20:00:00,4358.063999999998
2013-12-01 20:30:00,4113.289999999998
2013-12-01 21:00:00,3768.6339999999914
2013-12-01 21:30:00,3445.4920000000043
2013-12-01 22:00:00,3128.931999999994
2013-12-01 22:30:00,2839.5479999999925
2013-12-01 23:00:00,2442.3299999999977
2013-12-01 23:30:00,2269.3340000000007
2013-12-02 00:00:00,2092.519999999997
2013-12-02 00:30:00,1999.9280000000035
2013-12-02 01:00:00,1864.092000000002
2013-12-02 01:30:00,1832.2100000000019
2013-12-02 02:00:00,1788.6560000000015
2013-12-02 02:30:00,1752.2499999999966
2013-12-02 03:00:00,1716.2940000000012
2013-12-02 03:30:00,1721.0660000000028
2013-12-02 04:00:00,1746.2260000000017
2013-12-02 04:30:00,1809.615999999994
2013-12-02 05:00:00,2017.9440000000013
2013-12-02 05:30:00,2245.7400000000052
2013-12-02 06:00:00,2525.513999999993
2013-12-02 06:30:00,2928.244000000001
2013-12-02 07:00:00,3077.2919999999976
2013-12-02 07:30:00,2979.336000000003
2013-12-02 08:00:00,2861.612000000006
2013-12-02 08:30:00,2721.9360000000006
2013-12-02 09:00:00,2621.4999999999864
2013-12-02 09:30:00,2638.7180000000017
2013-12-02 10:00:00,2592.780000000004
2013-12-02 10:30:00,2613.382000000001
2013-12-02 11:00:00,2658.4139999999907
2013-12-02 11:30:00,2690.8640000000137
2013-12-02 12:00:00,2693.335999999989
2013-12-02 12:30:00,2635.3560000000016
2013-12-02 13:00:00,2617.6059999999843
2013-12-02 13:30:00,2535.913999999995
2013-12-02 14:00:00,2522.348000000006
2013-12-02 14:30:00,2643.934
2013-12-02 15:00:00,2849.892000000005
2013-12-02 15:30:00,3034.0259999999985
2013-12-02 16:00:00,3255.330000000003
2013-12-02 16:30:00,3554.082000000008
2013-12-02 17:00:00,3889.4159999999797
2013-12-02 17:30:00,4155.703999999996
2013-12-02 18:00:00,4251.753999999991
2013-12-02 18:30:00,4177.111999999997
2013-12-02 19:00:00,4273.895999999992
2013-12-02 19:30:00,4393.341999999999
2013-12-02 20:00:00,4338.790000000002
2013-12-02 20:30:00,4123.468000000004
2013-12-02 21:00:00,3875.31400000001
2013-12-02 21:30:00,3513.2400000000152
2013-12-02 22:00:00,3149.7800000000007
2013-12-02 22:30:00,2808.307999999995
2013-12-02 23:00:00,2462.382
2013-12-02 23:30:00,2235.660000000007
2013-12-03 00:00:00,2051.3519999999953
2013-12-03 00:30:00,1955.1200000000017
2013-12-03 01:00:00,1880.6859999999995
2013-12-03 01:30:00,1825.5180000000018
2013-12-03 02:00:00,1774.2339999999963
2013-12-03 02:30:00,1737.0339999999985
2013-12-03 03:00:00,1717.8159999999984
2013-12-03 03:30:00,1746.849999999993
2013-12-03 04:00:00,1764.515999999997
2013-12-03 04:30:00,1845.0740000000012
2013-12-03 05:00:00,1998.358000000002
2013-12-03 05:30:00,2214.0419999999967
2013-12-03 06:00:00,2531.0500000000097
2013-12-03 06:30:00,2950.0279999999957
2013-12-03 07:00:00,2994.918000000009
2013-12-03 07:30:00,2963.9579999999883
2013-12-03 08:00:00,2894.9100000000094
2013-12-03 08:30:00,2783.7759999999935
2013-12-03 09:00:00,2670.8399999999956
2013-12-03 09:30:00,2686.765999999992
2013-12-03 10:00:00,2629.8280000000095
2013-12-03 10:30:00,2612.1299999999965
2013-12-03 11:00:00,2632.3739999999975
2013-12-03 11:30:00,2659.0359999999964
2013-12-03 12:00:00,2639.1800000000017
2013-12-03 12:30:00,2663.1420000000016
2013-12-03 13:00:00,2658.4560000000065
2013-12-03 13:30:00,2656.4379999999965
2013-12-03 14:00:00,2710.666000000004
2013-12-03 14:30:00,2772.443999999998
2013-12-03 15:00:00,2921.4620000000023
2013-12-03 15:30:00,3101.3599999999974
2013-12-03 16:00:00,3401.3800000000037
2013-12-03 16:30:00,3687.916000000007
2013-12-03 17:00:00,3992.6599999999953
2013-12-03 17:30:00,4219.780000000005
2013-12-03 18:00:00,4281.398000000002
2013-12-03 18:30:00,4279.778000000004
2013-12-03 19:00:00,4315.873999999985
2013-12-03 19:30:00,4501.152000000009
2013-12-03 20:00:00,4510.5099999999975
2013-12-03 20:30:00,4298.244000000011
2013-12-03 21:00:00,3954.4220000000105
2013-12-03 21:30:00,3632.5039999999976
2013-12-03 22:00:00,3213.6240000000003
2013-12-03 22:30:00,2865.465999999998
2013-12-03 23:00:00,2548.6520000000023
2013-12-03 23:30:00,2333.4380000000033
2013-12-04 00:00:00,2147.452
2013-12-04 00:30:00,1999.587999999996
2013-12-04 01:00:00,1905.029999999996
2013-12-04 01:30:00,1833.2660000000008
2013-12-04 02:00:00,1789.8880000000001
2013-12-04 02:30:00,1767.4279999999978
2013-12-04 03:00:00,1735.703999999995
2013-12-04 03:30:00,1739.222000000004
2013-12-04 04:00:00,1783.3720000000048
2013-12-04 04:30:00,1859.807999999995
2013-12-04 05:00:00,2033.3680000000063
2013-12-04 05:30:00,2285.191999999999
2013-12-04 06:00:00,2561.0479999999984
2013-12-04 06:30:00,2885.185999999993
2013-12-04 07:00:00,3072.437999999995
2013-12-04 07:30:00,3041.506
2013-12-04 08:00:00,2778.392000000005
2013-12-04 08:30:00,2682.379999999987
2013-12-04 09:00:00,2642.368000000001
2013-12-04 09:30:00,2599.8059999999987
2013-12-04 10:00:00,2598.1419999999935
2013-12-04 10:30:00,2705.4420000000014
2013-12-04 11:00:00,2732.302000000002
2013-12-04 11:30:00,2813.206000000005
2013-12-04 12:00:00,2915.3360000000075
2013-12-04 12:30:00,2980.0860000000025
2013-12-04 13:00:00,3062.6539999999995
2013-12-04 13:30:00,3248.4219999999978
2013-12-04 14:00:00,3362.2399999999975
2013-12-04 14:30:00,3583.054000000007
2013-12-04 15:00:00,3864.776000000001
2013-12-04 15:30:00,4120.715999999992
2013-12-04 16:00:00,4396.389999999998
2013-12-04 16:30:00,4796.525999999998
2013-12-04 17:00:00,5169.819999999994
2013-12-04 17:30:00,5376.874000000006
2013-12-04 18:00:00,5604.523999999998
2013-12-04 18:30:00,5554.572000000003
2013-12-04 19:00:00,5450.022000000001
2013-12-04 19:30:00,5488.932000000015
2013-12-04 20:00:00,5444.202000000009
2013-12-04 20:30:00,5194.736000000001
2013-12-04 21:00:00,4839.541999999992
2013-12-04 21:30:00,4403.148000000003
2013-12-04 22:00:00,3921.0879999999825
2013-12-04 22:30:00,3465.2299999999886
2013-12-04 23:00:00,3023.7540000000013
2013-12-04 23:30:00,2763.231999999996
2013-12-05 00:00:00,2597.531999999987
2013-12-05 00:30:00,2433.2840000000006
2013-12-05 01:00:00,2301.688
2013-12-05 01:30:00,2233.577999999991
2013-12-05 02:00:00,2177.2140000000063
2013-12-05 02:30:00,2128.9379999999987
2013-12-05 03:00:00,2069.803999999998
2013-12-05 03:30:00,2074.472000000004
2013-12-05 04:00:00,2057.5920000000015
2013-12-05 04:30:00,2160.1519999999973
2013-12-05 05:00:00,2295.098000000004
2013-12-05 05:30:00,2467.993999999997
2013-12-05 06:00:00,2686.095999999994
2013-12-05 06:30:00,3060.9639999999954
2013-12-05 07:00:00,3278.0419999999917
2013-12-05 07:30:00,3226.124000000008
2013-12-05 08:00:00,3054.416000000002
2013-12-05 08:30:00,2921.007999999999
2013-12-05 09:00:00,2880.3379999999966
2013-12-05 09:30:00,2867.4580000000046
2013-12-05 10:00:00,2818.9039999999986
2013-12-05 10:30:00,2795.0300000000047
2013-12-05 11:00:00,2799.794000000012
2013-12-05 11:30:00,2837.2420000000047
2013-12-05 12:00:00,2798.6100000000015
2013-12-05 12:30:00,2835.306000000001
2013-12-05 13:00:00,2773.676000000001
2013-12-05 13:30:00,2741.4239999999995
2013-12-05 14:00:00,2698.0979999999977
2013-12-05 14:30:00,2697.3599999999983
2013-12-05 15:00:00,2898.43800000001
2013-12-05 15:30:00,2983.120000000007
2013-12-05 16:00:00,3058.9039999999995
2013-12-05 16:30:00,3304.3599999999997
2013-12-05 17:00:00,3565.620000000008
2013-12-05 17:30:00,3701.4379999999965
2013-12-05 18:00:00,3788.6479999999974
2013-12-05 18:30:00,3891.172
2013-12-05 19:00:00,3900.46
2013-12-05 19:30:00,4098.306000000002
2013-12-05 20:00:00,4117.9740000000065
2013-12-05 20:30:00,3951.0860000000175
2013-12-05 21:00:00,3759.8959999999925
2013-12-05 21:30:00,3470.4780000000114
2013-12-05 22:00:00,3100.2500000000005
2013-12-05 22:30:00,2782.082
2013-12-05 23:00:00,2458.3420000000006
2013-12-05 23:30:00,2223.8699999999976
2013-12-06 00:00:00,2048.871999999993
2013-12-06 00:30:00,1933.2440000000038
2013-12-06 01:00:00,1858.6940000000013
2013-12-06 01:30:00,1798.9140000000025
2013-12-06 02:00:00,1730.2979999999977
2013-12-06 02:30:00,1721.9639999999986
2013-12-06 03:00:00,1667.3060000000012
2013-12-06 03:30:00,1712.054
2013-12-06 04:00:00,1722.9300000000032
2013-12-06 04:30:00,1863.611999999994
2013-12-06 05:00:00,2044.4139999999948
2013-12-06 05:30:00,2215.8879999999904
2013-12-06 06:00:00,2479.92199999999
2013-12-06 06:30:00,2865.568000000013
2013-12-06 07:00:00,3091.7399999999952
2013-12-06 07:30:00,3052.240000000002
2013-12-06 08:00:00,2928.304000000011
2013-12-06 08:30:00,2743.5939999999923
2013-12-06 09:00:00,2722.9279999999962
2013-12-06 09:30:00,2590.6199999999903
2013-12-06 10:00:00,2556.4819999999945
2013-12-06 10:30:00,2607.9759999999906
2013-12-06 11:00:00,2571.801999999997
2013-12-06 11:30:00,2582.71
2013-12-06 12:00:00,2651.434000000003
2013-12-06 12:30:00,2589.3339999999885
2013-12-06 13:00:00,2528.379999999997
2013-12-06 13:30:00,2563.6460000000097
2013-12-06 14:00:00,2494.7260000000033
2013-12-06 14:30:00,2526.9179999999997
2013-12-06 15:00:00,2657.873999999995
2013-12-06 15:30:00,2781.059999999999
2013-12-06 16:00:00,2906.492000000007
2013-12-06 16:30:00,3097.039999999997
2013-12-06 17:00:00,3313.049999999998
2013-12-06 17:30:00,3481.3099999999954
2013-12-06 18:00:00,3558.2500000000055
2013-12-06 18:30:00,3704.462000000012
2013-12-06 19:00:00,3763.376
2013-12-06 19:30:00,3907.0980000000127
2013-12-06 20:00:00,3934.370000000009
2013-12-06 20:30:00,3760.351999999994
2013-12-06 21:00:00,3624.4880000000026
2013-12-06 21:30:00,3359.6639999999975
2013-12-06 22:00:00,3132.728000000002
2013-12-06 22:30:00,2841.460000000003
2013-12-06 23:00:00,2595.0799999999945
2013-12-06 23:30:00,2395.775999999994
2013-12-07 00:00:00,2217.2719999999936
2013-12-07 00:30:00,2075.8759999999947
2013-12-07 01:00:00,1943.1579999999963
2013-12-07 01:30:00,1853.6060000000002
2013-12-07 02:00:00,1799.569999999998
2013-12-07 02:30:00,1749.3839999999952
2013-12-07 03:00:00,1725.404000000004
2013-12-07 03:30:00,1695.976000000002
2013-12-07 04:00:00,1694.365999999998
2013-12-07 04:30:00,1726.1179999999988
2013-12-07 05:00:00,1852.5820000000033
2013-12-07 05:30:00,1952.1020000000005
2013-12-07 06:00:00,2131.9879999999926
2013-12-07 06:30:00,2394.9839999999976
2013-12-07 07:00:00,2683.468000000003
2013-12-07 07:30:00,2897.156000000002
2013-12-07 08:00:00,2984.3340000000007
2013-12-07 08:30:00,3111.6319999999937
2013-12-07 09:00:00,3095.2679999999996
2013-12-07 09:30:00,3105.8940000000052
2013-12-07 10:00:00,3043.9279999999962
2013-12-07 10:30:00,3112.1360000000054
2013-12-07 11:00:00,3113.3499999999976
2013-12-07 11:30:00,3146.5780000000004
2013-12-07 12:00:00,3133.1239999999984
2013-12-07 12:30:00,3154.170000000003
2013-12-07 13:00:00,3105.598000000002
2013-12-07 13:30:00,3043.442000000007
2013-12-07 14:00:00,3076.2939999999994
2013-12-07 14:30:00,3071.099999999996
2013-12-07 15:00:00,3182.689999999992
2013-12-07 15:30:00,3237.985999999999
2013-12-07 16:00:00,3439.027999999996
2013-12-07 16:30:00,3539.727999999987
2013-12-07 17:00:00,3748.8559999999957
2013-12-07 17:30:00,3838.634000000017
2013-12-07 18:00:00,3847.043999999999
2013-12-07 18:30:00,3799.271999999995
2013-12-07 19:00:00,3791.6479999999938
2013-12-07 19:30:00,3869.5220000000095
2013-12-07 20:00:00,3890.0740000000114
2013-12-07 20:30:00,3732.607999999999
2013-12-07 21:00:00,3597.3839999999927
2013-12-07 21:30:00,3444.4919999999993
2013-12-07 22:00:00,3190.391999999996
2013-12-07 22:30:00,2953.59599999999
2013-12-07 23:00:00,2683.488000000001
2013-12-07 23:30:00,2463.871999999993
2013-12-08 00:00:00,2300.7319999999954
2013-12-08 00:30:00,2137.675999999996
2013-12-08 01:00:00,1999.3539999999962
2013-12-08 01:30:00,1935.3479999999997
2013-12-08 02:00:00,1873.8160000000023
2013-12-08 02:30:00,1815.9380000000046
2013-12-08 03:00:00,1732.9199999999994
2013-12-08 03:30:00,1731.8060000000053
2013-12-08 04:00:00,1710.592000000005
2013-12-08 04:30:00,1737.255999999998
2013-12-08 05:00:00,1803.9240000000007
2013-12-08 05:30:00,1842.9039999999914
2013-12-08 06:00:00,2029.1380000000047
2013-12-08 06:30:00,2250.0579999999977
2013-12-08 07:00:00,2502.226000000008
2013-12-08 07:30:00,2816.275999999997
2013-12-08 08:00:00,3097.7460000000024
2013-12-08 08:30:00,3214.4319999999907
2013-12-08 09:00:00,3211.629999999999
2013-12-08 09:30:00,3239.5479999999948
2013-12-08 10:00:00,3232.2119999999986
2013-12-08 10:30:00,3266.14999999999
2013-12-08 11:00:00,3250.6440000000052
2013-12-08 11:30:00,3327.0880000000025
2013-12-08 12:00:00,3384.47
2013-12-08 12:30:00,3370.0439999999894
2013-12-08 13:00:00,3431.176
2013-12-08 13:30:00,3452.6420000000003
2013-12-08 14:00:00,3551.239999999997
2013-12-08 14:30:00,3626.3860000000045
2013-12-08 15:00:00,3696.961999999996
2013-12-08 15:30:00,3911.1940000000054
2013-12-08 16:00:00,4107.996000000006
2013-12-08 16:30:00,4332.020000000009
2013-12-08 17:00:00,4594.308000000013
2013-12-08 17:30:00,4726.042000000006
2013-12-08 18:00:00,4841.257999999996
2013-12-08 18:30:00,4833.743999999999
2013-12-08 19:00:00,4788.077999999995
2013-12-08 19:30:00,4781.024000000012
2013-12-08 20:00:00,4824.274000000006
2013-12-08 20:30:00,4554.699999999993
2013-12-08 21:00:00,4227.137999999997
2013-12-08 21:30:00,3890.1900000000032
2013-12-08 22:00:00,3490.7960000000035
2013-12-08 22:30:00,3061.815999999997
2013-12-08 23:00:00,2749.070000000004
2013-12-08 23:30:00,2485.992000000007
2013-12-09 00:00:00,2312.809999999999
2013-12-09 00:30:00,2173.554
2013-12-09 01:00:00,2087.736
2013-12-09 01:30:00,1974.3980000000004
2013-12-09 02:00:00,1921.9279999999978
2013-12-09 02:30:00,1853.3699999999997
2013-12-09 03:00:00,1838.3539999999975
2013-12-09 03:30:00,1853.420000000001
2013-12-09 04:00:00,1871.459999999994
2013-12-09 04:30:00,1946.555999999996
2013-12-09 05:00:00,2090.750000000007
2013-12-09 05:30:00,2254.358000000005
2013-12-09 06:00:00,2503.9819999999954
2013-12-09 06:30:00,2836.254000000006
2013-12-09 07:00:00,3037.085999999997
2013-12-09 07:30:00,2990.9319999999907
2013-12-09 08:00:00,2834.368000000007
2013-12-09 08:30:00,2801.044000000003
2013-12-09 09:00:00,2804.594000000011
2013-12-09 09:30:00,2828.6379999999976
2013-12-09 10:00:00,2907.4819999999936
2013-12-09 10:30:00,3041.9420000000023
2013-12-09 11:00:00,3167.1559999999945
2013-12-09 11:30:00,3342.121999999984
2013-12-09 12:00:00,3519.5699999999924
2013-12-09 12:30:00,3707.8559999999907
2013-12-09 13:00:00,3830.7279999999964
2013-12-09 13:30:00,4105.256000000006
2013-12-09 14:00:00,4402.429999999991
2013-12-09 14:30:00,4643.068000000001
2013-12-09 15:00:00,5053.969999999998
2013-12-09 15:30:00,5370.462000000001
2013-12-09 16:00:00,5643.412000000016
2013-12-09 16:30:00,5955.868000000014
2013-12-09 17:00:00,6265.382000000017
2013-12-09 17:30:00,6545.6480000000165
2013-12-09 18:00:00,6629.762000000002
2013-12-09 18:30:00,6623.92
2013-12-09 19:00:00,6450.225999999989
2013-12-09 19:30:00,6300.512
2013-12-09 20:00:00,6168.406000000022
2013-12-09 20:30:00,5813.715999999972
2013-12-09 21:00:00,5378.003999999993
2013-12-09 21:30:00,4881.167999999997
2013-12-09 22:00:00,4354.314000000005
2013-12-09 22:30:00,3858.4820000000095
2013-12-09 23:00:00,3403.615999999986
2013-12-09 23:30:00,3073.2559999999985
2013-12-10 00:00:00,2916.5780000000063
2013-12-10 00:30:00,2760.9119999999934
2013-12-10 01:00:00,2625.504000000005
2013-12-10 01:30:00,2522.598000000002
2013-12-10 02:00:00,2436.6520000000055
2013-12-10 02:30:00,2342.825999999999
2013-12-10 03:00:00,2281.6200000000053
2013-12-10 03:30:00,2268.861999999999
2013-12-10 04:00:00,2274.988000000006
2013-12-10 04:30:00,2338.869999999994
2013-12-10 05:00:00,2453.9780000000073
2013-12-10 05:30:00,2573.1199999999894
2013-12-10 06:00:00,2815.1540000000086
2013-12-10 06:30:00,3090.7800000000097
2013-12-10 07:00:00,3317.689999999991
2013-12-10 07:30:00,3339.947999999994
2013-12-10 08:00:00,3217.7399999999952
2013-12-10 08:30:00,3104.699999999996
2013-12-10 09:00:00,3237.7900000000054
2013-12-10 09:30:00,3381.7999999999834
2013-12-10 10:00:00,3567.4900000000016
2013-12-10 10:30:00,3790.785999999992
2013-12-10 11:00:00,3897.2160000000017
2013-12-10 11:30:00,4121.538
2013-12-10 12:00:00,4314.35399999999
2013-12-10 12:30:00,4500.298000000003
2013-12-10 13:00:00,4577.900000000001
2013-12-10 13:30:00,4745.818000000005
2013-12-10 14:00:00,4867.423999999992
2013-12-10 14:30:00,5008.395999999978
2013-12-10 15:00:00,5429.5499999999865
2013-12-10 15:30:00,5712.083999999998
2013-12-10 16:00:00,6050.213999999989
2013-12-10 16:30:00,6404.545999999996
2013-12-10 17:00:00,6791.58600000002
2013-12-10 17:30:00,6963.943999999998
2013-12-10 18:00:00,7062.511999999972
2013-12-10 18:30:00,6902.93
2013-12-10 19:00:00,6709.513999999998
2013-12-10 19:30:00,6638.706000000002
2013-12-10 20:00:00,6483.628000000008
2013-12-10 20:30:00,6155.996000000031
2013-12-10 21:00:00,5681.040000000007
2013-12-10 21:30:00,5166.530000000021
2013-12-10 22:00:00,4541.007999999993
2013-12-10 22:30:00,3987.0699999999956
2013-12-10 23:00:00,3467.858000000001
2013-12-10 23:30:00,3104.4839999999917
2013-12-11 00:00:00,2859.6579999999976
2013-12-11 00:30:00,2688.316000000006
2013-12-11 01:00:00,2513.5599999999986
2013-12-11 01:30:00,2411.7079999999924
2013-12-11 02:00:00,2346.690000000006
2013-12-11 02:30:00,2271.750000000002
2013-12-11 03:00:00,2198.722000000002
2013-12-11 03:30:00,2204.289999999993
2013-12-11 04:00:00,2159.7499999999986
2013-12-11 04:30:00,2215.4400000000046
2013-12-11 05:00:00,2348.7700000000004
2013-12-11 05:30:00,2515.3680000000018
2013-12-11 06:00:00,2730.306000000004
2013-12-11 06:30:00,2992.500000000007
2013-12-11 07:00:00,3249.9420000000036
2013-12-11 07:30:00,3119.5899999999933
2013-12-11 08:00:00,3104.0280000000002
2013-12-11 08:30:00,2993.9839999999895
2013-12-11 09:00:00,2912.737999999992
2013-12-11 09:30:00,2930.490000000001
2013-12-11 10:00:00,2920.5539999999937
2013-12-11 10:30:00,2975.866000000007
2013-12-11 11:00:00,3018.1820000000016
2013-12-11 11:30:00,3074.909999999994
2013-12-11 12:00:00,3171.116000000001
2013-12-11 12:30:00,3234.5040000000035
2013-12-11 13:00:00,3310.24
2013-12-11 13:30:00,3360.7480000000032
2013-12-11 14:00:00,3511.4280000000003
2013-12-11 14:30:00,3682.203999999988
2013-12-11 15:00:00,3952.4759999999874
2013-12-11 15:30:00,4224.155999999998
2013-12-11 16:00:00,4410.14400000002
2013-12-11 16:30:00,4715.961999999983
2013-12-11 17:00:00,4891.863999999997
2013-12-11 17:30:00,5105.187999999996
2013-12-11 18:00:00,5165.998
2013-12-11 18:30:00,5106.908000000007
2013-12-11 19:00:00,5030.212
2013-12-11 19:30:00,5084.761999999991
2013-12-11 20:00:00,5115.437999999979
2013-12-11 20:30:00,4922.813999999991
2013-12-11 21:00:00,4636.727999999986
2013-12-11 21:30:00,4337.278000000013
2013-12-11 22:00:00,3892.0919999999946
2013-12-11 22:30:00,3458.6859999999947
2013-12-11 23:00:00,3048.1259999999957
2013-12-11 23:30:00,2760.5759999999964
2013-12-12 00:00:00,2563.5020000000054
2013-12-12 00:30:00,2424.449999999995
2013-12-12 01:00:00,2303.005999999998
2013-12-12 01:30:00,2197.8819999999996
2013-12-12 02:00:00,2124.053999999999
2013-12-12 02:30:00,2061.9640000000004
2013-12-12 03:00:00,2045.7620000000013
2013-12-12 03:30:00,2021.8900000000049
2013-12-12 04:00:00,2045.4440000000002
2013-12-12 04:30:00,2124.694
2013-12-12 05:00:00,2216.0560000000096
2013-12-12 05:30:00,2401.4580000000005
2013-12-12 06:00:00,2639.5280000000034
2013-12-12 06:30:00,2897.6400000000117
2013-12-12 07:00:00,3071.5919999999996
2013-12-12 07:30:00,3081.56
2013-12-12 08:00:00,2924.3360000000057
2013-12-12 08:30:00,2877.1760000000017
2013-12-12 09:00:00,2786.897999999997
2013-12-12 09:30:00,2819.4480000000044
2013-12-12 10:00:00,2840.5280000000093
2013-12-12 10:30:00,2921.8039999999955
2013-12-12 11:00:00,2989.1139999999946
2013-12-12 11:30:00,3011.1639999999934
2013-12-12 12:00:00,3118.5739999999964
2013-12-12 12:30:00,3182.8059999999923
2013-12-12 13:00:00,3178.971999999998
2013-12-12 13:30:00,3142.3119999999994
2013-12-12 14:00:00,3173.948000000002
2013-12-12 14:30:00,3309.9680000000076
2013-12-12 15:00:00,3556.4239999999963
2013-12-12 15:30:00,3754.090000000005
2013-12-12 16:00:00,3999.1960000000004
2013-12-12 16:30:00,4189.4640000000145
2013-12-12 17:00:00,4341.664000000013
2013-12-12 17:30:00,4565.027999999998
2013-12-12 18:00:00,4608.012000000013
2013-12-12 18:30:00,4518.561999999998
2013-12-12 19:00:00,4383.342000000007
2013-12-12 19:30:00,4553.486000000001
2013-12-12 20:00:00,4624.604000000008
2013-12-12 20:30:00,4506.398
2013-12-12 21:00:00,4326.36599999999
2013-12-12 21:30:00,3994.012
2013-12-12 22:00:00,3661.0280000000052
2013-12-12 22:30:00,3261.9480000000017
2013-12-12 23:00:00,2872.218
2013-12-12 23:30:00,2563.976000000005
2013-12-13 00:00:00,2388.6280000000006
2013-12-13 00:30:00,2241.6159999999904
2013-12-13 01:00:00,2136.7800000000016
2013-12-13 01:30:00,2035.5119999999995
2013-12-13 02:00:00,2014.8060000000025
2013-12-13 02:30:00,1964.9099999999987
2013-12-13 03:00:00,1938.8460000000034
2013-12-13 03:30:00,1899.9179999999992
2013-12-13 04:00:00,1903.309999999998
2013-12-13 04:30:00,2017.7980000000052
2013-12-13 05:00:00,2140.035999999999
2013-12-13 05:30:00,2259.2819999999865
2013-12-13 06:00:00,2502.6959999999954
2013-12-13 06:30:00,2820.8920000000103
2013-12-13 07:00:00,3060.4680000000017
2013-12-13 07:30:00,3041.904000000003
2013-12-13 08:00:00,2929.552000000003
2013-12-13 08:30:00,2850.8940000000043
2013-12-13 09:00:00,2875.229999999992
2013-12-13 09:30:00,2874.562000000002
2013-12-13 10:00:00,2891.391999999998
2013-12-13 10:30:00,3002.154000000008
2013-12-13 11:00:00,3141.1819999999952
2013-12-13 11:30:00,3325.228000000017
2013-12-13 12:00:00,3430.0480000000016
2013-12-13 12:30:00,3595.808000000003
2013-12-13 13:00:00,3660.697999999991
2013-12-13 13:30:00,3809.0639999999976
2013-12-13 14:00:00,3906.0019999999968
2013-12-13 14:30:00,4033.9320000000043
2013-12-13 15:00:00,4259.448000000011
2013-12-13 15:30:00,4435.961999999997
2013-12-13 16:00:00,4566.901999999999
2013-12-13 16:30:00,4770.788000000007
2013-12-13 17:00:00,4930.21
2013-12-13 17:30:00,4980.397999999995
2013-12-13 18:00:00,4971.8440000000055
2013-12-13 18:30:00,4871.417999999982
2013-12-13 19:00:00,4783.2860000000155
2013-12-13 19:30:00,4828.6619999999975
2013-12-13 20:00:00,4866.929999999997
2013-12-13 20:30:00,4677.775999999994
2013-12-13 21:00:00,4469.820000000009
2013-12-13 21:30:00,4290.63599999999
2013-12-13 22:00:00,3905.2159999999917
2013-12-13 22:30:00,3560.0000000000064
2013-12-13 23:00:00,3204.0540000000037
2013-12-13 23:30:00,2919.1540000000073
2013-12-14 00:00:00,2717.478
2013-12-14 00:30:00,2524.6959999999954
2013-12-14 01:00:00,2391.3240000000046
2013-12-14 01:30:00,2267.0320000000083
2013-12-14 02:00:00,2168.3619999999964
2013-12-14 02:30:00,2120.215999999998
2013-12-14 03:00:00,2044.3879999999967
2013-12-14 03:30:00,2034.581999999996
2013-12-14 04:00:00,2016.6539999999982
2013-12-14 04:30:00,2033.313999999997
2013-12-14 05:00:00,2100.9000000000065
2013-12-14 05:30:00,2171.442000000001
2013-12-14 06:00:00,2281.5599999999927
2013-12-14 06:30:00,2497.4800000000077
2013-12-14 07:00:00,2801.7020000000016
2013-12-14 07:30:00,3002.9419999999946
2013-12-14 08:00:00,3178.657999999989
2013-12-14 08:30:00,3306.0659999999975
2013-12-14 09:00:00,3336.2479999999937
2013-12-14 09:30:00,3364.33799999999
2013-12-14 10:00:00,3331.6859999999997
2013-12-14 10:30:00,3309.7239999999993
2013-12-14 11:00:00,3343.9039999999995
2013-12-14 11:30:00,3357.8379999999925
2013-12-14 12:00:00,3443.981999999994
2013-12-14 12:30:00,3501.2779999999875
2013-12-14 13:00:00,3520.6399999999844
2013-12-14 13:30:00,3603.578000000002
2013-12-14 14:00:00,3631.649999999997
2013-12-14 14:30:00,3681.1639999999925
2013-12-14 15:00:00,3710.142000000004
2013-12-14 15:30:00,3804.250000000004
2013-12-14 16:00:00,3905.432000000005
2013-12-14 16:30:00,4033.25199999999
2013-12-14 17:00:00,4165.433999999994
2013-12-14 17:30:00,4218.687999999999
2013-12-14 18:00:00,4220.841999999997
2013-12-14 18:30:00,4015.321999999988
2013-12-14 19:00:00,3947.5140000000038
2013-12-14 19:30:00,4017.8060000000028
2013-12-14 20:00:00,4032.8539999999966
2013-12-14 20:30:00,3936.009999999994
2013-12-14 21:00:00,3696.8079999999964
2013-12-14 21:30:00,3525.4640000000068
2013-12-14 22:00:00,3392.095999999992
2013-12-14 22:30:00,3113.5159999999923
2013-12-14 23:00:00,2888.1399999999935
2013-12-14 23:30:00,2625.60600000001
2013-12-15 00:00:00,2470.416000000003
2013-12-15 00:30:00,2280.9159999999993
2013-12-15 01:00:00,2186.726000000002
2013-12-15 01:30:00,2071.1739999999977
2013-12-15 02:00:00,2005.728000000004
2013-12-15 02:30:00,1922.449999999997
2013-12-15 03:00:00,1878.5239999999897
2013-12-15 03:30:00,1853.1719999999934
2013-12-15 04:00:00,1843.218000000001
2013-12-15 04:30:00,1892.252000000002
2013-12-15 05:00:00,1928.2359999999942
2013-12-15 05:30:00,1964.5380000000043
2013-12-15 06:00:00,2072.124000000006
2013-12-15 06:30:00,2277.341999999992
2013-12-15 07:00:00,2591.486000000004
2013-12-15 07:30:00,2833.472000000017
2013-12-15 08:00:00,3017.1660000000006
2013-12-15 08:30:00,3245.4480000000067
2013-12-15 09:00:00,3280.185999999996
2013-12-15 09:30:00,3342.013999999992
2013-12-15 10:00:00,3314.739999999992
2013-12-15 10:30:00,3322.4060000000027
2013-12-15 11:00:00,3345.7300000000077
2013-12-15 11:30:00,3400.0019999999995
2013-12-15 12:00:00,3434.4299999999967
2013-12-15 12:30:00,3415.836000000017
2013-12-15 13:00:00,3535.9499999999985
2013-12-15 13:30:00,3575.639999999997
2013-12-15 14:00:00,3580.223999999992
2013-12-15 14:30:00,3630.118000000004
2013-12-15 15:00:00,3742.949999999997
2013-12-15 15:30:00,3856.0099999999975
2013-12-15 16:00:00,3976.627999999997
2013-12-15 16:30:00,4224.215999999999
2013-12-15 17:00:00,4314.351999999999
2013-12-15 17:30:00,4498.719999999979
2013-12-15 18:00:00,4488.7820000000065
2013-12-15 18:30:00,4452.053999999999
2013-12-15 19:00:00,4434.737999999992
2013-12-15 19:30:00,4503.14
2013-12-15 20:00:00,4536.186000000018
2013-12-15 20:30:00,4347.217999999999
2013-12-15 21:00:00,4084.955999999995
2013-12-15 21:30:00,3772.101999999999
2013-12-15 22:00:00,3433.8959999999947
2013-12-15 22:30:00,3086.221999999994
2013-12-15 23:00:00,2732.8459999999977
2013-12-15 23:30:00,2482.874
2013-12-16 00:00:00,2301.4999999999973
2013-12-16 00:30:00,2148.177999999997
2013-12-16 01:00:00,2035.832000000004
2013-12-16 01:30:00,1999.4300000000007
2013-12-16 02:00:00,1952.7500000000039
2013-12-16 02:30:00,1895.6579999999963
2013-12-16 03:00:00,1886.857999999999
2013-12-16 03:30:00,1869.4959999999905
2013-12-16 04:00:00,1877.89
2013-12-16 04:30:00,1956.2479999999996
2013-12-16 05:00:00,2111.833999999997
2013-12-16 05:30:00,2261.769999999997
2013-12-16 06:00:00,2445.041999999994
2013-12-16 06:30:00,2837.8060000000023
2013-12-16 07:00:00,3055.2619999999874
2013-12-16 07:30:00,3039.621999999997
2013-12-16 08:00:00,2872.389999999997
2013-12-16 08:30:00,2848.6639999999984
2013-12-16 09:00:00,2822.261999999998
2013-12-16 09:30:00,2805.4640000000036
2013-12-16 10:00:00,2743.0000000000005
2013-12-16 10:30:00,2739.4279999999917
2013-12-16 11:00:00,2816.612000000005
2013-12-16 11:30:00,2929.6920000000023
2013-12-16 12:00:00,3019.8479999999977
2013-12-16 12:30:00,3043.654000000013
2013-12-16 13:00:00,3004.377999999983
2013-12-16 13:30:00,3040.006000000009
2013-12-16 14:00:00,3078.4499999999953
2013-12-16 14:30:00,3166.0619999999935
2013-12-16 15:00:00,3315.4039999999954
2013-12-16 15:30:00,3567.4240000000095
2013-12-16 16:00:00,3769.435999999985
2013-12-16 16:30:00,4012.754000000001
2013-12-16 17:00:00,4205.481999999993
2013-12-16 17:30:00,4447.049999999994
2013-12-16 18:00:00,4559.416000000005
2013-12-16 18:30:00,4511.208000000006
2013-12-16 19:00:00,4421.466000000001
2013-12-16 19:30:00,4532.545999999988
2013-12-16 20:00:00,4574.679999999991
2013-12-16 20:30:00,4335.414
2013-12-16 21:00:00,4076.2320000000063
2013-12-16 21:30:00,3745.5479999999948
2013-12-16 22:00:00,3371.9440000000022
2013-12-16 22:30:00,3027.0019999999868
2013-12-16 23:00:00,2678.976000000011
2013-12-16 23:30:00,2431.59200000001
2013-12-17 00:00:00,2238.3520000000067
2013-12-17 00:30:00,2102.531999999998
2013-12-17 01:00:00,1998.3079999999954
2013-12-17 01:30:00,1939.2480000000005
2013-12-17 02:00:00,1903.6699999999983
2013-12-17 02:30:00,1851.9260000000033
2013-12-17 03:00:00,1826.6479999999995
2013-12-17 03:30:00,1809.309999999996
2013-12-17 04:00:00,1827.7820000000036
2013-12-17 04:30:00,1948.409999999997
2013-12-17 05:00:00,2054.0000000000005
2013-12-17 05:30:00,2260.924000000002
2013-12-17 06:00:00,2471.680000000002
2013-12-17 06:30:00,2775.5819999999885
2013-12-17 07:00:00,2989.3720000000067
2013-12-17 07:30:00,2914.2040000000115
2013-12-17 08:00:00,2790.968000000001
2013-12-17 08:30:00,2722.174000000001
2013-12-17 09:00:00,2767.7819999999956
2013-12-17 09:30:00,2688.810000000002
2013-12-17 10:00:00,2708.0480000000002
2013-12-17 10:30:00,2748.9840000000063
2013-12-17 11:00:00,2785.0800000000054
2013-12-17 11:30:00,2893.914000000006
2013-12-17 12:00:00,2920.6079999999943
2013-12-17 12:30:00,2919.354000000004
2013-12-17 13:00:00,2976.9419999999986
2013-12-17 13:30:00,3074.0179999999928
2013-12-17 14:00:00,3152.2379999999926
2013-12-17 14:30:00,3241.386000000003
2013-12-17 15:00:00,3448.746000000003
2013-12-17 15:30:00,3659.6999999999903
2013-12-17 16:00:00,3817.855999999993
2013-12-17 16:30:00,4154.6000000000095
2013-12-17 17:00:00,4281.387999999992
2013-12-17 17:30:00,4540.810000000002
2013-12-17 18:00:00,4678.276000000006
2013-12-17 18:30:00,4598.906000000002
2013-12-17 19:00:00,4444.8940000000075
2013-12-17 19:30:00,4451.2239999999965
2013-12-17 20:00:00,4613.545999999994
2013-12-17 20:30:00,4488.490000000013
2013-12-17 21:00:00,4213.089999999996
2013-12-17 21:30:00,3918.356000000003
2013-12-17 22:00:00,3543.680000000002
2013-12-17 22:30:00,3125.0340000000033
2013-12-17 23:00:00,2778.8279999999945
2013-12-17 23:30:00,2517.9339999999997
2013-12-18 00:00:00,2322.2479999999905
2013-12-18 00:30:00,2197.413999999992
2013-12-18 01:00:00,2092.511999999999
2013-12-18 01:30:00,1999.2800000000032
2013-12-18 02:00:00,1957.208
2013-12-18 02:30:00,1918.7419999999966
2013-12-18 03:00:00,1893.8019999999985
2013-12-18 03:30:00,1877.3559999999961
2013-12-18 04:00:00,1878.0679999999993
2013-12-18 04:30:00,1992.9720000000007
2013-12-18 05:00:00,2125.735999999998
2013-12-18 05:30:00,2345.9740000000033
2013-12-18 06:00:00,2491.6059999999957
2013-12-18 06:30:00,2836.734000000001
2013-12-18 07:00:00,3051.0519999999988
2013-12-18 07:30:00,3021.2439999999992
2013-12-18 08:00:00,2828.924000000003
2013-12-18 08:30:00,2765.7220000000043
2013-12-18 09:00:00,2738.950000000008
2013-12-18 09:30:00,2761.8239999999932
2013-12-18 10:00:00,2744.5919999999996
2013-12-18 10:30:00,2813.2760000000017
2013-12-18 11:00:00,2838.3279999999963
2013-12-18 11:30:00,2943.3059999999996
2013-12-18 12:00:00,3001.684
2013-12-18 12:30:00,3003.8479999999954
2013-12-18 13:00:00,3056.428000000001
2013-12-18 13:30:00,3110.7699999999895
2013-12-18 14:00:00,3102.003999999995
2013-12-18 14:30:00,3205.7140000000063
2013-12-18 15:00:00,3420.421999999999
2013-12-18 15:30:00,3670.8680000000086
2013-12-18 16:00:00,3863.624000000009
2013-12-18 16:30:00,4123.227999999994
2013-12-18 17:00:00,4290.955999999997
2013-12-18 17:30:00,4455.7260000000015
2013-12-18 18:00:00,4474.231999999986
2013-12-18 18:30:00,4400.611999999993
2013-12-18 19:00:00,4339.916000000009
2013-12-18 19:30:00,4297.067999999988
2013-12-18 20:00:00,4492.693999999986
2013-12-18 20:30:00,4379.7660000000005
2013-12-18 21:00:00,4158.899999999996
2013-12-18 21:30:00,3878.666000000008
2013-12-18 22:00:00,3562.041999999996
2013-12-18 22:30:00,3175.917999999995
2013-12-18 23:00:00,2815.255999999987
2013-12-18 23:30:00,2558.2460000000024
2013-12-19 00:00:00,2338.907999999999
2013-12-19 00:30:00,2177.6420000000026
2013-12-19 01:00:00,2051.4240000000013
2013-12-19 01:30:00,1985.8739999999932
2013-12-19 02:00:00,1924.0299999999934
2013-12-19 02:30:00,1913.4239999999934
2013-12-19 03:00:00,1876.8919999999998
2013-12-19 03:30:00,1861.634000000004
2013-12-19 04:00:00,1885.2959999999919
2013-12-19 04:30:00,1986.173999999998
2013-12-19 05:00:00,2128.4559999999974
2013-12-19 05:30:00,2275.2560000000035
2013-12-19 06:00:00,2506.7060000000038
2013-12-19 06:30:00,2710.6439999999975
2013-12-19 07:00:00,2922.1420000000044
2013-12-19 07:30:00,2887.6140000000055
2013-12-19 08:00:00,2864.500000000003
2013-12-19 08:30:00,2818.763999999998
2013-12-19 09:00:00,2865.234000000009
2013-12-19 09:30:00,2933.606000000006
2013-12-19 10:00:00,2938.227999999992
2013-12-19 10:30:00,3006.157999999999
2013-12-19 11:00:00,3064.3659999999995
2013-12-19 11:30:00,3134.088000000001
2013-12-19 12:00:00,3227.0540000000024
2013-12-19 12:30:00,3313.4540000000106
2013-12-19 13:00:00,3399.444000000011
2013-12-19 13:30:00,3449.3280000000027
2013-12-19 14:00:00,3589.0139999999933
2013-12-19 14:30:00,3727.5780000000013
2013-12-19 15:00:00,3884.2500000000023
2013-12-19 15:30:00,4109.705999999991
2013-12-19 16:00:00,4321.497999999997
2013-12-19 16:30:00,4605.551999999981
2013-12-19 17:00:00,4800.2019999999875
2013-12-19 17:30:00,4916.248000000013
2013-12-19 18:00:00,4895.26400000001
2013-12-19 18:30:00,4843.405999999995
2013-12-19 19:00:00,4758.939999999989
2013-12-19 19:30:00,4781.821999999982
2013-12-19 20:00:00,4848.466000000002
2013-12-19 20:30:00,4672.234000000004
2013-12-19 21:00:00,4447.750000000005
2013-12-19 21:30:00,4128.6640000000125
2013-12-19 22:00:00,3795.4920000000047
2013-12-19 22:30:00,3396.4320000000016
2013-12-19 23:00:00,3035.095999999993
2013-12-19 23:30:00,2748.635999999996
2013-12-20 00:00:00,2539.6459999999943
2013-12-20 00:30:00,2360.084000000005
2013-12-20 01:00:00,2235.065999999993
2013-12-20 01:30:00,2106.9019999999937
2013-12-20 02:00:00,2054.5339999999965
2013-12-20 02:30:00,2015.9920000000025
2013-12-20 03:00:00,1962.9079999999985
2013-12-20 03:30:00,1981.1599999999974
2013-12-20 04:00:00,1969.6760000000004
2013-12-20 04:30:00,2063.1360000000077
2013-12-20 05:00:00,2182.9539999999993
2013-12-20 05:30:00,2339.285999999998
2013-12-20 06:00:00,2509.232000000004
2013-12-20 06:30:00,2774.4839999999954
2013-12-20 07:00:00,2926.4919999999925
2013-12-20 07:30:00,2999.992000000001
2013-12-20 08:00:00,3069.712000000001
2013-12-20 08:30:00,3167.385999999998
2013-12-20 09:00:00,3241.4199999999832
2013-12-20 09:30:00,3483.056
2013-12-20 10:00:00,3690.0360000000073
2013-12-20 10:30:00,3996.2840000000015
2013-12-20 11:00:00,4336.360000000003
2013-12-20 11:30:00,4740.488000000013
2013-12-20 12:00:00,5113.707999999997
2013-12-20 12:30:00,5487.177999999977
2013-12-20 13:00:00,5838.586
2013-12-20 13:30:00,6101.882000000002
2013-12-20 14:00:00,6457.559999999979
2013-12-20 14:30:00,6746.403999999981
2013-12-20 15:00:00,7188.85400000001
2013-12-20 15:30:00,7537.218000000016
2013-12-20 16:00:00,7824.706000000007
2013-12-20 16:30:00,8161.936000000021
2013-12-20 17:00:00,8442.223999999975
2013-12-20 17:30:00,8605.955999999998
2013-12-20 18:00:00,8568.169999999998
2013-12-20 18:30:00,8430.604
2013-12-20 19:00:00,8137.230000000006
2013-12-20 19:30:00,8012.138000000012
2013-12-20 20:00:00,7972.577999999973
2013-12-20 20:30:00,7715.2480000000105
2013-12-20 21:00:00,7297.782000000008
2013-12-20 21:30:00,6757.926000000016
2013-12-20 22:00:00,6119.879999999988
2013-12-20 22:30:00,5487.889999999987
2013-12-20 23:00:00,4916.716000000019
2013-12-20 23:30:00,4387.569999999986
2013-12-21 00:00:00,4013.562000000001
2013-12-21 00:30:00,3715.187999999988
2013-12-21 01:00:00,3481.6060000000075
2013-12-21 01:30:00,3319.9800000000046
2013-12-21 02:00:00,3172.3120000000054
2013-12-21 02:30:00,3080.6179999999968
2013-12-21 03:00:00,2965.8820000000014
2013-12-21 03:30:00,2856.4559999999983
2013-12-21 04:00:00,2763.3459999999995
2013-12-21 04:30:00,2755.4719999999943
2013-12-21 05:00:00,2786.5119999999997
2013-12-21 05:30:00,2765.0920000000096
2013-12-21 06:00:00,2874.466000000003
2013-12-21 06:30:00,3032.1880000000056
2013-12-21 07:00:00,3218.562000000009
2013-12-21 07:30:00,3337.2859999999973
2013-12-21 08:00:00,3497.942000000002
2013-12-21 08:30:00,3677.128000000004
2013-12-21 09:00:00,3784.0780000000013
2013-12-21 09:30:00,3969.2920000000076
2013-12-21 10:00:00,4032.120000000007
2013-12-21 10:30:00,4136.755999999994
2013-12-21 11:00:00,4355.224000000007
2013-12-21 11:30:00,4415.203999999996
2013-12-21 12:00:00,4566.771999999996
2013-12-21 12:30:00,4532.705999999994
2013-12-21 13:00:00,4572.343999999989
2013-12-21 13:30:00,4683.572000000001
2013-12-21 14:00:00,4850.962000000005
2013-12-21 14:30:00,4921.939999999995
2013-12-21 15:00:00,4938.39999999999
2013-12-21 15:30:00,5031.553999999989
2013-12-21 16:00:00,5071.7140000000145
2013-12-21 16:30:00,5130.5440000000035
2013-12-21 17:00:00,5163.330000000005
2013-12-21 17:30:00,5100.966000000004
2013-12-21 18:00:00,5014.766
2013-12-21 18:30:00,4895.179999999998
2013-12-21 19:00:00,4759.145999999994
2013-12-21 19:30:00,4670.280000000007
2013-12-21 20:00:00,4664.371999999991
2013-12-21 20:30:00,4584.361999999999
2013-12-21 21:00:00,4429.288000000006
2013-12-21 21:30:00,4260.272000000001
2013-12-21 22:00:00,3999.084000000011
2013-12-21 22:30:00,3725.32999999999
2013-12-21 23:00:00,3409.3999999999965
2013-12-21 23:30:00,3139.057999999995
2013-12-22 00:00:00,2876.4160000000047
2013-12-22 00:30:00,2746.4879999999966
2013-12-22 01:00:00,2586.483999999999
2013-12-22 01:30:00,2449.7320000000004
2013-12-22 02:00:00,2388.980000000007
2013-12-22 02:30:00,2329.506
2013-12-22 03:00:00,2247.4339999999993
2013-12-22 03:30:00,2196.8439999999946
2013-12-22 04:00:00,2189.6939999999986
2013-12-22 04:30:00,2175.323999999994
2013-12-22 05:00:00,2191.2999999999993
2013-12-22 05:30:00,2263.621999999995
2013-12-22 06:00:00,2432.666000000002
2013-12-22 06:30:00,2612.737999999997
2013-12-22 07:00:00,2849.501999999998
2013-12-22 07:30:00,3155.7119999999923
2013-12-22 08:00:00,3308.581999999999
2013-12-22 08:30:00,3504.3679999999913
2013-12-22 09:00:00,3719.657999999991
2013-12-22 09:30:00,3925.082000000009
2013-12-22 10:00:00,4243.827999999999
2013-12-22 10:30:00,4685.647999999984
2013-12-22 11:00:00,5100.442000000004
2013-12-22 11:30:00,5611.508000000002
2013-12-22 12:00:00,6170.728000000001
2013-12-22 12:30:00,6491.226000000009
2013-12-22 13:00:00,6828.937999999993
2013-12-22 13:30:00,7087.231999999996
2013-12-22 14:00:00,7254.061999999995
2013-12-22 14:30:00,7464.936000000001
2013-12-22 15:00:00,7537.568000000012
2013-12-22 15:30:00,7782.375999999972
2013-12-22 16:00:00,8003.671999999997
2013-12-22 16:30:00,8142.918000000021
2013-12-22 17:00:00,8260.485999999977
2013-12-22 17:30:00,8412.591999999975
2013-12-22 18:00:00,8372.304000000004
2013-12-22 18:30:00,8141.97199999999
2013-12-22 19:00:00,7888.794000000009
2013-12-22 19:30:00,7794.268000000008
2013-12-22 20:00:00,7799.367999999979
2013-12-22 20:30:00,7544.415999999983
2013-12-22 21:00:00,7147.278000000003
2013-12-22 21:30:00,6564.877999999975
2013-12-22 22:00:00,5969.892000000006
2013-12-22 22:30:00,5346.190000000012
2013-12-22 23:00:00,4727.61000000001
2013-12-22 23:30:00,4152.968000000003
2013-12-23 00:00:00,3793.812000000002
2013-12-23 00:30:00,3535.6859999999915
2013-12-23 01:00:00,3335.781999999997
2013-12-23 01:30:00,3176.044000000008
2013-12-23 02:00:00,3044.8080000000036
2013-12-23 02:30:00,2929.8000000000034
2013-12-23 03:00:00,2833.978000000005
2013-12-23 03:30:00,2744.045999999988
2013-12-23 04:00:00,2673.1059999999925
2013-12-23 04:30:00,2684.616
2013-12-23 05:00:00,2690.733999999993
2013-12-23 05:30:00,2723.199999999999
2013-12-23 06:00:00,2849.3760000000048
2013-12-23 06:30:00,3169.913999999996
2013-12-23 07:00:00,3341.216000000001
2013-12-23 07:30:00,3471.595999999995
2013-12-23 08:00:00,3709.770000000007
2013-12-23 08:30:00,3965.4860000000044
2013-12-23 09:00:00,4129.653999999995
2013-12-23 09:30:00,4434.425999999992
2013-12-23 10:00:00,4664.638000000009
2013-12-23 10:30:00,4898.798000000004
2013-12-23 11:00:00,5209.264000000003
2013-12-23 11:30:00,5472.336000000025
2013-12-23 12:00:00,5648.786000000005
2013-12-23 12:30:00,5764.068000000012
2013-12-23 13:00:00,6015.5959999999895
2013-12-23 13:30:00,6267.781999999995
2013-12-23 14:00:00,6376.506000000003
2013-12-23 14:30:00,6466.316000000021
2013-12-23 15:00:00,6561.988000000003
2013-12-23 15:30:00,6649.52399999999
2013-12-23 16:00:00,6791.707999999999
2013-12-23 16:30:00,6949.434000000009
2013-12-23 17:00:00,7230.336000000009
2013-12-23 17:30:00,7267.0440000000035
2013-12-23 18:00:00,7319.793999999994
2013-12-23 18:30:00,7230.913999999973
2013-12-23 19:00:00,7108.932000000004
2013-12-23 19:30:00,7005.611999999998
2013-12-23 20:00:00,6897.016000000014
2013-12-23 20:30:00,6458.95599999998
2013-12-23 21:00:00,5904.2980000000025
2013-12-23 21:30:00,5291.832000000007
2013-12-23 22:00:00,4715.960000000002
2013-12-23 22:30:00,4194.8299999999845
2013-12-23 23:00:00,3733.556000000005
2013-12-23 23:30:00,3343.737999999996
2013-12-24 00:00:00,3068.455999999997
2013-12-24 00:30:00,2888.4160000000047
2013-12-24 01:00:00,2741.554000000009
2013-12-24 01:30:00,2618.504000000006
2013-12-24 02:00:00,2514.9539999999943
2013-12-24 02:30:00,2400.8720000000053
2013-12-24 03:00:00,2327.162000000008
2013-12-24 03:30:00,2276.873999999996
2013-12-24 04:00:00,2271.6680000000033
2013-12-24 04:30:00,2277.953999999996
2013-12-24 05:00:00,2328.187999999995
2013-12-24 05:30:00,2411.4739999999974
2013-12-24 06:00:00,2566.1520000000014
2013-12-24 06:30:00,2785.374
2013-12-24 07:00:00,3009.955999999993
2013-12-24 07:30:00,3159.1879999999837
2013-12-24 08:00:00,3249.332
2013-12-24 08:30:00,3349.8359999999907
2013-12-24 09:00:00,3349.904000000007
2013-12-24 09:30:00,3354.7960000000044
2013-12-24 10:00:00,3356.401999999998
2013-12-24 10:30:00,3405.6799999999935
2013-12-24 11:00:00,3452.1119999999955
2013-12-24 11:30:00,3480.9639999999954
2013-12-24 12:00:00,3456.181999999996
2013-12-24 12:30:00,3371.3459999999977
2013-12-24 13:00:00,3303.6380000000077
2013-12-24 13:30:00,3267.5279999999993
2013-12-24 14:00:00,3334.337999999997
2013-12-24 14:30:00,3387.9640000000013
2013-12-24 15:00:00,3453.716000000002
2013-12-24 15:30:00,3505.1220000000008
2013-12-24 16:00:00,3629.631999999994
2013-12-24 16:30:00,3797.392000000005
2013-12-24 17:00:00,3959.867999999998
2013-12-24 17:30:00,4012.2900000000045
2013-12-24 18:00:00,4089.866000000001
2013-12-24 18:30:00,4049.8079999999995
2013-12-24 19:00:00,4039.642
2013-12-24 19:30:00,4024.604000000001
2013-12-24 20:00:00,3995.103999999999
2013-12-24 20:30:00,3935.594000000005
2013-12-24 21:00:00,3901.302000000002
2013-12-24 21:30:00,3684.967999999998
2013-12-24 22:00:00,3541.0959999999923
2013-12-24 22:30:00,3275.4100000000085
2013-12-24 23:00:00,2955.9019999999987
2013-12-24 23:30:00,2672.895999999996
2013-12-25 00:00:00,2491.740000000005
2013-12-25 00:30:00,2305.8199999999892
2013-12-25 01:00:00,2185.988000000003
2013-12-25 01:30:00,2049.994000000002
2013-12-25 02:00:00,1974.267999999999
2013-12-25 02:30:00,1915.8939999999952
2013-12-25 03:00:00,1873.9420000000014
2013-12-25 03:30:00,1829.4920000000077
2013-12-25 04:00:00,1861.4379999999992
2013-12-25 04:30:00,1875.8479999999986
2013-12-25 05:00:00,1931.9740000000031
2013-12-25 05:30:00,2108.2559999999994
2013-12-25 06:00:00,2351.488000000002
2013-12-25 06:30:00,2665.9999999999936
2013-12-25 07:00:00,3028.8919999999976
2013-12-25 07:30:00,3422.985999999995
2013-12-25 08:00:00,3719.8060000000028
2013-12-25 08:30:00,3873.1479999999924
2013-12-25 09:00:00,4038.1699999999823
2013-12-25 09:30:00,4000.3220000000097
2013-12-25 10:00:00,4003.625999999988
2013-12-25 10:30:00,4071.478000000015
2013-12-25 11:00:00,3992.8860000000063
2013-12-25 11:30:00,3878.677999999995
2013-12-25 12:00:00,3761.994000000002
2013-12-25 12:30:00,3574.3279999999963
2013-12-25 13:00:00,3373.3439999999973
2013-12-25 13:30:00,3184.8459999999914
2013-12-25 14:00:00,3151.640000000002
2013-12-25 14:30:00,3191.0479999999934
2013-12-25 15:00:00,3162.6900000000014
2013-12-25 15:30:00,3146.921999999996
2013-12-25 16:00:00,3183.711999999999
2013-12-25 16:30:00,3323.434000000001
2013-12-25 17:00:00,3367.723999999986
2013-12-25 17:30:00,3499.6439999999984
2013-12-25 18:00:00,3595.241999999993
2013-12-25 18:30:00,3641.510000000009
2013-12-25 19:00:00,3677.3239999999914
2013-12-25 19:30:00,3610.5879999999947
2013-12-25 20:00:00,3651.3540000000016
2013-12-25 20:30:00,3592.238000000002
2013-12-25 21:00:00,3475.3520000000044
2013-12-25 21:30:00,3311.3779999999956
2013-12-25 22:00:00,3094.376
2013-12-25 22:30:00,2872.392000000001
2013-12-25 23:00:00,2604.6619999999975
2013-12-25 23:30:00,2367.558
2013-12-26 00:00:00,2211.125999999998
2013-12-26 00:30:00,2083.3900000000044
2013-12-26 01:00:00,2004.431999999999
2013-12-26 01:30:00,1948.8399999999995
2013-12-26 02:00:00,1884.4839999999988
2013-12-26 02:30:00,1833.8680000000027
2013-12-26 03:00:00,1811.3039999999983
2013-12-26 03:30:00,1776.873999999996
2013-12-26 04:00:00,1766.318000000003
2013-12-26 04:30:00,1758.7859999999976
2013-12-26 05:00:00,1776.2199999999941
2013-12-26 05:30:00,1858.6879999999942
2013-12-26 06:00:00,1970.7799999999918
2013-12-26 06:30:00,2186.699999999998
2013-12-26 07:00:00,2446.613999999991
2013-12-26 07:30:00,2697.612000000002
2013-12-26 08:00:00,3008.621999999997
2013-12-26 08:30:00,3184.543999999997
2013-12-26 09:00:00,3320.0300000000016
2013-12-26 09:30:00,3462.8679999999936
2013-12-26 10:00:00,3475.0559999999964
2013-12-26 10:30:00,3388.8079999999914
2013-12-26 11:00:00,3443.585999999995
2013-12-26 11:30:00,3442.283999999993
2013-12-26 12:00:00,3407.1420000000057
2013-12-26 12:30:00,3355.2019999999998
2013-12-26 13:00:00,3319.9800000000014
2013-12-26 13:30:00,3338.0220000000054
2013-12-26 14:00:00,3348.425999999992
2013-12-26 14:30:00,3359.2660000000074
2013-12-26 15:00:00,3389.589999999992
2013-12-26 15:30:00,3428.4639999999954
2013-12-26 16:00:00,3537.2899999999927
2013-12-26 16:30:00,3701.9880000000076
2013-12-26 17:00:00,3726.285999999989
2013-12-26 17:30:00,3812.8760000000057
2013-12-26 18:00:00,3850.555999999998
2013-12-26 18:30:00,3790.7420000000016
2013-12-26 19:00:00,3823.9079999999954
2013-12-26 19:30:00,3954.4759999999956
2013-12-26 20:00:00,3998.931999999998
2013-12-26 20:30:00,3933.818000000004
2013-12-26 21:00:00,3763.4000000000005
2013-12-26 21:30:00,3570.6280000000056
2013-12-26 22:00:00,3296.866000000008
2013-12-26 22:30:00,3026.815999999989
2013-12-26 23:00:00,2722.5180000000014
2013-12-26 23:30:00,2478.297999999992
2013-12-27 00:00:00,2334.4559999999947
2013-12-27 00:30:00,2200.5439999999994
2013-12-27 01:00:00,2087.1939999999922
2013-12-27 01:30:00,2008.8699999999972
2013-12-27 02:00:00,1948.3519999999992
2013-12-27 02:30:00,1880.8079999999948
2013-12-27 03:00:00,1882.145999999997
2013-12-27 03:30:00,1840.8179999999963
2013-12-27 04:00:00,1810.8019999999947
2013-12-27 04:30:00,1860.7020000000014
2013-12-27 05:00:00,1904.3500000000006
2013-12-27 05:30:00,2003.6619999999996
2013-12-27 06:00:00,2054.3340000000003
2013-12-27 06:30:00,2275.5000000000005
2013-12-27 07:00:00,2524.2839999999997
2013-12-27 07:30:00,2688.491999999996
2013-12-27 08:00:00,2856.8039999999883
2013-12-27 08:30:00,2961.2079999999983
2013-12-27 09:00:00,3077.0240000000013
2013-12-27 09:30:00,3123.0260000000058
2013-12-27 10:00:00,3046.224
2013-12-27 10:30:00,3095.2240000000056
2013-12-27 11:00:00,3142.1279999999947
2013-12-27 11:30:00,3222.447999999989
2013-12-27 12:00:00,3221.275999999994
2013-12-27 12:30:00,3225.3460000000064
2013-12-27 13:00:00,3214.259999999993
2013-12-27 13:30:00,3209.9779999999973
2013-12-27 14:00:00,3295.884000000008
2013-12-27 14:30:00,3352.4139999999893
2013-12-27 15:00:00,3424.2720000000018
2013-12-27 15:30:00,3572.096000000009
2013-12-27 16:00:00,3697.490000000007
2013-12-27 16:30:00,3831.5339999999974
2013-12-27 17:00:00,4018.585999999998
2013-12-27 17:30:00,4059.3959999999893
2013-12-27 18:00:00,4082.442000000005
2013-12-27 18:30:00,3970.2600000000016
2013-12-27 19:00:00,3921.987999999998
2013-12-27 19:30:00,3938.8340000000094
2013-12-27 20:00:00,4015.7759999999985
2013-12-27 20:30:00,3920.9200000000133
2013-12-27 21:00:00,3775.2759999999994
2013-12-27 21:30:00,3544.979999999996
2013-12-27 22:00:00,3333.2579999999857
2013-12-27 22:30:00,3033.6119999999955
2013-12-27 23:00:00,2773.708000000003
2013-12-27 23:30:00,2530.813999999995
2013-12-28 00:00:00,2354.624000000002
2013-12-28 00:30:00,2252.538000000007
2013-12-28 01:00:00,2128.5320000000065
2013-12-28 01:30:00,2030.0100000000002
2013-12-28 02:00:00,1983.8839999999975
2013-12-28 02:30:00,1912.1959999999983
2013-12-28 03:00:00,1897.8819999999987
2013-12-28 03:30:00,1860.693999999999
2013-12-28 04:00:00,1849.419999999994
2013-12-28 04:30:00,1835.654000000003
2013-12-28 05:00:00,1892.2380000000005
2013-12-28 05:30:00,1942.008
2013-12-28 06:00:00,2076.8279999999913
2013-12-28 06:30:00,2246.091999999999
2013-12-28 07:00:00,2456.5699999999947
2013-12-28 07:30:00,2678.9880000000067
2013-12-28 08:00:00,2886.5999999999976
2013-12-28 08:30:00,3006.1399999999862
2013-12-28 09:00:00,3044.365999999995
2013-12-28 09:30:00,3055.5300000000007
2013-12-28 10:00:00,3061.138000000004
2013-12-28 10:30:00,3049.6779999999944
2013-12-28 11:00:00,3105.1679999999974
2013-12-28 11:30:00,3187.8080000000014
2013-12-28 12:00:00,3205.271999999995
2013-12-28 12:30:00,3227.57000000001
2013-12-28 13:00:00,3315.0560000000046
2013-12-28 13:30:00,3420.027999999997
2013-12-28 14:00:00,3469.1619999999884
2013-12-28 14:30:00,3572.990000000008
2013-12-28 15:00:00,3726.8940000000057
2013-12-28 15:30:00,3866.8059999999987
2013-12-28 16:00:00,4015.4620000000136
2013-12-28 16:30:00,4207.4180000000015
2013-12-28 17:00:00,4286.030000000002
2013-12-28 17:30:00,4434.0580000000045
2013-12-28 18:00:00,4588.402000000011
2013-12-28 18:30:00,4534.724
2013-12-28 19:00:00,4450.002000000016
2013-12-28 19:30:00,4360.683999999981
2013-12-28 20:00:00,4408.407999999993
2013-12-28 20:30:00,4275.838000000006
2013-12-28 21:00:00,4069.8999999999965
2013-12-28 21:30:00,3906.4800000000128
2013-12-28 22:00:00,3624.2040000000047
2013-12-28 22:30:00,3385.6059999999966
2013-12-28 23:00:00,3113.183999999997
2013-12-28 23:30:00,2827.7840000000033
2013-12-29 00:00:00,2600.432000000002
2013-12-29 00:30:00,2443.2619999999933
2013-12-29 01:00:00,2334.711999999997
2013-12-29 01:30:00,2215.328000000003
2013-12-29 02:00:00,2148.728
2013-12-29 02:30:00,2092.2839999999983
2013-12-29 03:00:00,2043.606000000002
2013-12-29 03:30:00,1995.8860000000006
2013-12-29 04:00:00,1953.764
2013-12-29 04:30:00,1993.2239999999997
2013-12-29 05:00:00,1987.4920000000034
2013-12-29 05:30:00,2019.4699999999966
2013-12-29 06:00:00,2136.357999999995
2013-12-29 06:30:00,2335.533999999989
2013-12-29 07:00:00,2508.6400000000026
2013-12-29 07:30:00,2759.8200000000106
2013-12-29 08:00:00,2979.484000000011
2013-12-29 08:30:00,3095.252000000007
2013-12-29 09:00:00,3200.801999999994
2013-12-29 09:30:00,3273.9199999999946
2013-12-29 10:00:00,3247.742000000003
2013-12-29 10:30:00,3275.6220000000008
2013-12-29 11:00:00,3323.0359999999987
2013-12-29 11:30:00,3402.397999999994
2013-12-29 12:00:00,3382.890000000004
2013-12-29 12:30:00,3353.7939999999994
2013-12-29 13:00:00,3235.736000000002
2013-12-29 13:30:00,3143.528000000002
2013-12-29 14:00:00,3142.3359999999975
2013-12-29 14:30:00,3165.3160000000007
2013-12-29 15:00:00,3179.912000000001
2013-12-29 15:30:00,3179.745999999994
2013-12-29 16:00:00,3313.1260000000007
2013-12-29 16:30:00,3495.689999999996
2013-12-29 17:00:00,3681.6620000000016
2013-12-29 17:30:00,3796.771999999998
2013-12-29 18:00:00,3825.7259999999937
2013-12-29 18:30:00,3789.8819999999996
2013-12-29 19:00:00,3764.6360000000004
2013-12-29 19:30:00,3797.1679999999988
2013-12-29 20:00:00,3890.595999999996
2013-12-29 20:30:00,3810.359999999994
2013-12-29 21:00:00,3634.6280000000015
2013-12-29 21:30:00,3406.629999999998
2013-12-29 22:00:00,3162.151999999998
2013-12-29 22:30:00,2869.2900000000086
2013-12-29 23:00:00,2629.1720000000028
2013-12-29 23:30:00,2405.289999999998
2013-12-30 00:00:00,2217.789999999994
2013-12-30 00:30:00,2104.841999999999
2013-12-30 01:00:00,2021.7779999999966
2013-12-30 01:30:00,1933.9779999999982
2013-12-30 02:00:00,1885.1499999999992
2013-12-30 02:30:00,1827.6900000000026
2013-12-30 03:00:00,1802.1060000000007
2013-12-30 03:30:00,1769.053999999991
2013-12-30 04:00:00,1769.521999999995
2013-12-30 04:30:00,1805.4180000000003
2013-12-30 05:00:00,1875.614000000003
2013-12-30 05:30:00,1960.4639999999988
2013-12-30 06:00:00,2102.6399999999935
2013-12-30 06:30:00,2326.235999999998
2013-12-30 07:00:00,2545.1579999999963
2013-12-30 07:30:00,2672.5740000000037
2013-12-30 08:00:00,2740.987999999992
2013-12-30 08:30:00,2863.4139999999925
2013-12-30 09:00:00,2918.968000000006
2013-12-30 09:30:00,2929.539999999992
2013-12-30 10:00:00,2918.8639999999955
2013-12-30 10:30:00,2967.0120000000047
2013-12-30 11:00:00,2930.3539999999953
2013-12-30 11:30:00,2944.589999999993
2013-12-30 12:00:00,2956.8539999999975
2013-12-30 12:30:00,2943.7760000000108
2013-12-30 13:00:00,2972.6839999999943
2013-12-30 13:30:00,2972.76
2013-12-30 14:00:00,3007.7140000000027
2013-12-30 14:30:00,3024.1600000000026
2013-12-30 15:00:00,3139.1339999999977
2013-12-30 15:30:00,3298.2899999999972
2013-12-30 16:00:00,3402.944000000004
2013-12-30 16:30:00,3661.3920000000035
2013-12-30 17:00:00,3929.714000000009
2013-12-30 17:30:00,4082.3160000000007
2013-12-30 18:00:00,4192.997999999992
2013-12-30 18:30:00,4103.584
2013-12-30 19:00:00,3940.985999999992
2013-12-30 19:30:00,3926.520000000002
2013-12-30 20:00:00,4040.0179999999964
2013-12-30 20:30:00,4016.7999999999984
2013-12-30 21:00:00,3747.783999999995
2013-12-30 21:30:00,3566.691999999999
2013-12-30 22:00:00,3268.969999999997
2013-12-30 22:30:00,2964.965999999998
2013-12-30 23:00:00,2666.612000000004
2013-12-30 23:30:00,2482.5160000000024
2013-12-31 00:00:00,2294.0959999999945
2013-12-31 00:30:00,2159.4499999999935
2013-12-31 01:00:00,2049.681999999999
2013-12-31 01:30:00,1976.9979999999985
2013-12-31 02:00:00,1913.3679999999952
2013-12-31 02:30:00,1874.838000000001
2013-12-31 03:00:00,1806.1279999999988
2013-12-31 03:30:00,1792.0160000000026
2013-12-31 04:00:00,1818.939999999997
2013-12-31 04:30:00,1827.3679999999993
2013-12-31 05:00:00,1863.0379999999986
2013-12-31 05:30:00,1938.2440000000015
2013-12-31 06:00:00,2058.0359999999964
2013-12-31 06:30:00,2264.9439999999972
2013-12-31 07:00:00,2454.2259999999974
2013-12-31 07:30:00,2682.041999999992
2013-12-31 08:00:00,2836.6360000000004
2013-12-31 08:30:00,2969.5320000000056
2013-12-31 09:00:00,3030.6099999999915
2013-12-31 09:30:00,3077.4159999999993
2013-12-31 10:00:00,3048.3900000000035
2013-12-31 10:30:00,3164.599999999991
2013-12-31 11:00:00,3226.334000000008
2013-12-31 11:30:00,3268.06
2013-12-31 12:00:00,3378.184000000002
2013-12-31 12:30:00,3452.0539999999933
2013-12-31 13:00:00,3518.581999999991
2013-12-31 13:30:00,3662.9680000000058
2013-12-31 14:00:00,3733.682000000002
2013-12-31 14:30:00,3821.2440000000015
2013-12-31 15:00:00,3933.870000000016
2013-12-31 15:30:00,4078.788000000011
2013-12-31 16:00:00,4240.400000000004
2013-12-31 16:30:00,4356.387999999984
2013-12-31 17:00:00,4318.1559999999945
2013-12-31 17:30:00,4219.595999999983
2013-12-31 18:00:00,4129.199999999999
2013-12-31 18:30:00,3984.259999999992
2013-12-31 19:00:00,3855.2699999999986
2013-12-31 19:30:00,3768.096000000002
2013-12-31 20:00:00,3682.1079999999874
2013-12-31 20:30:00,3565.4459999999904
2013-12-31 21:00:00,3495.94200000001
2013-12-31 21:30:00,3362.6419999999953
2013-12-31 22:00:00,3274.724000000008
2013-12-31 22:30:00,3184.9939999999883
2013-12-31 23:00:00,3027.5859999999957
2013-12-31 23:30:00,2782.694000000004
