timestamp,actual_load,predicted_load,error,absolute_error,squared_error,absolute_percentage_error,hour,day_of_week,month
2013-10-21 09:30:00,2692.938,2652.768779333332,40.169220666668025,40.169220666668025,1613.5662889674695,1.4916504080921293,9,Monday,10
2013-10-21 10:00:00,2715.850000000004,2672.886810588262,42.96318941174195,42.96318941174195,1845.8356444292156,1.5819426482221732,10,Monday,10
2013-10-21 10:30:00,2756.286000000003,2693.778160950853,62.50783904914988,62.50783904914988,3907.2299425944266,2.2678284854746504,10,Monday,10
2013-10-21 11:00:00,2862.548000000002,2772.2882121737,90.25978782630227,90.25978782630227,8146.829298449104,3.1531274873400275,11,Monday,10
2013-10-21 11:30:00,3057.6239999999984,2943.4557425036646,114.16825749633381,114.16825749633381,13034.39101974918,3.7338880613291194,11,Monday,10
2013-10-21 12:00:00,3248.197999999991,3202.5464375266083,45.65156247338291,45.65156247338291,2084.065156261183,1.4054427246548096,12,Monday,10
2013-10-21 12:30:00,3419.2779999999984,3323.025642896825,96.25235710317338,96.25235710317338,9264.516247916812,2.814990682336254,12,Monday,10
2013-10-21 13:00:00,3599.89400000002,3499.1850190830014,100.70898091701838,100.70898091701838,10142.298837344371,2.7975540645646184,13,Monday,10
2013-10-21 13:30:00,3746.5859999999975,3747.706811102814,-1.120811102816333,1.120811102816333,1.2562175281963646,0.029915531174683662,13,Monday,10
2013-10-21 14:00:00,3936.388000000005,3884.9605587467536,51.427441253251345,51.427441253251345,2644.7817138566184,1.306462707772996,14,Monday,10
2013-10-21 14:30:00,4172.543999999993,4190.651265869044,-18.107265869051844,18.107265869051844,327.8730772525298,0.4339622510643837,14,Monday,10
2013-10-21 15:00:00,4606.239999999989,4437.463469587299,168.77653041268968,168.77653041268968,28485.517218145564,3.6640845985595645,15,Monday,10
2013-10-21 15:30:00,4963.792000000006,4847.318469119045,116.47353088096042,116.47353088096042,13566.083395878042,2.3464627623591054,15,Monday,10
2013-10-21 16:00:00,5290.046000000027,5158.075049714288,131.97095028573858,131.97095028573858,17416.331719320886,2.4947032650706236,16,Monday,10
2013-10-21 16:30:00,5656.125999999999,5527.608158388889,128.51784161111027,128.51784161111027,16516.835612378425,2.2721884486150112,16,Monday,10
2013-10-21 17:00:00,5955.612000000002,5832.272993123017,123.33900687698497,123.33900687698497,15212.510617400945,2.070971159252566,17,Monday,10
2013-10-21 17:30:00,6224.009999999997,6128.537435682537,95.47256431745973,95.47256431745973,9115.010537351485,1.533939764194784,17,Monday,10
2013-10-21 18:00:00,6367.601999999999,6343.249481163003,24.35251883699584,24.35251883699584,593.0451737062373,0.38244411062431105,18,Monday,10
2013-10-21 18:30:00,6372.402000000008,6274.722993821426,97.67900617858231,97.67900617858231,9541.188248035522,1.5328443839321841,18,Monday,10
2013-10-21 19:00:00,6215.286000000002,6167.689863984127,47.596136015874436,47.596136015874436,2265.3921636416194,0.7657915664037732,19,Monday,10
2013-10-21 19:30:00,5953.002000000003,6080.6709153134925,-127.66891531348938,127.66891531348938,16299.351937322923,2.144614016818562,19,Monday,10
2013-10-21 20:00:00,5695.40799999997,5797.233985853179,-101.8259858532083,101.8259858532083,10368.531394977776,1.787861130461748,20,Monday,10
2013-10-21 20:30:00,5329.118,5531.591278524642,-202.4732785246415,202.4732785246415,40995.42851651705,3.7993769048582053,20,Monday,10
2013-10-21 21:00:00,4848.765999999996,5002.894928107145,-154.12892810714857,154.12892810714857,23755.72647945857,3.1787248159046793,21,Monday,10
2013-10-21 21:30:00,4307.052000000004,4504.394015583331,-197.34201558332643,197.34201558332643,38943.87111448985,4.581834990228264,21,Monday,10
2013-10-21 22:00:00,3739.844000000006,3791.577096892859,-51.733096892853155,51.733096892853155,2676.313314125333,1.3832955837958234,22,Monday,10
2013-10-21 22:30:00,3285.051999999999,3297.505927218251,-12.45392721825192,12.45392721825192,155.100303157516,0.37910898269652726,22,Monday,10
2013-10-21 23:00:00,2878.934,2949.6593631587293,-70.72536315872912,70.72536315872912,5002.076993934119,2.4566510784453244,23,Monday,10
2013-10-21 23:30:00,2614.4979999999973,2624.565843047619,-10.067843047621864,10.067843047621864,101.36146363154789,0.38507748132229874,23,Monday,10
2013-10-22 00:00:00,2447.208000000001,2446.703554956346,0.5044450436548686,0.5044450436548686,0.25446480206796235,0.02061308412096023,0,Tuesday,10
2013-10-22 00:30:00,2286.9039999999964,2303.920459011903,-17.01645901190659,17.01645901190659,289.559877303897,0.7440827866804474,0,Tuesday,10
2013-10-22 01:00:00,2205.9099999999994,2173.0980529682543,32.81194703174515,32.81194703174515,1076.6238680140493,1.4874562893202876,1,Tuesday,10
2013-10-22 01:30:00,2112.404000000008,2127.499945202381,-15.095945202372604,15.095945202372604,227.88756155303645,0.7146334319747807,1,Tuesday,10
2013-10-22 02:00:00,2035.9080000000056,2050.662320297619,-14.754320297613276,14.754320297613276,217.6899674445631,0.7247046672842405,2,Tuesday,10
2013-10-22 02:30:00,1963.4919999999984,1967.956949306276,-4.464949306277731,4.464949306277731,19.935772307629993,0.2273983956276743,2,Tuesday,10
2013-10-22 03:00:00,1935.1899999999944,1910.453083428569,24.736916571425354,24.736916571425354,611.9150414616583,1.2782681065644939,3,Tuesday,10
2013-10-22 03:30:00,1925.9420000000025,1908.758829190476,17.183170809526473,17.183170809526473,295.26135906936264,0.8921956533232283,3,Tuesday,10
2013-10-22 04:00:00,1922.408000000009,1940.285601396825,-17.87760139681609,17.87760139681609,319.6086317034406,0.9299587494858534,4,Tuesday,10
2013-10-22 04:30:00,2026.6339999999989,1939.4218095753972,87.21219042460166,87.21219042460166,7605.966158656981,4.303302442601955,4,Tuesday,10
2013-10-22 05:00:00,2122.928000000001,2168.0522272499984,-45.1242272499976,45.1242272499976,2036.1958849094262,2.1255655985505673,5,Tuesday,10
2013-10-22 05:30:00,2341.138000000001,2324.240545305554,16.89745469444688,16.89745469444688,285.52397515088484,0.7217624375174326,5,Tuesday,10
2013-10-22 06:00:00,2648.9060000000063,2636.0932342063475,12.812765793658855,12.812765793658855,164.16696728315443,0.4837002820658349,6,Tuesday,10
2013-10-22 06:30:00,3026.808,3009.2913809696965,17.516619030303445,17.516619030303445,306.8319422527888,0.5787158957655538,6,Tuesday,10
2013-10-22 07:00:00,3168.264000000011,3329.35211204762,-161.08811204760877,161.08811204760877,25949.379843062958,5.08442831934486,7,Tuesday,10
2013-10-22 07:30:00,3087.0080000000125,3278.131949642857,-191.1239496428443,191.1239496428443,36528.36412708049,6.191235968382444,7,Tuesday,10
2013-10-22 08:00:00,2872.5820000000003,2909.2897774974776,-36.70777749747731,36.70777749747731,1347.4609288043016,1.2778670024903487,8,Tuesday,10
2013-10-22 08:30:00,2749.093999999993,2801.550326916666,-52.45632691667333,52.45632691667333,2751.6662335889073,1.9081314395460274,8,Tuesday,10
2013-10-22 09:00:00,2770.6900000000023,2716.946668041668,53.74333195833424,53.74333195833424,2888.34572998371,1.939709312782527,9,Tuesday,10
2013-10-22 09:30:00,2754.8,2730.7031317519845,24.096868248015653,24.096868248015653,580.659059362225,0.8747229652975044,9,Tuesday,10
2013-10-22 10:00:00,2757.574000000006,2712.032742978895,45.54125702111105,45.54125702111105,2074.0060910628968,1.6514971863351973,10,Tuesday,10
2013-10-22 10:30:00,2818.861999999994,2755.7238149931454,63.138185006848744,63.138185006848744,3986.4304059590595,2.2398466121026455,10,Tuesday,10
2013-10-22 11:00:00,2950.815999999996,2824.7672336486826,126.04876635131359,126.04876635131359,15888.291498688044,4.271657953302197,11,Tuesday,10
2013-10-22 11:30:00,3012.220000000001,3021.361787082251,-9.14178708224972,9.14178708224972,83.57227105718786,0.30349002005994635,11,Tuesday,10
2013-10-22 12:00:00,3114.928000000003,3088.057306955512,26.870693044490963,26.870693044490963,722.034144691255,0.8626425087350633,12,Tuesday,10
2013-10-22 12:30:00,3233.2979999999898,3191.4201657142858,41.87783428570401,41.87783428570401,1753.7530044608864,1.2952049048898104,12,Tuesday,10
2013-10-22 13:00:00,3303.087999999992,3287.734771754688,15.353228245303853,15.353228245303853,235.72161755239603,0.46481438718265733,13,Tuesday,10
2013-10-22 13:30:00,3368.8980000000056,3376.422400907648,-7.524400907642303,7.524400907642303,56.61660901892831,0.22334902711932178,13,Tuesday,10
2013-10-22 14:00:00,3410.439999999993,3446.3287477619056,-35.88874776191278,35.88874776191278,1288.0022159181997,1.0523201628503318,14,Tuesday,10
2013-10-22 14:30:00,3555.124000000016,3459.930366293649,95.19363370636711,95.19363370636711,9061.827898221993,2.677645947268412,14,Tuesday,10
2013-10-22 15:00:00,3816.0360000000032,3798.426756789682,17.609243210321438,17.609243210321438,310.08544644025164,0.4614538020689905,15,Tuesday,10
2013-10-22 15:30:00,3952.2959999999935,4096.4797662157325,-144.18376621573907,144.18376621573907,20788.9584401549,3.6481014128430487,15,Tuesday,10
2013-10-22 16:00:00,4122.541999999995,4309.864528555555,-187.32252855555998,187.32252855555998,35089.72970444858,4.543859797075693,16,Tuesday,10
2013-10-22 16:30:00,4470.826000000016,4430.54489312987,40.28110687014669,40.28110687014669,1622.5675706841787,0.9009768411954869,16,Tuesday,10
2013-10-22 17:00:00,4782.490000000002,4818.437301059521,-35.947301059519305,35.947301059519305,1292.2084534637177,0.7516440402284018,17,Tuesday,10
2013-10-22 17:30:00,5169.7979999999925,5158.365489214284,11.432510785708473,11.432510785708473,130.70230286534056,0.2211403769684713,17,Tuesday,10
2013-10-22 18:00:00,5296.19399999999,5662.803390547615,-366.60939054762457,366.60939054762457,134402.4452377007,6.922129184611162,18,Tuesday,10
2013-10-22 18:30:00,5262.184000000007,5393.801070976183,-131.61707097617636,131.61707097617636,17323.053372347847,2.501187168220955,18,Tuesday,10
2013-10-22 19:00:00,5248.712000000001,5216.679066261905,32.03293373809629,32.03293373809629,1026.1088438692675,0.6103008459617575,19,Tuesday,10
2013-10-22 19:30:00,5067.943999999991,5161.50642155952,-93.56242155952896,93.56242155952896,8753.926728083008,1.8461613143225166,19,Tuesday,10
2013-10-22 20:00:00,4770.789999999988,4895.467324400792,-124.67732440080363,124.67732440080363,15544.435219743224,2.6133475671912607,20,Tuesday,10
2013-10-22 20:30:00,4398.904000000004,4643.240877392858,-244.33687739285415,244.33687739285415,59700.50965409064,5.554494423903179,20,Tuesday,10
2013-10-22 21:00:00,4127.807999999991,4207.801949535716,-79.99394953572482,79.99394953572482,6399.031962324089,1.9379280609884229,21,Tuesday,10
2013-10-22 21:30:00,3738.256000000006,3820.971228416664,-82.71522841665774,82.71522841665774,6841.809012019864,2.2126689134360404,21,Tuesday,10
2013-10-22 22:00:00,3357.822000000001,3354.0156923928557,3.8063076071452997,3.8063076071452997,14.487977600212178,0.11335644376459797,22,Tuesday,10
2013-10-22 22:30:00,3023.686,3010.2129239166666,13.47307608333358,13.47307608333358,181.52377914729533,0.4455844979714686,22,Tuesday,10
2013-10-22 23:00:00,2715.939999999993,2732.74963495635,-16.80963495635706,16.80963495635706,282.5638273659812,0.618925121923058,23,Tuesday,10
2013-10-22 23:30:00,2433.1079999999984,2471.192100488094,-38.08410048809583,38.08410048809583,1450.398709987381,1.5652449660309307,23,Tuesday,10
2013-10-23 00:00:00,2266.863999999999,2244.2885447777785,22.575455222220626,22.575455222220626,509.6511784904885,0.9958892647384507,0,Wednesday,10
2013-10-23 00:30:00,2176.821999999989,2120.647401849204,56.17459815078519,56.17459815078519,3155.5854774021986,2.5805783913790594,0,Wednesday,10
2013-10-23 01:00:00,2081.755999999998,2067.308042496032,14.447957503965881,14.447957503965881,208.74347603640402,0.6940274222322834,1,Wednesday,10
2013-10-23 01:30:00,2006.466,2009.8277050238075,-3.3617050238076445,3.3617050238076445,11.301060667093555,0.1675435827872311,1,Wednesday,10
2013-10-23 02:00:00,1947.1859999999992,1940.992616801586,6.19338319841313,6.19338319841313,38.357995442386056,0.3180683919467957,2,Wednesday,10
2013-10-23 02:30:00,1935.4000000000008,1902.3479700476173,33.052029952383464,33.052029952383464,1092.4366839732536,1.707762217235892,2,Wednesday,10
2013-10-23 03:00:00,1879.6259999999995,1912.0579051190464,-32.43190511904686,32.43190511904686,1051.8284696508579,1.7254445894580552,3,Wednesday,10
2013-10-23 03:30:00,1873.1459999999968,1891.6682848452367,-18.522284845239938,18.522284845239938,343.07503588820504,0.9888329497668612,3,Wednesday,10
2013-10-23 04:00:00,1926.0859999999984,1909.0032183571425,17.082781642855934,17.082781642855934,291.8214286574957,0.8869168688654582,4,Wednesday,10
2013-10-23 04:30:00,2024.7579999999973,2007.3644197698409,17.39358023015643,17.39358023015643,302.5366332228886,0.8590448947556426,4,Wednesday,10
2013-10-23 05:00:00,2130.1580000000017,2213.609477571428,-83.4514775714265,83.4514775714265,6964.149108854299,3.917619142402884,5,Wednesday,10
2013-10-23 05:30:00,2429.539999999992,2393.891009142859,35.64899085713296,35.64899085713296,1270.8505491319493,1.467314424011668,5,Wednesday,10
2013-10-23 06:00:00,2768.699999999996,2765.6838594206347,3.0161405793614904,3.0161405793614904,9.097103994471066,0.10893706719259921,6,Wednesday,10
2013-10-23 06:30:00,3089.861999999999,3155.4440478690485,-65.58204786904935,65.58204786904935,4301.00500269828,2.122491162034077,6,Wednesday,10
2013-10-23 07:00:00,3240.3059999999928,3274.5067939761893,-34.200793976196564,34.200793976196564,1169.6943086022432,1.0554803767359207,7,Wednesday,10
2013-10-23 07:30:00,3148.5419999999967,3176.7399537698398,-28.197953769843025,28.197953769843025,795.1245968062044,0.8955876646982336,7,Wednesday,10
2013-10-23 08:00:00,2980.478000000006,2954.8270283268403,25.650971673165714,25.650971673165714,657.9723477775499,0.8606328137018847,8,Wednesday,10
2013-10-23 08:30:00,2880.958000000004,2852.6385834880925,28.31941651191164,28.31941651191164,801.9893515751337,0.9829860939281864,8,Wednesday,10
2013-10-23 09:00:00,2947.7839999999965,2809.603150554341,138.18084944565544,138.18084944565544,19093.947153522895,4.687617866358444,9,Wednesday,10
2013-10-23 09:30:00,3000.7919999999963,2889.08946670238,111.70253329761636,111.70253329761636,12477.45594510509,3.722435053733031,9,Wednesday,10
2013-10-23 10:00:00,3199.311999999992,2995.4313705031336,203.88062949685855,203.88062949685855,41567.311084035304,6.372639789331551,10,Wednesday,10
2013-10-23 10:30:00,3282.8340000000044,3279.8869582210136,2.9470417789907515,2.9470417789907515,8.685055247116974,0.08977127015836767,10,Wednesday,10
2013-10-23 11:00:00,3491.451999999993,3381.252490707572,110.19950929242077,110.19950929242077,12143.931848290333,3.1562659115010314,11,Wednesday,10
2013-10-23 11:30:00,3725.569999999991,3573.0762486854537,152.49375131453735,152.49375131453735,23254.34418997996,4.093165644841936,11,Wednesday,10
2013-10-23 12:00:00,3872.6720000000073,3874.7888371197687,-2.116837119761385,2.116837119761385,4.480999391599677,0.05466089355776532,12,Wednesday,10
2013-10-23 12:30:00,4071.427999999993,4112.347695555554,-40.91969555556125,40.91969555556125,1674.421484359819,1.0050452950552318,12,Wednesday,10
2013-10-23 13:00:00,4260.962000000002,4203.666432714285,57.29556728571697,57.29556728571697,3282.782030592121,1.3446627143287582,13,Wednesday,10
2013-10-23 13:30:00,4493.393999999985,4523.6603733798665,-30.26637337988177,30.26637337988177,916.0533575704159,0.673574883036784,13,Wednesday,10
2013-10-23 14:00:00,4683.342000000012,4741.116766988095,-57.774766988082774,57.774766988082774,3337.923700527259,1.2336226350346102,14,Wednesday,10
2013-10-23 14:30:00,4964.594000000005,4969.1149774523765,-4.520977452371881,4.520977452371881,20.43923712485494,0.09106439423590079,14,Wednesday,10
2013-10-23 15:00:00,5371.880000000009,5174.48279682143,197.39720317857882,197.39720317857882,38965.65582272513,3.6746391054636085,15,Wednesday,10
2013-10-23 15:30:00,5658.417999999991,5619.59948679365,38.81851320634087,38.81851320634087,1506.8769675508604,0.6860312053005085,15,Wednesday,10
2013-10-23 16:00:00,5999.762000000016,5873.042918563491,126.7190814365249,126.7190814365249,16057.72560011663,2.1120684693246927,16,Wednesday,10
2013-10-23 16:30:00,6384.41400000001,6257.3116414642855,127.1023585357243,127.1023585357243,16155.00954534381,1.9908226273503586,16,Wednesday,10
2013-10-23 17:00:00,6562.632000000004,6506.5522408809575,56.079759119046685,56.079759119046685,3144.9393828503,0.8545315220942855,17,Wednesday,10
2013-10-23 17:30:00,6741.122000000005,7136.7546575793685,-395.6326575793637,395.6326575793637,156525.19974331005,5.8689437393265305,17,Wednesday,10
2013-10-23 18:00:00,6661.580000000022,7237.6778296309585,-576.0978296309368,576.0978296309368,331888.7093054758,8.648065918760036,18,Wednesday,10
2013-10-23 18:30:00,6515.143999999999,7184.134877214288,-668.990877214289,668.990877214289,447548.79379594384,10.268243913170439,18,Wednesday,10
2013-10-23 19:00:00,6275.261999999986,6276.511211738089,-1.249211738102531,1.249211738102531,1.5605299666131465,0.01990692560888348,19,Wednesday,10
2013-10-23 19:30:00,5898.166000000008,5988.563223940475,-90.39722394046657,90.39722394046657,8171.6580961428635,1.5326327529687438,19,Wednesday,10
2013-10-23 20:00:00,5537.44599999998,5555.497398402896,-18.051398402915765,18.051398402915765,325.85298430078984,0.3259878002045678,20,Wednesday,10
2013-10-23 20:30:00,5192.930000000012,5182.577248523808,10.352751476204503,10.352751476204503,107.17946312805452,0.19936243077038357,20,Wednesday,10
2013-10-23 21:00:00,4681.3040000000055,4803.892223103175,-122.58822310316918,122.58822310316918,15027.872443592383,2.618676828148077,21,Wednesday,10
2013-10-23 21:30:00,4228.611999999994,4277.542840452382,-48.93084045238811,48.93084045238811,2394.2271473770606,1.1571371516797517,21,Wednesday,10
2013-10-23 22:00:00,3751.612000000013,3728.029270841268,23.58272915874477,23.58272915874477,556.1451145747108,0.6286025622784203,22,Wednesday,10
2013-10-23 22:30:00,3310.206000000003,3295.526233817457,14.67976618254579,14.67976618254579,215.495535174215,0.4434698681153312,22,Wednesday,10
2013-10-23 23:00:00,2897.715999999993,2978.5252256428544,-80.80922564286129,80.80922564286129,6530.130948998871,2.788721380661924,23,Wednesday,10
2013-10-23 23:30:00,2617.524000000001,2657.2069639761903,-39.68296397618951,39.68296397618951,1574.7376299355547,1.5160496704591628,23,Wednesday,10
2013-10-24 00:00:00,2399.9439999999963,2463.736986646823,-63.79298664682665,63.79298664682665,4069.545145322203,2.658103132690877,0,Thursday,10
2013-10-24 00:30:00,2289.3719999999994,2275.738228480159,13.633771519840593,13.633771519840593,185.87972585521646,0.5955245158864787,0,Thursday,10
2013-10-24 01:00:00,2179.2300000000005,2202.853941214285,-23.623941214284514,23.623941214284514,558.0905984959704,1.0840499265467394,1,Thursday,10
2013-10-24 01:30:00,2093.2080000000046,2120.1447308015854,-26.93673080158078,26.93673080158078,725.5874662768307,1.2868635511416313,1,Thursday,10
2013-10-24 02:00:00,2011.938000000004,2044.035945511904,-32.09794551189998,32.09794551189998,1030.2781060849,1.5953744852922864,2,Thursday,10
2013-10-24 02:30:00,1942.517999999996,1954.4467679047607,-11.928767904764754,11.928767904764754,142.2955037257457,0.614087895441112,2,Thursday,10
2013-10-24 03:00:00,1906.4139999999977,1905.42087945238,0.9931205476177638,0.9931205476177638,0.9862884221006071,0.05209364532665859,3,Thursday,10
2013-10-24 03:30:00,1909.1199999999983,1885.3827171825396,23.737282817458663,23.737282817458663,563.4585955560183,1.2433625344377872,3,Thursday,10
2013-10-24 04:00:00,1896.838000000006,1931.4208570634933,-34.582857063487154,34.582857063487154,1195.9740026735833,1.8231845346564672,4,Thursday,10
2013-10-24 04:30:00,1991.765999999997,1927.99259745238,63.7734025476168,63.7734025476168,4067.0468725003766,3.2018521526934838,4,Thursday,10
2013-10-24 05:00:00,2136.737999999992,2143.263486690475,-6.525486690482921,6.525486690482921,42.58197654766975,0.3053947976065828,5,Thursday,10
2013-10-24 05:30:00,2312.304,2382.467163309522,-70.16316330952213,70.16316330952213,4922.869485598673,3.0343399185194566,5,Thursday,10
2013-10-24 06:00:00,2616.3020000000047,2596.3178057142845,19.98419428572015,19.98419428572015,399.3680212494099,0.7638336203435274,6,Thursday,10
2013-10-24 06:30:00,2956.5459999999966,2989.2669791839826,-32.720979183985946,32.720979183985946,1070.6624787588416,1.1067299201157696,6,Thursday,10
2013-10-24 07:00:00,3067.448000000008,3269.088263087301,-201.64026308729308,201.64026308729308,40658.79569791277,6.5735511437290075,7,Thursday,10
2013-10-24 07:30:00,3027.2479999999937,3180.411557249997,-153.16355725000312,153.16355725000312,23459.075269474983,5.059498172928133,7,Thursday,10
2013-10-24 08:00:00,2838.782000000004,2922.4970466904774,-83.71504669047363,83.71504669047363,7008.209042388179,2.9489776492338446,8,Thursday,10
2013-10-24 08:30:00,2720.2979999999966,2804.807863650793,-84.50986365079643,84.50986365079643,7141.917054276204,3.1066399214643594,8,Thursday,10
2013-10-24 09:00:00,2694.192000000004,2693.8778730232325,0.31412697677160395,0.31412697677160395,0.0986757575356678,0.01165941316623327,9,Thursday,10
2013-10-24 09:30:00,2627.871999999996,2687.136689468142,-59.26468946814566,59.26468946814566,3512.303417755735,2.2552350140397155,9,Thursday,10
2013-10-24 10:00:00,2582.2919999999945,2607.329976063492,-25.037976063497354,25.037976063497354,626.9002453562664,0.969602820420673,10,Thursday,10
2013-10-24 10:30:00,2586.9020000000087,2572.594363218254,14.307636781754809,14.307636781754809,204.7084702786231,0.5530799690809609,10,Thursday,10
2013-10-24 11:00:00,2612.6159999999963,2577.8553295158727,34.76067048412369,34.76067048412369,1208.3042125058282,1.3304929038222126,11,Thursday,10
2013-10-24 11:30:00,2634.621999999993,2612.9069336064213,21.71506639357176,21.71506639357176,471.54410847722966,0.8242194285772995,11,Thursday,10
2013-10-24 12:00:00,2627.9199999999914,2624.620319670635,3.299680329356306,3.299680329356306,10.887890275940942,0.1255624345245029,12,Thursday,10
2013-10-24 12:30:00,2654.295999999992,2608.265966694443,46.030033305549296,46.030033305549296,2118.7639661099774,1.7341710685450846,12,Thursday,10
2013-10-24 13:00:00,2592.01,2640.516678999999,-48.50667899999871,48.50667899999871,2352.8979076089163,1.8713924328995146,13,Thursday,10
2013-10-24 13:30:00,2578.3799999999987,2585.108502358584,-6.728502358585047,6.728502358585047,45.27274398948454,0.2609585227385044,13,Thursday,10
2013-10-24 14:00:00,2642.6159999999973,2582.2718750793647,60.34412492063257,60.34412492063257,3641.4134124369084,2.2834995671195752,14,Thursday,10
2013-10-24 14:30:00,2686.717999999999,2636.504218237395,50.21378176260396,50.21378176260396,2521.423878902418,1.8689636114621624,14,Thursday,10
2013-10-24 15:00:00,2835.0339999999906,2802.8344561042177,32.19954389577288,32.19954389577288,1036.8106270958044,1.1357727595426717,15,Thursday,10
2013-10-24 15:30:00,3068.8080000000004,3060.6092696269834,8.198730373017042,8.198730373017042,67.21917972943217,0.26716335375224,15,Thursday,10
2013-10-24 16:00:00,3209.202000000005,3380.053206464282,-170.8512064642773,170.8512064642773,29190.134750299112,5.323790975584493,16,Thursday,10
2013-10-24 16:30:00,3433.6900000000023,3524.7667535595224,-91.07675355952006,91.07675355952006,8294.97503894155,2.6524454321595714,16,Thursday,10
2013-10-24 17:00:00,3733.9119999999934,3858.464874571429,-124.5528745714355,124.5528745714355,15513.418564007743,3.3357206750302555,17,Thursday,10
2013-10-24 17:30:00,4001.6140000000055,4121.961503011903,-120.34750301189752,120.34750301189752,14483.52148119868,3.00747405951442,17,Thursday,10
2013-10-24 18:00:00,4135.4519999999975,4332.3438616176045,-196.891861617607,196.891861617607,38766.4051712469,4.76107234753558,18,Thursday,10
2013-10-24 18:30:00,4249.128000000002,4400.879126872294,-151.75112687229193,151.75112687229193,23028.404507010444,3.5713475064128883,18,Thursday,10
2013-10-24 19:00:00,4311.557999999992,4239.463021099206,72.09497890078546,72.09497890078546,5197.685982704701,1.672132878666728,19,Thursday,10
2013-10-24 19:30:00,4298.087999999996,4378.867191460316,-80.77919146031945,80.77919146031945,6525.277772982947,1.8794215348852683,19,Thursday,10
2013-10-24 20:00:00,4178.607999999993,4263.888541103174,-85.28054110318135,85.28054110318135,7272.770690851404,2.040883976271081,20,Thursday,10
2013-10-24 20:30:00,3997.877999999994,4088.083065321425,-90.205065321431,90.205065321431,8136.953809643633,2.2563236127123223,20,Thursday,10
2013-10-24 21:00:00,3740.86200000001,3811.761162928571,-70.89916292856105,70.89916292856105,5026.691303970646,1.8952627209600585,21,Thursday,10
2013-10-24 21:30:00,3422.554000000004,3532.920655682538,-110.36665568253375,110.36665568253375,12180.79868654696,3.224687051907248,21,Thursday,10
2013-10-24 22:00:00,3065.578000000006,3112.7874570039685,-47.2094570039626,47.2094570039626,2228.732830608993,1.5399855102027256,22,Thursday,10
2013-10-24 22:30:00,2767.9400000000005,2772.406071091272,-4.466071091271715,4.466071091271715,19.945790992292928,0.16134999643314935,22,Thursday,10
2013-10-24 23:00:00,2421.688000000001,2505.96989607143,-84.28189607142895,84.28189607142895,7103.43800539515,3.480295400209644,23,Thursday,10
2013-10-24 23:30:00,2201.1160000000023,2209.2706693636346,-8.154669363632365,8.154669363632365,66.49863243016428,0.370478855436622,23,Thursday,10
2013-10-25 00:00:00,2057.170000000005,2046.2510142142849,10.918985785720224,10.918985785720224,119.2242505887603,0.5307770279422798,0,Friday,10
2013-10-25 00:30:00,1945.2140000000031,1963.3778927817443,-18.163892781741197,18.163892781741197,329.92700098659,0.9337734964760261,0,Friday,10
2013-10-25 01:00:00,1839.6019999999944,1872.8072715873009,-33.20527158730647,33.20527158730647,1102.5900611867823,1.8050247601006395,1,Friday,10
2013-10-25 01:30:00,1801.4820000000027,1807.0486183531737,-5.566618353170952,5.566618353170952,30.987239889859683,0.3090021633949684,1,Friday,10
2013-10-25 02:00:00,1739.933999999995,1771.9303977460308,-31.996397746035882,31.996397746035882,1023.7694687225301,1.8389431866976547,2,Friday,10
2013-10-25 02:30:00,1703.5079999999969,1743.5536466111098,-40.04564661111294,40.04564661111294,1603.6538125021416,2.3507753771108217,2,Friday,10
2013-10-25 03:00:00,1690.348000000002,1718.5079065079358,-28.159906507933783,28.159906507933783,792.9803345355715,1.6659236150149996,3,Friday,10
2013-10-25 03:30:00,1679.0460000000032,1722.9677330992051,-43.9217330992019,43.9217330992019,1929.1186384375278,2.615874317868707,3,Friday,10
2013-10-25 04:00:00,1729.8600000000004,1754.866243027776,-25.006243027775554,25.006243027775554,625.3121903641735,1.445564555962653,4,Friday,10
2013-10-25 04:30:00,1818.894000000001,1842.872743357143,-23.978743357142093,23.978743357142093,574.980132987686,1.3183145008528303,4,Friday,10
2013-10-25 05:00:00,2015.6980000000017,1970.3141242857132,45.38387571428848,45.38387571428848,2059.6961748499834,2.2515215927330603,5,Friday,10
2013-10-25 05:30:00,2310.050000000004,2247.407555599206,62.64244440079801,62.64244440079801,3924.07584050707,2.7117354343324998,5,Friday,10
2013-10-25 06:00:00,2621.823999999998,2610.0886365930705,11.735363406927263,11.735363406927263,137.71875429264745,0.44760302014655723,6,Friday,10
2013-10-25 06:30:00,2981.151999999995,2970.373929333335,10.778070666659914,10.778070666659914,116.16680729551489,0.3615404604213382,6,Friday,10
2013-10-25 07:00:00,3201.736,3151.713510833331,50.02248916666895,50.02248916666895,2502.2494224295124,1.5623552087576538,7,Friday,10
2013-10-25 07:30:00,3025.330000000003,3210.6643181190484,-185.3343181190453,185.3343181190453,34348.80947265148,6.126086017692122,7,Friday,10
2013-10-25 08:00:00,2927.489999999999,2841.3511415476187,86.13885845238019,86.13885845238019,7419.90293547919,2.9424134139614555,8,Friday,10
2013-10-25 08:30:00,2701.747999999994,2852.5671024285675,-150.8191024285734,150.8191024285734,22746.40165736051,5.582278673976022,8,Friday,10
2013-10-25 09:00:00,2638.6899999999937,2659.44103841847,-20.751038418476128,20.751038418476128,430.60559544507225,0.786414410881012,9,Friday,10
2013-10-25 09:30:00,2577.579999999997,2612.13005432365,-34.5500543236526,34.5500543236526,1193.706253767346,1.3404066730674757,9,Friday,10
2013-10-25 10:00:00,2541.7299999999927,2573.2807190909107,-31.550719090917937,31.550719090917937,995.4478751540136,1.2413088365372413,10,Friday,10
2013-10-25 10:30:00,2463.260000000003,2519.261742619045,-56.001742619042034,56.001742619042034,3136.1951763694287,2.273480778279271,10,Friday,10
2013-10-25 11:00:00,2496.2039999999965,2476.7652817976164,19.438718202380187,19.438718202380187,377.8637653515468,0.7787311534786506,11,Friday,10
2013-10-25 11:30:00,2492.770000000002,2499.987089265873,-7.217089265870982,7.217089265870982,52.08637747155014,0.28952086497635066,11,Friday,10
2013-10-25 12:00:00,2539.0000000000005,2490.1832867460307,48.81671325396974,48.81671325396974,2383.0714929203045,1.9226748032284258,12,Friday,10
2013-10-25 12:30:00,2453.948000000002,2541.7849713611104,-87.83697136110823,87.83697136110823,7715.3335378921465,3.5794145336864576,12,Friday,10
2013-10-25 13:00:00,2438.6580000000013,2420.042178380951,18.615821619050166,18.615821619050166,346.54881455229554,0.7633633588248191,13,Friday,10
2013-10-25 13:30:00,2446.249999999997,2404.9144362759744,41.33556372402245,41.33556372402245,1708.6288283827207,1.6897522217280532,13,Friday,10
2013-10-25 14:00:00,2379.842,2435.535783301587,-55.69378330158679,55.69378330158679,3101.7974984441075,2.340230288463973,14,Friday,10
2013-10-25 14:30:00,2400.9559999999906,2402.79486070238,-1.838860702389411,1.838860702389411,3.381408682792078,0.07658868810546375,14,Friday,10
2013-10-25 15:00:00,2541.741999999996,2530.0618355595243,11.680164440471799,11.680164440471799,136.4262413564619,0.4595338331141326,15,Friday,10
2013-10-25 15:30:00,2721.7280000000032,2677.1857120793693,44.54228792063395,44.54228792063395,1984.0154132046534,1.6365444276810137,15,Friday,10
2013-10-25 16:00:00,2836.204000000001,2949.666656190476,-113.46265619047472,113.46265619047472,12873.77434979787,4.000511112404985,16,Friday,10
2013-10-25 16:30:00,3078.8800000000083,3057.3735669087305,21.506433091277813,21.506433091277813,462.5266643096094,0.698514820040981,16,Friday,10
2013-10-25 17:00:00,3431.424000000012,3348.3541887103206,83.06981128969119,83.06981128969119,6900.593547704905,2.4208553443028578,17,Friday,10
2013-10-25 17:30:00,3632.488000000013,3913.4026498849216,-280.9146498849086,280.9146498849086,78913.04051996079,7.733395124358501,17,Friday,10
2013-10-25 18:00:00,3825.239999999988,4029.5316431309534,-204.29164313096544,204.29164313096544,41735.07545314974,5.340622892445078,18,Friday,10
2013-10-25 18:30:00,3948.9720000000057,4141.788907134923,-192.81690713491707,192.81690713491707,37178.359677075234,4.8827114280606905,18,Friday,10
2013-10-25 19:00:00,4040.30599999999,4145.8142740865815,-105.50827408659143,105.50827408659143,11131.995900731301,2.611393149097907,19,Friday,10
2013-10-25 19:30:00,4064.8380000000025,4109.850110357144,-45.012110357141864,45.012110357141864,2026.0900788035178,1.1073531185533554,19,Friday,10
2013-10-25 20:00:00,3923.020000000006,4004.210353261908,-81.19035326190215,81.19035326190215,6591.873462792464,2.0695880536398494,20,Friday,10
2013-10-25 20:30:00,3746.14999999999,3879.184591928573,-133.0345919285828,133.0345919285828,17698.20264960455,3.551235052749707,20,Friday,10
2013-10-25 21:00:00,3545.1440000000043,3617.5655683055543,-72.42156830554995,72.42156830554995,5244.883555835438,2.0428385505793236,21,Friday,10
2013-10-25 21:30:00,3322.013999999994,3423.8220113928587,-101.8080113928645,101.8080113928645,10364.871183769628,3.0646472709887638,21,Friday,10
2013-10-25 22:00:00,3083.456000000002,3069.00573522619,14.450264773811796,14.450264773811796,208.81015203326606,0.46863859169100475,22,Friday,10
2013-10-25 22:30:00,2756.957999999998,2819.2988580595247,-62.34085805952691,62.34085805952691,3886.382583598081,2.261218997878349,22,Friday,10
2013-10-25 23:00:00,2501.202000000005,2494.3416283253955,6.860371674609269,6.860371674609269,47.06469951378118,0.2742829917219503,23,Friday,10
2013-10-25 23:30:00,2276.879999999999,2264.954553599204,11.925446400795408,11.925446400795408,142.21627185824417,0.5237626225710363,23,Friday,10
2013-10-26 00:00:00,2118.0739999999964,2108.704550337301,9.369449662695388,9.369449662695388,87.78658698178272,0.442357049975374,0,Saturday,10
2013-10-26 00:30:00,2008.5219999999963,1998.7866356785717,9.73536432142464,9.73536432142464,94.77731847086785,0.4847028970270009,0,Saturday,10
2013-10-26 01:00:00,1905.753999999995,1912.85546992857,-7.10146992857517,7.10146992857517,50.43087514645744,0.37263308530771494,1,Saturday,10
2013-10-26 01:30:00,1813.6119999999933,1838.2810171865071,-24.669017186513884,24.669017186513884,608.5604089485174,1.360214708907637,1,Saturday,10
2013-10-26 02:00:00,1801.1559999999984,1757.7927132023792,43.36328679761914,43.36328679761914,1880.3746418925703,2.4075253224939526,2,Saturday,10
2013-10-26 02:30:00,1721.151999999996,1749.5913190137064,-28.439319013710474,28.439319013710474,808.7948659635941,1.652342094928893,2,Saturday,10
2013-10-26 03:00:00,1689.3279999999988,1694.124276257936,-4.796276257937052,4.796276257937052,23.00426594245065,0.283916223370302,3,Saturday,10
2013-10-26 03:30:00,1671.1340000000012,1685.427572452382,-14.293572452380886,14.293572452380886,204.30621345146173,0.8553217427436026,3,Saturday,10
2013-10-26 04:00:00,1684.897999999995,1698.1138283333328,-13.215828333337868,13.215828333337868,174.65811853625596,0.7843696374105678,4,Saturday,10
2013-10-26 04:30:00,1757.2659999999971,1752.0948826547608,5.1711173452363255,5.1711173452363255,26.740454598203982,0.29427060816269895,4,Saturday,10
2013-10-26 05:00:00,1836.831999999991,1828.706615952382,8.125384047609032,8.125384047609032,66.02186592113934,0.4423585851950027,5,Saturday,10
2013-10-26 05:30:00,2004.24,2006.838933857142,-2.598933857141901,2.598933857141901,6.75445719379848,0.129671788665125,5,Saturday,10
2013-10-26 06:00:00,2188.9179999999947,2209.99584684524,-21.077846845245404,21.077846845245404,444.2756276316216,0.9629345112628912,6,Saturday,10
2013-10-26 06:30:00,2408.937999999988,2475.548613273809,-66.6106132738214,66.6106132738214,4436.973800714592,2.765144361283758,6,Saturday,10
2013-10-26 07:00:00,2736.3739999999984,2718.398660484125,17.975339515873657,17.975339515873657,323.11283071092896,0.6569036073239135,7,Saturday,10
2013-10-26 07:30:00,2987.240000000001,2979.520320146827,7.719679853174057,7.719679853174057,59.59345703550143,0.25842181589607977,7,Saturday,10
2013-10-26 08:00:00,3004.531999999993,3093.452218392857,-88.92021839286417,88.92021839286417,7906.805239034659,2.959536406763662,8,Saturday,10
2013-10-26 08:30:00,3151.52399999999,3003.391909912696,148.13209008729382,148.13209008729382,21943.11611363013,4.70033196914554,8,Saturday,10
2013-10-26 09:00:00,3152.7499999999945,3188.890806440477,-36.140806440482265,36.140806440482265,1306.1578901684045,1.1463264274199454,9,Saturday,10
2013-10-26 09:30:00,3105.7079999999955,3142.1750704997544,-36.46707049975885,36.46707049975885,1329.847230834382,1.1741950788599218,9,Saturday,10
2013-10-26 10:00:00,3125.016000000005,3086.630512443044,38.385487556960925,38.385487556960925,1473.445654985602,1.2283293127766663,10,Saturday,10
2013-10-26 10:30:00,3025.3280000000022,3127.980411032101,-102.65241103209883,102.65241103209883,10537.517490702965,3.3931002202769003,10,Saturday,10
2013-10-26 11:00:00,2980.952000000004,3003.803949757937,-22.8519497579332,22.8519497579332,522.2116077391032,0.7665990515088189,11,Saturday,10
2013-10-26 11:30:00,3009.077999999998,3007.5574804191883,1.5205195808098324,1.5205195808098324,2.3119797956261086,0.05053107898199493,11,Saturday,10
2013-10-26 12:00:00,3003.0119999999943,3024.656617909617,-21.644617909622866,21.644617909622866,468.48948445356694,0.7207636169826463,12,Saturday,10
2013-10-26 12:30:00,2989.4419999999977,3000.772525402761,-11.330525402763215,11.330525402763215,128.3808059026625,0.3790180710233958,12,Saturday,10
2013-10-26 13:00:00,2906.9539999999984,2980.381368191014,-73.42736819101583,73.42736819101583,5391.578399459004,2.5259212285786385,13,Saturday,10
2013-10-26 13:30:00,2879.499999999998,2896.9424080720373,-17.442408072039143,17.442408072039143,304.23759935153623,0.6057443331147475,13,Saturday,10
2013-10-26 14:00:00,2891.935999999997,2874.144440632326,17.791559367670743,17.791559367670743,316.53958473335257,0.6152127629266609,14,Saturday,10
2013-10-26 14:30:00,2939.0700000000134,2900.200272434091,38.8697275659224,38.8697275659224,1510.855721049028,1.3225179245789391,14,Saturday,10
2013-10-26 15:00:00,2997.505999999996,2988.451180138656,9.054819861340093,9.054819861340093,81.98976272131901,0.3020784566015916,15,Saturday,10
2013-10-26 15:30:00,3049.4540000000056,3095.524439721988,-46.07043972198244,46.07043972198244,2122.485416176817,1.5107766741843738,15,Saturday,10
2013-10-26 16:00:00,3186.2520000000086,3180.79175365873,5.460246341278435,5.460246341278435,29.81429010744453,0.17136894198194053,16,Saturday,10
2013-10-26 16:30:00,3362.4559999999974,3321.867924730161,40.58807526983628,40.58807526983628,1647.3918541098956,1.2070961008809131,16,Saturday,10
2013-10-26 17:00:00,3587.349999999999,3610.291578027781,-22.941578027781816,22.941578027781816,526.3160024048013,0.6395132347772541,17,Saturday,10
2013-10-26 17:30:00,3792.685999999994,3914.960212238096,-122.27421223810234,122.27421223810234,14950.982978448495,3.2239476781917227,17,Saturday,10
2013-10-26 18:00:00,3925.982000000002,4055.961789019843,-129.97978901984106,129.97978901984106,16894.745553642395,3.310758659103404,18,Saturday,10
2013-10-26 18:30:00,3961.6780000000094,4152.568016817461,-190.89001681745185,190.89001681745185,36438.99852056705,4.81841322837069,18,Saturday,10
2013-10-26 19:00:00,4058.173999999999,4075.2950635714287,-17.12106357142966,17.12106357142966,293.1308178169357,0.421890820142992,19,Saturday,10
2013-10-26 19:30:00,3971.8499999999967,4046.7027538333336,-74.85275383333692,74.85275383333692,5602.934756434135,1.8845815887643538,19,Saturday,10
2013-10-26 20:00:00,3867.5760000000073,3898.3359505476215,-30.759950547614153,30.759950547614153,946.1745576916683,0.7953289230157106,20,Saturday,10
2013-10-26 20:30:00,3659.585999999998,3799.127252400795,-139.54125240079702,139.54125240079702,19471.761121582942,3.813033834996557,20,Saturday,10
2013-10-26 21:00:00,3471.4179999999856,3516.5930282618983,-45.17502826191276,45.17502826191276,2040.7831784646164,1.3013422256240228,21,Saturday,10
2013-10-26 21:30:00,3293.534000000005,3336.7558714404777,-43.22187144047257,43.22187144047257,1868.1301708167382,1.3123250417476333,21,Saturday,10
2013-10-26 22:00:00,3060.5720000000115,3079.127695273809,-18.555695273797483,18.555695273797483,344.3138270940302,0.6062819392517939,22,Saturday,10
2013-10-26 22:30:00,2831.376000000004,2803.973252738096,27.402747261907734,27.402747261907734,750.9105574999918,0.9678243815695159,22,Saturday,10
2013-10-26 23:00:00,2510.524000000007,2551.903842253968,-41.37984225396076,41.37984225396076,1712.2913449626762,1.6482551950891784,23,Saturday,10
2013-10-26 23:30:00,2346.973999999996,2285.124745027776,61.849254972220024,61.849254972220024,3825.3303406186833,2.635276529361643,23,Saturday,10
2013-10-27 00:00:00,2167.110000000004,2173.084242392857,-5.97424239285283,5.97424239285283,35.6915721685599,0.2756778563549067,0,Sunday,10
2013-10-27 00:30:00,2062.1360000000013,2035.7070199285704,26.428980071430942,26.428980071430942,698.4909876160939,1.2816312828751801,0,Sunday,10
2013-10-27 01:00:00,1992.3920000000053,1988.4116889761892,3.980311023816057,3.980311023816057,15.842875846311628,0.19977549718208296,1,Sunday,10
2013-10-27 01:30:00,1913.2579999999991,1908.4110600357144,4.846939964284729,4.846939964284729,23.492827017380453,0.2533343628661023,1,Sunday,10
2013-10-27 02:00:00,1841.506,1847.9907586125537,-6.484758612553605,6.484758612553605,42.052094263088165,0.3521443108278553,2,Sunday,10
2013-10-27 02:30:00,1789.9940000000029,1780.909995190476,9.08400480952696,9.08400480952696,82.51914337950893,0.5074880032853152,2,Sunday,10
2013-10-27 03:00:00,1718.1799999999976,1741.7519502936498,-23.571950293652208,23.571950293652208,555.6368406464104,1.3719139027140486,3,Sunday,10
2013-10-27 03:30:00,1693.2400000000027,1696.342322694444,-3.102322694441227,3.102322694441227,9.624406100445077,0.183218131773477,3,Sunday,10
2013-10-27 04:00:00,1690.309999999998,1693.073988992063,-2.7639889920651513,2.7639889920651513,7.639635148257331,0.1635196497722403,4,Sunday,10
2013-10-27 04:30:00,1688.9700000000018,1734.5428969523794,-45.572896952377505,45.572896952377505,2076.888936632019,2.698265626528444,4,Sunday,10
2013-10-27 05:00:00,1796.9879999999978,1780.5612214880955,16.426778511902285,16.426778511902285,269.83905227909463,0.9141284478194792,5,Sunday,10
2013-10-27 05:30:00,1882.2939999999933,1913.5486363095229,-31.254636309529587,31.254636309529587,976.8522908409652,1.6604545469267658,5,Sunday,10
2013-10-27 06:00:00,2073.009999999997,2057.9829096666654,15.027090333331671,15.027090333331671,225.81344388611015,0.7248923224360564,6,Sunday,10
2013-10-27 06:30:00,2278.8820000000023,2348.104016202381,-69.22201620237865,69.22201620237865,4791.687527122373,3.0375428039880337,6,Sunday,10
2013-10-27 07:00:00,2568.0820000000003,2589.8427674523814,-21.76076745238106,21.76076745238106,473.5310001166069,0.8473548528583221,7,Sunday,10
2013-10-27 07:30:00,2898.43199999999,2881.9896049047634,16.442395095226402,16.442395095226402,270.3523564675252,0.5672858668144176,7,Sunday,10
2013-10-27 08:00:00,3093.423999999998,3101.0090874761886,-7.585087476190438,7.585087476190438,57.53355202146103,0.2452003823656389,8,Sunday,10
2013-10-27 08:30:00,3214.478,3196.4210752619047,18.056924738095404,18.056924738095404,326.0525309972418,0.561737387473033,8,Sunday,10
2013-10-27 09:00:00,3249.8019999999983,3237.670453463561,12.131546536437327,12.131546536437327,147.1744213657445,0.37330109761878827,9,Sunday,10
2013-10-27 09:30:00,3301.7139999999954,3201.521173043282,100.19282695671336,100.19282695671336,10038.602573577908,3.034570134079254,9,Sunday,10
2013-10-27 10:00:00,3248.4599999999964,3313.940562678569,-65.48056267857282,65.48056267857282,4287.704088702504,2.0157416954056044,10,Sunday,10
2013-10-27 10:30:00,3191.023999999993,3173.0036773668653,18.020322633127762,18.020322633127762,324.73202780201666,0.5647191194152034,10,Sunday,10
2013-10-27 11:00:00,3177.4139999999943,3172.010413078199,5.403586921795522,5.403586921795522,29.19875162139961,0.17006241307539816,11,Sunday,10
2013-10-27 11:30:00,3202.559999999992,3177.6966891979077,24.86331080208447,24.86331080208447,618.1842240410504,0.7763573766638105,11,Sunday,10
2013-10-27 12:00:00,3185.1940000000004,3244.5545376395,-59.3605376394994,59.3605376394994,3523.673428850425,1.8636396288420545,12,Sunday,10
2013-10-27 12:30:00,3156.1040000000016,3186.8302667091693,-30.726266709167703,30.726266709167703,944.1034658829075,0.9735505138350222,12,Sunday,10
2013-10-27 13:00:00,3109.284000000001,3138.123272650961,-28.839272650960083,28.839272650960083,831.7036470364143,0.9275213409569558,13,Sunday,10
2013-10-27 13:30:00,3033.1300000000056,3106.7787736911537,-73.64877369114811,73.64877369114811,5424.1418662099495,2.4281443159755094,13,Sunday,10
2013-10-27 14:00:00,3006.136000000003,2986.808718826097,19.327281173906158,19.327281173906158,373.5437975752274,0.642927704332277,14,Sunday,10
2013-10-27 14:30:00,3003.8700000000044,2986.379455235616,17.490544764388233,17.490544764388233,305.9191561550686,0.5822670343386435,14,Sunday,10
2013-10-27 15:00:00,3111.114000000008,3072.7508952792205,38.36310472078776,38.36310472078776,1471.7278038181282,1.2330986495765714,15,Sunday,10
2013-10-27 15:30:00,3289.1779999999926,3196.213543702381,92.96445629761183,92.96445629761183,8642.39013471058,2.826373528511137,15,Sunday,10
2013-10-27 16:00:00,3463.657999999996,3471.562029492064,-7.904029492068275,7.904029492068275,62.47368221148508,0.2281989010482064,16,Sunday,10
2013-10-27 16:30:00,3728.409999999993,3706.031597591271,22.378402408722195,22.378402408722195,500.79289436670336,0.6002130240161956,16,Sunday,10
2013-10-27 17:00:00,4050.703999999993,3946.8471548055545,103.85684519443839,103.85684519443839,10786.244293741542,2.5639208689264525,17,Sunday,10
2013-10-27 17:30:00,4350.504000000005,4242.713233888889,107.79076611111668,107.79076611111668,11618.849258821461,2.4776615792357974,17,Sunday,10
2013-10-27 18:00:00,4598.811999999991,4492.374818666666,106.43718133332459,106.43718133332459,11328.873570183021,2.314449499856154,18,Sunday,10
2013-10-27 18:30:00,4574.516,4697.929287349203,-123.41328734920353,123.41328734920353,15230.83949433708,2.697843604639344,18,Sunday,10
2013-10-27 19:00:00,4553.637999999996,4541.203932896828,12.434067103168672,12.434067103168672,154.6060247261014,0.27305787379604357,19,Sunday,10
2013-10-27 19:30:00,4412.783999999992,4475.074582777776,-62.29058277778404,62.29058277778404,3880.1167027959655,1.4115937416783633,19,Sunday,10
2013-10-27 20:00:00,4265.3359999999975,4222.662447222221,42.67355277777642,42.67355277777642,1821.0321066776698,1.0004734158757116,20,Sunday,10
2013-10-27 20:30:00,4071.485999999992,4079.8747858232978,-8.388785823305625,8.388785823305625,70.37172758929343,0.20603744734246027,20,Sunday,10
2013-10-27 21:00:00,3689.030000000014,3805.814652960317,-116.78465296030299,116.78465296030299,13638.655167058407,3.1657279274037498,21,Sunday,10
2013-10-27 21:30:00,3310.465999999997,3494.6226762142846,-184.15667621428747,184.15667621428747,33913.68139429391,5.562862636688841,21,Sunday,10
2013-10-27 22:00:00,3009.228000000003,2992.665893261905,16.56210673809801,16.56210673809801,274.3033796041515,0.5503772641387756,22,Sunday,10
2013-10-27 22:30:00,2649.815999999996,2728.2150551121927,-78.39905511219649,78.39905511219649,6146.411842485223,2.958660341404709,22,Sunday,10
2013-10-27 23:00:00,2389.578000000006,2406.9881109127,-17.41011091269411,17.41011091269411,303.11196199231046,0.7285851691258484,23,Sunday,10
2013-10-27 23:30:00,2183.5140000000065,2205.6958395079355,-22.181839507929,22.181839507929,492.0340039555198,1.0158780528967954,23,Sunday,10
2013-10-28 00:00:00,1984.6600000000003,2042.347428119049,-57.68742811904872,57.68742811904872,3327.8393629904126,2.9066655305719222,0,Monday,10
2013-10-28 00:30:00,1886.5939999999923,1899.577249638889,-12.983249638896723,12.983249638896723,168.5647711859119,0.6881846141192421,0,Monday,10
2013-10-28 01:00:00,1796.0939999999946,1827.0760067857127,-30.982006785718113,30.982006785718113,959.8847444702832,1.7249657749381828,1,Monday,10
2013-10-28 01:30:00,1769.9859999999965,1753.570202154761,16.415797845235375,16.415797845235375,269.4784188956344,0.9274535417362287,1,Monday,10
2013-10-28 02:00:00,1737.8200000000002,1724.551328095237,13.268671904763096,13.268671904763096,176.05765411624952,0.7635239498200673,2,Monday,10
2013-10-28 02:30:00,1719.036000000007,1699.7839330198397,19.252066980167456,19.252066980167456,370.64208300885406,1.1199339036627143,2,Monday,10
2013-10-28 03:00:00,1675.2479999999953,1693.5544662237485,-18.306466223753205,18.306466223753205,335.1267056014169,1.0927615626912108,3,Monday,10
2013-10-28 03:30:00,1702.9799999999966,1678.2079596587294,24.772040341267257,24.772040341267257,613.6539826693723,1.4546289645954331,3,Monday,10
2013-10-28 04:00:00,1723.7939999999974,1713.679291174603,10.114708825394473,10.114708825394473,102.30733462251284,0.5867701607845537,4,Monday,10
2013-10-28 04:30:00,1828.0559999999937,1816.2486306706355,11.807369329358153,11.807369329358153,139.4139704798676,0.6458975725775465,4,Monday,10
2013-10-28 05:00:00,1954.035999999998,1995.214711869048,-41.17871186904995,41.17871186904995,1695.686311194235,2.1073671042421935,5,Monday,10
2013-10-28 05:30:00,2242.3799999999987,2127.987188432539,114.39281156745983,114.39281156745983,13085.715338308371,5.10140170566362,5,Monday,10
2013-10-28 06:00:00,2611.4859999999926,2554.5543909523803,56.931609047612255,56.931609047612255,3241.2081087501656,2.1800464964243504,6,Monday,10
2013-10-28 06:30:00,2998.401999999994,2976.5651122698414,21.83688773015274,21.83688773015274,476.84966573929523,0.7282841903838372,6,Monday,10
2013-10-28 07:00:00,3135.585999999995,3161.669985130952,-26.083985130957444,26.083985130957444,680.3742803120091,0.8318695494544716,7,Monday,10
2013-10-28 07:30:00,3089.22399999999,3094.977069039682,-5.753069039692036,5.753069039692036,33.09780337546305,0.18623023256623847,7,Monday,10
2013-10-28 08:00:00,2869.703999999996,2898.353707214287,-28.649707214291084,28.649707214291084,820.8057234646026,0.9983506039051805,8,Monday,10
2013-10-28 08:30:00,2714.6519999999864,2737.93389090476,-23.281890904773718,23.281890904773718,542.0464441017851,0.8576381394290625,8,Monday,10
2013-10-28 09:00:00,2648.0640000000026,2667.986598724748,-19.922598724745512,19.922598724745512,396.9099399472315,0.7523458165945194,9,Monday,10
2013-10-28 09:30:00,2608.318000000008,2610.333565682957,-2.0155656829492727,2.0155656829492727,4.062505022282768,0.07727453795700014,9,Monday,10
2013-10-28 10:00:00,2591.118000000001,2600.879974718955,-9.761974718954207,9.761974718954207,95.29615041350107,0.3767475938554016,10,Monday,10
2013-10-28 10:30:00,2588.9680000000035,2590.9163787579355,-1.948378757932005,1.948378757932005,3.796179784360663,0.07525696563001175,10,Monday,10
2013-10-28 11:00:00,2608.1060000000057,2592.589923321428,15.51607667857752,15.51607667857752,240.74863549549718,0.594917410510826,11,Monday,10
2013-10-28 11:30:00,2684.859999999987,2608.3109055126047,76.54909448738226,76.54909448738226,5859.763866838178,2.8511391464501923,11,Monday,10
2013-10-28 12:00:00,2645.78,2715.249476408961,-69.46947640896087,69.46947640896087,4826.008152535172,2.625670932918114,12,Monday,10
2013-10-28 12:30:00,2602.2819999999965,2629.7046050337817,-27.422605033785203,27.422605033785203,751.9992668389815,1.0537906742537988,12,Monday,10
2013-10-28 13:00:00,2598.7520000000054,2606.1945714484123,-7.442571448406852,7.442571448406852,55.391869764640866,0.28639021531900066,13,Monday,10
2013-10-28 13:30:00,2597.1600000000008,2598.1154257142844,-0.9554257142835922,0.9554257142835922,0.9128382955143124,0.03678732593616073,13,Monday,10
2013-10-28 14:00:00,2576.182,2622.1378932023804,-45.955893202380594,45.955893202380594,2111.944120028611,1.783876030590253,14,Monday,10
2013-10-28 14:30:00,2613.53199999999,2621.664649107143,-8.132649107152702,8.132649107152702,66.13998150007164,0.3111746520476019,14,Monday,10
2013-10-28 15:00:00,2914.1339999999977,2753.3669714603184,160.76702853967936,160.76702853967936,25846.03746547808,5.516802883452836,15,Monday,10
2013-10-28 15:30:00,3041.018000000005,3142.763094019841,-101.74509401983596,101.74509401983596,10352.06415710526,3.34575770415814,15,Monday,10
2013-10-28 16:00:00,3251.592000000004,3285.166001392854,-33.57400139284982,33.57400139284982,1127.2135695270817,1.0325404107541716,16,Monday,10
2013-10-28 16:30:00,3567.2600000000048,3545.5904293452377,21.669570654767085,21.669570654767085,469.5702923619428,0.6074570021463829,16,Monday,10
2013-10-28 17:00:00,3856.213999999999,4009.852100051591,-153.63810005159212,153.63810005159212,23604.66578746303,3.9841694483654733,17,Monday,10
2013-10-28 17:30:00,4257.150000000011,4237.061033869048,20.088966130962945,20.088966130962945,403.5665602109763,0.47188767440571494,17,Monday,10
2013-10-28 18:00:00,4504.290000000002,4584.489575615081,-80.19957561507908,80.19957561507908,6431.971928838788,1.780515366796522,18,Monday,10
2013-10-28 18:30:00,4640.077999999989,4634.111461535715,5.966538464273981,5.966538464273981,35.599581245660914,0.12858702944808245,18,Monday,10
2013-10-28 19:00:00,4648.601999999996,4584.51270375,64.08929624999655,64.08929624999655,4107.4378938198215,1.3786789286326642,19,Monday,10
2013-10-28 19:30:00,4519.122000000002,4577.869931726187,-58.747931726185016,58.747931726185016,3451.319482104496,1.2999855221032977,19,Monday,10
2013-10-28 20:00:00,4313.7640000000165,4299.657465285246,14.106534714770532,14.106534714770532,198.99432165902616,0.3270122036061889,20,Monday,10
2013-10-28 20:30:00,4025.196000000003,4112.849715632819,-87.65371563281633,87.65371563281633,7683.17386423863,2.1776260244921306,20,Monday,10
2013-10-28 21:00:00,3808.665999999997,3743.691489924605,64.97451007539212,64.97451007539212,4221.686959537232,1.7059650301547096,21,Monday,10
2013-10-28 21:30:00,3479.48,3529.4512953055546,-49.97129530555458,49.97129530555458,2497.130354514941,1.4361713619723226,21,Monday,10
2013-10-28 22:00:00,3142.7719999999927,3116.8430520158745,25.928947984118167,25.928947984118167,672.3103435631056,0.8250343322429444,22,Monday,10
2013-10-28 22:30:00,2789.3219999999947,2833.9696645952367,-44.64766459524208,44.64766459524208,1993.413953809233,1.6006636951647089,22,Monday,10
2013-10-28 23:00:00,2461.0400000000004,2516.079723023808,-55.03972302380771,55.03972302380771,3029.3711105374687,2.2364416272717103,23,Monday,10
2013-10-28 23:30:00,2205.1620000000044,2240.701289450935,-35.53928945093048,35.53928945093048,1263.0410946770187,1.6116407525129859,23,Monday,10
2013-10-29 00:00:00,2027.9239999999968,2044.0165609722217,-16.092560972224874,16.092560972224874,258.97051864477515,0.7935485241175162,0,Tuesday,10
2013-10-29 00:30:00,1924.4759999999944,1932.6388988373012,-8.162898837306784,8.162898837306784,66.63291742810445,0.42416215309033767,0,Tuesday,10
2013-10-29 01:00:00,1885.688000000003,1852.8320743744573,32.85592562554575,32.85592562554575,1079.511848711394,1.7423839800404783,1,Tuesday,10
2013-10-29 01:30:00,1812.160000000005,1814.1278471746011,-1.967847174596045,1.967847174596045,3.8724225025656374,0.10859124881887026,1,Tuesday,10
2013-10-29 02:00:00,1775.5159999999985,1763.7181061190463,11.797893880952188,11.797893880952188,139.1903000262091,0.6644769115542861,2,Tuesday,10
2013-10-29 02:30:00,1754.1499999999971,1741.7571937103148,12.392806289682312,12.392806289682312,153.58164773358948,0.7064849807418028,2,Tuesday,10
2013-10-29 03:00:00,1711.4339999999984,1726.42308547619,-14.989085476191576,14.989085476191576,224.67268341257724,0.8758202464244365,3,Tuesday,10
2013-10-29 03:30:00,1704.3519999999994,1704.3301089285703,0.02189107142908142,0.02189107142908142,0.0004792190083131449,0.001284421963836193,3,Tuesday,10
2013-10-29 04:00:00,1745.3599999999956,1744.0642580317458,1.2957419682497857,1.2957419682497857,1.6789472482838288,0.07423923822304791,4,Tuesday,10
2013-10-29 04:30:00,1806.254,1837.245750166667,-30.99175016666709,30.99175016666709,960.4885783931095,1.7158024379000456,4,Tuesday,10
2013-10-29 05:00:00,2003.143999999995,1948.449221273808,54.694778726186996,54.694778726186996,2991.518819906558,2.730446674137612,5,Tuesday,10
2013-10-29 05:30:00,2270.752000000002,2252.9505175833337,17.801482416668478,17.801482416668478,316.892776230957,0.7839465699763101,5,Tuesday,10
2013-10-29 06:00:00,2611.487999999995,2583.281416128425,28.20658387156982,28.20658387156982,795.6113737039027,1.0800962467210218,6,Tuesday,10
2013-10-29 06:30:00,2968.284000000001,2978.6015765317466,-10.317576531745544,10.317576531745544,106.45238548842642,0.3475939812951032,6,Tuesday,10
2013-10-29 07:00:00,3114.26999999999,3193.767115781745,-79.49711578175493,79.49711578175493,6319.791417617748,2.552672561523413,7,Tuesday,10
2013-10-29 07:30:00,3037.443999999997,3085.0554612976166,-47.611461297619826,47.611461297619826,2266.8512468947506,1.5674844144491182,7,Tuesday,10
2013-10-29 08:00:00,2822.3740000000066,2821.601159738098,0.772840261908641,0.772840261908641,0.5972820704270168,0.02738263114345013,8,Tuesday,10
2013-10-29 08:30:00,2687.639999999992,2705.090203345236,-17.450203345244063,17.450203345244063,304.5095967903671,0.6492760691626898,8,Tuesday,10
2013-10-29 09:00:00,2544.802000000004,2641.846179932901,-97.0441799328969,97.0441799328969,9417.572858848469,3.813427525320113,9,Tuesday,10
2013-10-29 09:30:00,2543.267999999992,2568.3347007301586,-25.066700730166758,25.066700730166758,628.3394854957427,0.9856098818593572,9,Tuesday,10
2013-10-29 10:00:00,2529.112,2537.2690065873,-8.157006587299747,8.157006587299747,66.53675646525147,0.32252452984682956,10,Tuesday,10
2013-10-29 10:30:00,2596.270000000003,2522.661120964284,73.60887903571938,73.60887903571938,5418.267072895169,2.8351781222954195,10,Tuesday,10
2013-10-29 11:00:00,2623.799999999995,2610.948044749999,12.851955249996081,12.851955249996081,165.17275374790182,0.48982221396433057,11,Tuesday,10
2013-10-29 11:30:00,2682.2500000000023,2635.520567272928,46.729432727074254,46.729432727074254,2183.6398829941586,1.742172904355456,11,Tuesday,10
2013-10-29 12:00:00,2679.8979999999992,2740.202387246825,-60.30438724682563,60.30438724682563,3636.619121215105,2.2502493470581957,12,Tuesday,10
2013-10-29 12:30:00,2677.4000000000046,2684.8858204658027,-7.485820465798042,7.485820465798042,56.037508046160816,0.2795929060206928,12,Tuesday,10
2013-10-29 13:00:00,2721.146000000004,2672.3534526930766,48.79254730692719,48.79254730692719,2380.7126726987276,1.793088180749108,13,Tuesday,10
2013-10-29 13:30:00,2752.2980000000043,2713.827400650794,38.47059934921026,38.47059934921026,1479.987014287457,1.3977628639489692,13,Tuesday,10
2013-10-29 14:00:00,2792.03799999999,2750.427517682539,41.61048231745099,41.61048231745099,1731.4322386909014,1.4903265040608737,14,Tuesday,10
2013-10-29 14:30:00,2892.136000000002,2811.0796494087303,81.05635059127144,81.05635059127144,6570.131971175109,2.802646576484349,14,Tuesday,10
2013-10-29 15:00:00,3187.302,3065.955468166665,121.34653183333512,121.34653183333512,14724.980787978613,3.807186511768735,15,Tuesday,10
2013-10-29 15:30:00,3435.7919999999967,3369.9628610714285,65.82913892856823,65.82913892856823,4333.475532076737,1.9159814950546565,15,Tuesday,10
2013-10-29 16:00:00,3682.98200000001,3743.25646606746,-60.27446606745025,60.27446606745025,3633.0112597162115,1.636566946768952,16,Tuesday,10
2013-10-29 16:30:00,4039.490000000007,3988.382927869047,51.107072130960205,51.107072130960205,2611.9328217991692,1.265186252001122,16,Tuesday,10
2013-10-29 17:00:00,4485.098000000008,4323.323481202382,161.77451879762611,161.77451879762611,26170.994932203484,3.6069338685046755,17,Tuesday,10
2013-10-29 17:30:00,4951.160000000015,4825.34368915476,125.81631084525543,125.81631084525543,15829.744074709939,2.541148152054368,17,Tuesday,10
2013-10-29 18:00:00,5090.419999999997,5039.74422056349,50.67577943650758,50.67577943650758,2568.034621497565,0.9955127364050042,18,Tuesday,10
2013-10-29 18:30:00,4904.089999999988,4979.337326956348,-75.24732695635976,75.24732695635976,5662.160214077306,1.5343789970485846,18,Tuesday,10
2013-10-29 19:00:00,4687.072000000002,4721.507023541815,-34.43502354181328,34.43502354181328,1185.7708463252347,0.7346809168242618,19,Tuesday,10
2013-10-29 19:30:00,4500.065999999996,4538.9535593528135,-38.887559352817334,38.887559352817334,1512.242272418891,0.8641553113402641,19,Tuesday,10
2013-10-29 20:00:00,4297.022000000009,4262.176213242676,34.84578675733337,34.84578675733337,1214.2288547375497,0.8109287491973115,20,Tuesday,10
2013-10-29 20:30:00,3987.545999999992,4092.4924944325385,-104.94649443254639,104.94649443254639,11013.76669368049,2.631856646482488,20,Tuesday,10
2013-10-29 21:00:00,3737.9739999999983,3740.985446809525,-3.01144680952666,3.01144680952666,9.068811886608302,0.08056361038163085,21,Tuesday,10
2013-10-29 21:30:00,3343.9900000000034,3503.1354232460294,-159.14542324602598,159.14542324602598,25327.26574015675,4.759147702176915,21,Tuesday,10
2013-10-29 22:00:00,2971.416000000006,2996.2028009523806,-24.786800952374506,24.786800952374506,614.3855014526337,0.8341747150979348,22,Tuesday,10
2013-10-29 22:30:00,2639.188000000001,2669.1819723510084,-29.993972351007415,29.993972351007415,899.6383773929972,1.1364848715213696,22,Tuesday,10
2013-10-29 23:00:00,2335.3120000000004,2395.4596514642853,-60.14765146428499,60.14765146428499,3617.739976669104,2.5755724059262737,23,Tuesday,10
2013-10-29 23:30:00,2149.262000000004,2159.470833678572,-10.208833678568226,10.208833678568226,104.22028507666886,0.474992517364947,23,Tuesday,10
2013-10-30 00:00:00,1987.796000000002,2018.6074950357145,-30.81149503571237,30.81149503571237,949.348226335728,1.5500330534779392,0,Wednesday,10
2013-10-30 00:30:00,1882.027999999997,1905.167535559524,-23.13953555952685,23.13953555952685,535.4381059106075,1.2295000690492854,0,Wednesday,10
2013-10-30 01:00:00,1814.0520000000013,1822.490987547615,-8.438987547613806,8.438987547613806,71.21651082878088,0.4652009726079407,1,Wednesday,10
2013-10-30 01:30:00,1760.0940000000016,1760.7176150119058,-0.6236150119041213,0.6236150119041213,0.3888956830721773,0.03543077880522976,1,Wednesday,10
2013-10-30 02:00:00,1740.790000000001,1721.0060417301574,19.78395826984365,19.78395826984365,391.40500482291503,1.136493101973451,2,Wednesday,10
2013-10-30 02:30:00,1690.8339999999978,1709.2225880158717,-18.388588015873893,18.388588015873893,338.140169217541,1.0875454370963629,2,Wednesday,10
2013-10-30 03:00:00,1661.710000000006,1693.900473690475,-32.19047369046916,32.19047369046916,1036.2265964167873,1.9371896233680395,3,Wednesday,10
2013-10-30 03:30:00,1662.7980000000005,1691.000221964286,-28.202221964285627,28.202221964285627,795.3653237228347,1.6960702360891473,3,Wednesday,10
2013-10-30 04:00:00,1702.2060000000015,1729.5744740833334,-27.368474083331876,27.368474083331876,749.0333736500086,1.607823852302944,4,Wednesday,10
2013-10-30 04:30:00,1825.6419999999976,1837.362400571428,-11.720400571430446,11.720400571430446,137.36778955478712,0.6419878909134684,4,Wednesday,10
2013-10-30 05:00:00,1993.1239999999943,2000.7177743333316,-7.593774333337251,7.593774333337251,57.66540862565161,0.38099858981866014,5,Wednesday,10
2013-10-30 05:30:00,2326.1200000000013,2253.760843654762,72.35915634523917,72.35915634523917,5235.847506994766,3.110723279333789,5,Wednesday,10
2013-10-30 06:00:00,2692.881999999996,2615.8201266327537,77.06187336724224,77.06187336724224,5938.532326868879,2.861687714769617,6,Wednesday,10
2013-10-30 06:30:00,3078.7339999999986,3106.992076265875,-28.258076265876298,28.258076265876298,798.5188742480814,0.9178472796245571,6,Wednesday,10
2013-10-30 07:00:00,3221.166000000006,3186.9258890595247,34.24011094048137,34.24011094048137,1172.385197216472,1.0629725677124775,7,Wednesday,10
2013-10-30 07:30:00,3215.122000000012,3139.823781499997,75.29821850001508,75.29821850001508,5669.821709276013,2.342001905371392,7,Wednesday,10
2013-10-30 08:00:00,2909.277999999999,3084.547029892856,-175.2690298928569,175.2690298928569,30719.23283958317,6.024485452846273,8,Wednesday,10
2013-10-30 08:30:00,2774.023999999993,2747.454171777776,26.569828222216984,26.569828222216984,705.9557717581181,0.9578081596344175,8,Wednesday,10
2013-10-30 09:00:00,2717.974000000005,2691.166337238096,26.80766276190934,26.80766276190934,718.6507827562608,0.9863104931066041,9,Wednesday,10
2013-10-30 09:30:00,2600.476000000005,2652.609357740475,-52.13335774046982,52.13335774046982,2717.8869892958046,2.0047621181841215,9,Wednesday,10
2013-10-30 10:00:00,2586.2760000000067,2572.4728472916668,13.803152708339894,13.803152708339894,190.52702468975096,0.5337076440542254,10,Wednesday,10
2013-10-30 10:30:00,2566.488000000001,2565.3699639761894,1.1180360238117828,1.1180360238117828,1.2500045505408615,0.04356287751245212,10,Wednesday,10
2013-10-30 11:00:00,2551.782000000001,2565.12249942821,-13.340499428209114,13.340499428209114,177.96892499404768,0.522791501319827,11,Wednesday,10
2013-10-30 11:30:00,2637.0000000000027,2545.717348409452,91.28265159055081,91.28265159055081,8332.52248140189,3.461609844161954,11,Wednesday,10
2013-10-30 12:00:00,2609.3939999999984,2637.012136706349,-27.61813670635047,27.61813670635047,762.7614751306631,1.0584119035435233,12,Wednesday,10
2013-10-30 12:30:00,2508.3599999999983,2606.8435153692194,-98.4835153692211,98.4835153692211,9699.002799479607,3.926211363967738,12,Wednesday,10
2013-10-30 13:00:00,2482.523999999996,2496.5053078107426,-13.981307810746785,13.981307810746785,195.47696809884906,0.5631892304262439,13,Wednesday,10
2013-10-30 13:30:00,2464.5800000000013,2491.776811166663,-27.19681116666152,27.19681116666152,739.6665376350446,1.1035069328916693,13,Wednesday,10
2013-10-30 14:00:00,2413.801999999993,2500.403144190474,-86.60114419048114,86.60114419048114,7499.758175100505,3.587748464475603,14,Wednesday,10
2013-10-30 14:30:00,2458.498000000005,2523.713180880952,-65.21518088094717,65.21518088094717,4253.019817334658,2.6526432350543723,14,Wednesday,10
2013-10-30 15:00:00,2606.146,2550.4024253611105,55.74357463888964,55.74357463888964,3107.34611352146,2.138927544308325,15,Wednesday,10
2013-10-30 15:30:00,2789.9019999999905,2769.4065794523813,20.49542054760923,20.49542054760923,420.06226342336254,0.7346286911729981,15,Wednesday,10
2013-10-30 16:00:00,2925.290000000002,2998.3408850952364,-73.05088509523466,73.05088509523466,5336.431813197178,2.497218569619922,16,Wednesday,10
2013-10-30 16:30:00,3237.1240000000075,3217.3166621309524,19.807337869055118,19.807337869055118,392.33063345890497,0.6118807271224418,16,Wednesday,10
2013-10-30 17:00:00,3590.815999999993,3698.1749472261863,-107.35894722619332,107.35894722619332,11525.943549516564,2.989820342401101,17,Wednesday,10
2013-10-30 17:30:00,3877.3080000000064,4091.961482657286,-214.6534826572797,214.6534826572797,46076.11761689908,5.536147312962482,17,Wednesday,10
2013-10-30 18:00:00,4119.898000000002,4285.401477797622,-165.50347779761978,165.50347779761978,27391.401163107224,4.0171741581374025,18,Wednesday,10
2013-10-30 18:30:00,4353.768000000012,4448.299140562768,-94.53114056275626,94.53114056275626,8936.136536095582,2.171248917323018,18,Wednesday,10
2013-10-30 19:00:00,4491.034000000006,4383.464894916663,107.56910508334295,107.56910508334295,11571.112368431277,2.395196854072866,19,Wednesday,10
2013-10-30 19:30:00,4471.696000000009,4486.433064023809,-14.737064023799576,14.737064023799576,217.18105604156776,0.32956319087432473,19,Wednesday,10
2013-10-30 20:00:00,4326.494000000003,4323.13650659874,3.3574934012631275,3.3574934012631275,11.272761939525445,0.0776030985195663,20,Wednesday,10
2013-10-30 20:30:00,4102.995999999994,4137.913017640754,-34.917017640760605,34.917017640760605,1219.1981209251874,0.8510127146300084,20,Wednesday,10
2013-10-30 21:00:00,3812.441999999992,3842.7294657222246,-30.28746572223281,30.28746572223281,917.3305798754274,0.7944374162868019,21,Wednesday,10
2013-10-30 21:30:00,3440.369999999993,3507.896418464287,-67.52641846429378,67.52641846429378,4559.817190614916,1.9627661694612477,21,Wednesday,10
2013-10-30 22:00:00,3016.9739999999983,3076.7441502857127,-59.77015028571441,59.77015028571441,3572.470865176886,1.9811291143282788,22,Wednesday,10
2013-10-30 22:30:00,2695.8740000000007,2713.6754153134907,-17.801415313489997,17.801415313489997,316.8903871633562,0.6603207462029008,22,Wednesday,10
2013-10-30 23:00:00,2389.321999999996,2426.1391762420626,-36.81717624206658,36.81717624206658,1355.5044664393918,1.5409047521458659,23,Wednesday,10
2013-10-30 23:30:00,2173.6220000000008,2187.0271490634914,-13.405149063490626,13.405149063490626,179.6980214144036,0.6167194233169623,23,Wednesday,10
2013-10-31 00:00:00,2006.7260000000035,2032.0435203095203,-25.317520309516794,25.317520309516794,640.9768346227953,1.2616331432152048,0,Thursday,10
2013-10-31 00:30:00,1899.5039999999888,1911.7790660357136,-12.275066035724876,12.275066035724876,150.67724618140642,0.6462248058295718,0,Thursday,10
2013-10-31 01:00:00,1807.8460000000048,1809.7996989126968,-1.9536989126920616,1.9536989126920616,3.816939441454144,0.10806777306762061,1,Thursday,10
2013-10-31 01:30:00,1776.5939999999996,1762.2751673928572,14.31883260714244,14.31883260714244,205.02896723136556,0.8059710100981116,1,Thursday,10
2013-10-31 02:00:00,1733.924000000001,1746.0934533730149,-12.169453373013994,12.169453373013994,148.09559539796166,0.7018446813709245,2,Thursday,10
2013-10-31 02:30:00,1685.075999999998,1705.2467054047604,-20.17070540476243,20.17070540476243,406.8573565257123,1.1970205144908868,2,Thursday,10
2013-10-31 03:00:00,1650.032000000003,1680.8585424960318,-30.82654249602865,30.82654249602865,950.2757222594603,1.8682390702743092,3,Thursday,10
2013-10-31 03:30:00,1665.2079999999942,1673.4997773769833,-8.291777376989103,8.291777376989103,68.75357206954828,0.4979424418444502,3,Thursday,10
2013-10-31 04:00:00,1700.8279999999968,1698.341297317461,2.486702682535679,2.486702682535679,6.183690231330141,0.14620541774569112,4,Thursday,10
2013-10-31 04:30:00,1822.5719999999967,1820.7450759880935,1.826924011903202,1.826924011903202,3.337651345268491,0.10023878408662074,4,Thursday,10
2013-10-31 05:00:00,1994.480000000004,1971.2001726904757,23.2798273095284,23.2798273095284,541.9503595614643,1.167212873005914,5,Thursday,10
2013-10-31 05:30:00,2337.0440000000003,2244.2487488769843,92.79525112301599,92.79525112301599,8610.9586309836,3.9706249057790943,5,Thursday,10
2013-10-31 06:00:00,2707.478000000004,2619.09785632323,88.38014367677397,88.38014367677397,7811.04979632721,3.2642977589023374,6,Thursday,10
2013-10-31 06:30:00,3071.318000000012,3018.2010743254004,53.11692567461159,53.11692567461159,2821.4077931222123,1.729450537997413,6,Thursday,10
2013-10-31 07:00:00,3198.0819999999912,3194.326521380952,3.7554786190394225,3.7554786190394225,14.103619658062248,0.11742909090634428,7,Thursday,10
2013-10-31 07:30:00,3109.273999999993,3136.5747605833326,-27.300760583339525,27.300760583339525,745.3315284288251,0.8780429316727824,7,Thursday,10
2013-10-31 08:00:00,2885.8739999999943,2880.100168178571,5.7738318214233,5.7738318214233,33.3371339020803,0.20007220763703862,8,Thursday,10
2013-10-31 08:30:00,2719.398000000004,2731.336548071426,-11.938548071422247,11.938548071422247,142.52893005365985,0.43901437271860283,8,Thursday,10
2013-10-31 09:00:00,2647.916000000001,2659.2794869660884,-11.363486966087294,11.363486966087294,129.1288360284358,0.42914831762364397,9,Thursday,10
2013-10-31 09:30:00,2599.0779999999963,2606.593063976188,-7.515063976191868,7.515063976191868,56.476186566256736,0.2891434568793964,9,Thursday,10
2013-10-31 10:00:00,2548.396000000004,2591.7521342099567,-43.35613420995287,43.35613420995287,1879.7543736314456,1.7013107150518525,10,Thursday,10
2013-10-31 10:30:00,2528.195999999999,2515.774405436506,12.421594563492818,12.421594563492818,154.29601149979433,0.4913224514038003,10,Thursday,10
2013-10-31 11:00:00,2463.845999999995,2510.7964115476184,-46.95041154762339,46.95041154762339,2204.3411444912076,1.9055741124901266,11,Thursday,10
2013-10-31 11:30:00,2463.9519999999948,2480.9003195238065,-16.948319523811733,16.948319523811733,287.245534681218,0.6878510427074784,11,Thursday,10
2013-10-31 12:00:00,2478.087999999997,2483.335331515148,-5.247331515151018,5.247331515151018,27.534488029897076,0.21174919999414968,12,Thursday,10
2013-10-31 12:30:00,2515.923999999996,2468.437411011901,47.48658898809481,47.48658898809481,2254.976133724247,1.8874413133343808,12,Thursday,10
2013-10-31 13:00:00,2501.659999999999,2474.0632227182546,27.59677728174438,27.59677728174438,761.5821163382027,1.103138607234572,13,Thursday,10
2013-10-31 13:30:00,2492.6280000000024,2475.189603579365,17.43839642063722,17.43839642063722,304.09766972329294,0.6995988338667944,13,Thursday,10
2013-10-31 14:00:00,2427.656000000006,2501.509088531745,-73.8530885317391,73.8530885317391,5454.278685676894,3.0421562417302503,14,Thursday,10
2013-10-31 14:30:00,2470.7819999999965,2504.906665666667,-34.12466566667035,34.12466566667035,1164.4928068620304,1.3811281475528963,14,Thursday,10
2013-10-31 15:00:00,2609.471999999992,2557.33332615873,52.13867384126206,52.13867384126206,2718.441309925505,1.9980545428830896,15,Thursday,10
2013-10-31 15:30:00,2737.7319999999854,2766.1721299603173,-28.440129960331888,28.440129960331888,808.8409921605675,1.0388208181199634,15,Thursday,10
2013-10-31 16:00:00,2890.471999999992,2950.113262714284,-59.64126271429177,59.64126271429177,3557.08021815517,2.063374518566239,16,Thursday,10
2013-10-31 16:30:00,3173.1979999999967,3154.1832294960327,19.014770503963973,19.014770503963973,361.56149731841833,0.5992305082747434,16,Thursday,10
2013-10-31 17:00:00,3455.9420000000014,3523.1473251150774,-67.205325115076,67.205325115076,4516.555723823064,1.9446311632277384,17,Thursday,10
2013-10-31 17:30:00,3670.9779999999855,3869.568954920635,-198.59095492064944,198.59095492064944,39438.36737629542,5.409756062843477,17,Thursday,10
2013-10-31 18:00:00,3871.33800000001,4038.109984103174,-166.77198410316396,166.77198410316396,27812.894681705973,4.30786420878682,18,Thursday,10
2013-10-31 18:30:00,4028.468,4185.280552261906,-156.8125522619066,156.8125522619066,24590.176546893188,3.8926101004626728,18,Thursday,10
2013-10-31 19:00:00,4261.226,4213.920339785715,47.30566021428422,47.30566021428422,2237.8254883093127,1.110142015802124,19,Thursday,10
2013-10-31 19:30:00,4317.543999999991,4262.487910892854,55.05608910713636,55.05608910713636,3031.1729477729386,1.2751714657021787,19,Thursday,10
2013-10-31 20:00:00,4174.5579999999945,4208.775553083333,-34.217553083338316,34.217553083338316,1170.8409390110755,0.8196688867022177,20,Thursday,10
2013-10-31 20:30:00,3961.526000000006,4063.338472805556,-101.81247280554999,101.81247280554999,10365.779618780856,2.570031669754277,20,Thursday,10
2013-10-31 21:00:00,3731.423999999996,3771.903041666669,-40.47904166667331,40.47904166667331,1638.552814252274,1.0848148499520118,21,Thursday,10
2013-10-31 21:30:00,3359.066000000002,3532.039091244588,-172.9730912445857,172.9730912445857,29919.690294707772,5.149440089732849,21,Thursday,10
2013-10-31 22:00:00,3069.987999999993,3048.31056219048,21.677437809512867,21.677437809512867,469.911309985298,0.706108226140067,22,Thursday,10
2013-10-31 22:30:00,2687.705999999995,2761.2366146865097,-73.53061468651458,73.53061468651458,5406.751296176674,2.7358131687957954,22,Thursday,10
2013-10-31 23:00:00,2401.9599999999928,2429.522108833333,-27.562108833340062,27.562108833340062,759.6698433408823,1.1474840893828433,23,Thursday,10
2013-10-31 23:30:00,2203.4640000000004,2196.110632539682,7.353367460318623,7.353367460318623,54.07201300647275,0.3337185204894939,23,Thursday,10
2013-11-01 00:00:00,2008.582,2047.473086162697,-38.891086162696865,38.891086162696865,1512.5165829143116,1.9362458770763087,0,Friday,11
2013-11-01 00:30:00,1876.7040000000025,1902.2542539047613,-25.550253904758847,25.550253904758847,652.8154745976448,1.3614429289200007,0,Friday,11
2013-11-01 01:00:00,1826.182000000003,1806.082576535715,20.099423464288066,20.099423464288066,403.98682359677366,1.1006254285875139,1,Friday,11
2013-11-01 01:30:00,1774.2859999999932,1759.3280214047609,14.957978595232362,14.957978595232362,223.7411236554295,0.8430421361174253,1,Friday,11
2013-11-01 02:00:00,1739.794,1733.1121637182523,6.681836281747792,6.681836281747792,44.646936096081156,0.38405904847055405,2,Friday,11
2013-11-01 02:30:00,1676.8999999999958,1705.368315503965,-28.46831550396928,28.46831550396928,810.4449876335376,1.6976752044826378,2,Friday,11
2013-11-01 03:00:00,1699.655999999995,1663.3366527976189,36.31934720237609,36.31934720237609,1319.0949812067443,2.136864589209593,3,Friday,11
2013-11-01 03:30:00,1677.962000000005,1681.1261715833334,-3.164171583328425,3.164171583328425,10.011981808743114,0.1885723027892417,3,Friday,11
2013-11-01 04:00:00,1722.5739999999978,1703.631720904763,18.94227909523488,18.94227909523488,358.80993732177234,1.0996496577351629,4,Friday,11
2013-11-01 04:30:00,1842.0539999999987,1798.7797848095229,43.27421519047584,43.27421519047584,1872.6577003516102,2.349237057679953,4,Friday,11
2013-11-01 05:00:00,1990.0899999999965,2001.7852127691197,-11.695212769123145,11.695212769123145,136.77800171506107,0.5876725559709947,5,Friday,11
2013-11-01 05:30:00,2246.194000000004,2227.9122832857142,18.281716714289814,18.281716714289814,334.2211660215436,0.813897495687807,5,Friday,11
2013-11-01 06:00:00,2540.3380000000107,2514.431791436507,25.906208563503696,25.906208563503696,671.1316421357523,1.0197937661643288,6,Friday,11
2013-11-01 06:30:00,2904.454000000004,2852.1521561468257,52.30184385317807,52.30184385317807,2735.4828704422207,1.800746159284258,6,Friday,11
2013-11-01 07:00:00,3142.7140000000068,3144.145461845236,-1.4314618452290233,1.4314618452290233,2.0490830143464804,0.04554858778842173,7,Friday,11
2013-11-01 07:30:00,3056.387999999992,3154.94125631746,-98.55325631746791,98.55325631746791,9712.74433077653,3.2245008263829122,7,Friday,11
2013-11-01 08:00:00,2887.932,2854.5148153214304,33.417184678569356,33.417184678569356,1116.7082318416105,1.157131978127233,8,Friday,11
2013-11-01 08:30:00,2710.782000000009,2790.169520797618,-79.38752079760934,79.38752079760934,6302.3784583908555,2.928583737003163,8,Friday,11
2013-11-01 09:00:00,2648.9039999999995,2654.787878831169,-5.883878831169568,5.883878831169568,34.62003009988536,0.22212503100035216,9,Friday,11
2013-11-01 09:30:00,2629.0060000000017,2612.1252740515874,16.880725948414238,16.880725948414238,284.95890854546576,0.6420953755303042,9,Friday,11
2013-11-01 10:00:00,2613.706,2611.142691843408,2.5633081565920293,2.5633081565920293,6.570548705651227,0.09807178606132552,10,Friday,11
2013-11-01 10:30:00,2621.0139999999915,2619.247713056999,1.7662869429923376,1.7662869429923376,3.119769564985217,0.06738945091450649,10,Friday,11
2013-11-01 11:00:00,2600.6020000000053,2621.998375937952,-21.396375937946686,21.396375937946686,457.80490327794394,0.8227470384913433,11,Friday,11
2013-11-01 11:30:00,2648.0279999999875,2605.379541297619,42.648458702368316,42.648458702368316,1818.8910296876159,1.610574310481933,11,Friday,11
2013-11-01 12:00:00,2633.7500000000045,2636.6023106699126,-2.8523106699080927,2.8523106699080927,8.135676157671552,0.10829845922764453,12,Friday,11
2013-11-01 12:30:00,2563.614000000001,2609.709082541125,-46.09508254112416,46.09508254112416,2124.756634473049,1.7980508197070284,12,Friday,11
2013-11-01 13:00:00,2524.5759999999973,2577.038657505411,-52.46265750541352,52.46265750541352,2752.330432530321,2.0780779626128734,13,Friday,11
2013-11-01 13:30:00,2504.09399999999,2507.9258590833333,-3.831859083343261,3.831859083343261,14.683144034600256,0.15302377160535013,13,Friday,11
2013-11-01 14:00:00,2479.3740000000003,2484.449777876982,-5.075777876981647,5.075777876981647,25.763521056456312,0.20472013810670137,14,Friday,11
2013-11-01 14:30:00,2578.921999999989,2485.0641231428563,93.85787685713285,93.85787685713285,8809.301048128715,3.639422861844338,14,Friday,11
2013-11-01 15:00:00,2730.1599999999967,2711.4701958253986,18.689804174598066,18.689804174598066,349.3087800848233,0.6845680903169811,15,Friday,11
2013-11-01 15:30:00,2834.851999999996,2897.345841424604,-62.49384142460758,62.49384142460758,3905.4802160039985,2.20448338836058,15,Friday,11
2013-11-01 16:00:00,2986.392000000004,3008.220378988097,-21.828378988092936,21.828378988092936,476.4781292478172,0.7309281229019133,16,Friday,11
2013-11-01 16:30:00,3184.095999999989,3177.076315783548,7.0196842164409645,7.0196842164409645,49.275966498550396,0.22046082204936623,16,Friday,11
2013-11-01 17:00:00,3467.540000000007,3488.8523966190496,-21.31239661904283,21.31239661904283,454.21824964738823,0.614625833272083,17,Friday,11
2013-11-01 17:30:00,3704.2040000000006,3804.783680801588,-100.57968080158753,100.57968080158753,10116.272190149235,2.7152846009989595,17,Friday,11
2013-11-01 18:00:00,3810.073999999996,3995.2463534880953,-185.17235348809936,185.17235348809936,34288.80049632162,4.860072363111571,18,Friday,11
2013-11-01 18:30:00,3937.1080000000056,4110.41756177381,-173.3095617738045,173.3095617738045,30036.204202228153,4.401950918638865,18,Friday,11
2013-11-01 19:00:00,4056.638000000004,4141.667371214287,-85.0293712142834,85.0293712142834,7229.9939690964065,2.0960551869376394,19,Friday,11
2013-11-01 19:30:00,4010.3340000000017,4092.825503309526,-82.49150330952443,82.49150330952443,6804.84811826528,2.05697339197993,19,Friday,11
2013-11-01 20:00:00,3944.555999999996,3975.6381647857183,-31.082164785722398,31.082164785722398,966.1009677668014,0.7879762585630026,20,Friday,11
2013-11-01 20:30:00,3792.492,3878.0001358690497,-85.50813586904951,85.50813586904951,7311.641299799831,2.2546688528031043,20,Friday,11
2013-11-01 21:00:00,3539.859999999995,3635.758650853174,-95.89865085317888,95.89865085317888,9196.551235459907,2.7091085764176834,21,Friday,11
2013-11-01 21:30:00,3359.844000000002,3437.5501798888918,-77.70617988888989,77.70617988888989,6038.250392924516,2.312791304860876,21,Friday,11
2013-11-01 22:00:00,3113.076000000008,3104.0113361428585,9.064663857149753,9.064663857149753,82.16813084311704,0.2911802942539703,22,Friday,11
2013-11-01 22:30:00,2814.0060000000058,2839.4058906904747,-25.399890690468965,25.399890690468965,645.1544470877719,0.9026238995392658,22,Friday,11
2013-11-01 23:00:00,2570.1140000000023,2540.0592561230155,30.054743876986777,30.054743876986777,903.2876295112742,1.1693934151164793,23,Friday,11
2013-11-01 23:30:00,2364.9139999999984,2337.5557804999985,27.358219499999905,27.358219499999905,748.472174210175,1.15683781735826,23,Friday,11
2013-11-02 00:00:00,2157.634000000004,2194.315501238095,-36.68150123809073,36.68150123809073,1345.532533080052,1.7000798670252073,0,Saturday,11
2013-11-02 00:30:00,2019.3940000000016,2027.2493647380932,-7.855364738091566,7.855364738091566,61.70675516845238,0.38899614132217686,0,Saturday,11
2013-11-02 01:00:00,1922.5620000000013,1920.2011611706344,2.3608388293669123,2.3608388293669123,5.573559978246533,0.12279649911768312,1,Saturday,11
2013-11-02 01:30:00,1848.336,1848.3017488055543,0.03425119444568736,0.03425119444568736,0.0011731443209562846,0.0018530826887366454,1,Saturday,11
2013-11-02 02:00:00,1779.9799999999989,1787.1925790357134,-7.212579035714498,7.212579035714498,52.02129634642828,0.40520562229432366,2,Saturday,11
2013-11-02 02:30:00,1726.5020000000006,1734.8494103134913,-8.347410313490627,8.347410313490627,69.67925894176969,0.48348686033903376,2,Saturday,11
2013-11-02 03:00:00,1717.1779999999976,1698.5078508214274,18.670149178570227,18.670149178570227,348.5744703500665,1.087257650550511,3,Saturday,11
2013-11-02 03:30:00,1699.4500000000005,1697.573832190475,1.876167809525441,1.876167809525441,3.520005649499492,0.11039852949633355,3,Saturday,11
2013-11-02 04:00:00,1694.7179999999994,1710.9918227976204,-16.27382279762105,16.27382279762105,264.83730844837066,0.960267300968129,4,Saturday,11
2013-11-02 04:30:00,1712.283999999997,1758.997457630952,-46.71345763095519,46.71345763095519,2182.147123839046,2.7281372500680536,4,Saturday,11
2013-11-02 05:00:00,1786.4700000000007,1798.8719112380963,-12.401911238095636,12.401911238095636,153.80740235760283,0.6942132382909106,5,Saturday,11
2013-11-02 05:30:00,1931.5880000000045,1920.8899816428568,10.698018357147703,10.698018357147703,114.44759676986924,0.553845766133755,5,Saturday,11
2013-11-02 06:00:00,2140.6400000000026,2104.9096270937957,35.73037290620687,35.73037290620687,1276.6595480166018,1.6691444103729178,6,Saturday,11
2013-11-02 06:30:00,2397.6659999999965,2422.3918402857166,-24.725840285720096,24.725840285720096,611.3671778349388,1.0312462321991525,6,Saturday,11
2013-11-02 07:00:00,2694.781999999998,2709.8018283174606,-15.019828317462725,15.019828317462725,225.59524268605514,0.5573671012149679,7,Saturday,11
2013-11-02 07:30:00,2950.059999999998,2992.9293438492086,-42.86934384921051,42.86934384921051,1837.7806420618429,1.4531685406130903,7,Saturday,11
2013-11-02 08:00:00,3087.2640000000124,3079.5204341349204,7.743565865092023,7.743565865092023,59.962812307018375,0.25082292492938707,8,Saturday,11
2013-11-02 08:30:00,3148.8500000000054,3119.1399454047605,29.710054595244856,29.710054595244856,882.6873440524299,0.9435207963302413,8,Saturday,11
2013-11-02 09:00:00,3200.502000000006,3130.703024246033,69.79897575397308,69.79897575397308,4871.897016303722,2.180875867409955,9,Saturday,11
2013-11-02 09:30:00,3181.870000000013,3209.5590426460944,-27.68904264608136,27.68904264608136,766.6830826565123,0.870212882552752,9,Saturday,11
2013-11-02 10:00:00,3107.661999999993,3155.8100471871,-48.14804718710684,48.14804718710684,2318.2344479318667,1.5493334599163922,10,Saturday,11
2013-11-02 10:30:00,3147.596000000006,3088.81673297759,58.77926702241575,58.77926702241575,3455.002231692452,1.8674336548405717,10,Saturday,11
2013-11-02 11:00:00,3172.615999999999,3142.297468135276,30.3185318647229,30.3185318647229,919.2133744322178,0.955631941108628,11,Saturday,11
2013-11-02 11:30:00,3281.578000000001,3170.580069324875,110.9979306751261,110.9979306751261,12320.5406141601,3.382455960977495,11,Saturday,11
2013-11-02 12:00:00,3412.1840000000025,3372.424642932537,39.75935706746532,39.75935706746532,1580.8064744182043,1.1652172645867072,12,Saturday,11
2013-11-02 12:30:00,3405.607999999981,3455.142090491233,-49.534090491251845,49.534090491251845,2453.6261207955263,1.4544859681810745,12,Saturday,11
2013-11-02 13:00:00,3497.579999999996,3391.141045145994,106.43895485400162,106.43895485400162,11329.251110412195,3.0432171631242673,13,Saturday,11
2013-11-02 13:30:00,3544.141999999998,3565.1381277857145,-20.996127785716453,20.996127785716453,440.8373819941345,0.5924177921120672,13,Saturday,11
2013-11-02 14:00:00,3691.465999999992,3629.775114119049,61.69088588094337,61.69088588094337,3805.765400775578,1.671175784388736,14,Saturday,11
2013-11-02 14:30:00,3806.552,3814.935961187229,-8.383961187229033,8.383961187229033,70.29080518896286,0.22025079881291607,14,Saturday,11
2013-11-02 15:00:00,3939.017999999996,3869.889744928574,69.12825507142179,69.12825507142179,4778.715649219553,1.7549616445373406,15,Saturday,11
2013-11-02 15:30:00,4069.529999999988,4124.097429654759,-54.56742965477133,54.56742965477133,2977.604379128418,1.3408779307382301,15,Saturday,11
2013-11-02 16:00:00,4249.511999999995,4199.211435023813,50.30056497618261,50.30056497618261,2530.146836923169,1.183678619478723,16,Saturday,11
2013-11-02 16:30:00,4409.499999999995,4440.748923008655,-31.248923008659403,31.248923008659403,976.495189201123,0.7086727068524648,16,Saturday,11
2013-11-02 17:00:00,4560.167999999993,4578.874678619049,-18.70667861905531,18.70667861905531,349.93982495662107,0.4102190669083976,17,Saturday,11
2013-11-02 17:30:00,4707.424000000011,4725.714615047619,-18.2906150476083,18.2906150476083,334.5465988197951,0.3885482813447069,17,Saturday,11
2013-11-02 18:00:00,4672.296000000016,4874.85258040476,-202.55658040474464,202.55658040474464,41029.168265263776,4.335268578975817,18,Saturday,11
2013-11-02 18:30:00,4650.650000000002,4801.448313218253,-150.79831321825077,150.79831321825077,22740.131269469664,3.2425212221571327,18,Saturday,11
2013-11-02 19:00:00,4663.788000000009,4559.468294166667,104.31970583334169,104.31970583334169,10882.601025154943,2.2368020551822143,19,Saturday,11
2013-11-02 19:30:00,4561.758000000007,4550.321675202379,11.436324797628004,11.436324797628004,130.7895248768412,0.2506999450130407,19,Saturday,11
2013-11-02 20:00:00,4398.90000000001,4358.780147500002,40.119852500007255,40.119852500007255,1609.6025646223384,0.9120428402556814,20,Saturday,11
2013-11-02 20:30:00,4188.142000000005,4175.042877579363,13.099122420641834,13.099122420641834,171.58700819096157,0.3127669124075024,20,Saturday,11
2013-11-02 21:00:00,3931.338000000005,3924.8962984242416,6.441701575763545,6.441701575763545,41.495519191194546,0.16385519575685267,21,Saturday,11
2013-11-02 21:30:00,3719.986000000008,3679.061421583333,40.924578416675104,40.924578416675104,1674.8211185825896,1.1001272159807864,21,Saturday,11
2013-11-02 22:00:00,3458.359999999992,3388.093610103173,70.26638989681896,70.26638989681896,4937.365549131782,2.0317835591673257,22,Saturday,11
2013-11-02 22:30:00,3183.231999999998,3178.8223526190504,4.4096473809477175,4.4096473809477175,19.444990024299063,0.13852736404219737,22,Saturday,11
2013-11-02 23:00:00,2919.2759999999944,2917.856173238095,1.4198267618994578,1.4198267618994578,2.0159080338058994,0.04863626330293746,23,Saturday,11
2013-11-02 23:30:00,2698.7400000000007,2656.20536575,42.534634250000636,42.534634250000636,1809.1951107813272,1.5760923338298842,23,Saturday,11
2013-11-03 00:00:00,2499.48999999999,2459.5403845039687,39.949615496021124,39.949615496021124,1595.9717782799312,1.598310675218596,0,Sunday,11
2013-11-03 00:30:00,2286.656000000008,2319.795473194444,-33.13947319443605,33.13947319443605,1098.2246836047455,1.449254859254559,0,Sunday,11
2013-11-03 01:00:00,2193.319999999997,2133.625177702381,59.694822297616156,59.694822297616156,3563.471809143971,2.7216649780978717,1,Sunday,11
2013-11-03 01:30:00,2113.993999999996,2058.601130976192,55.392869023803996,55.392869023803996,3068.3699386883045,2.620294524194681,1,Sunday,11
2013-11-03 02:00:00,2038.070000000004,2025.010540809524,13.059459190480084,13.059459190480084,170.5494743478147,0.6407757923172441,2,Sunday,11
2013-11-03 02:30:00,1954.300000000001,1954.667932944444,-0.36793294444282765,0.36793294444282765,0.13537465160636888,0.018826840528210993,2,Sunday,11
2013-11-03 03:00:00,1902.4639999999968,1901.069794035712,1.3942059642847653,1.3942059642847653,1.9438102708472123,0.07328422321183306,3,Sunday,11
2013-11-03 03:30:00,1865.568000000001,1849.998354257935,15.569645742065859,15.569645742065859,242.41386853342954,0.8345793743281322,3,Sunday,11
2013-11-03 04:00:00,1846.1960000000024,1870.9784779642853,-24.78247796428286,24.78247796428286,614.1712140501656,1.342353572658744,4,Sunday,11
2013-11-03 04:30:00,1831.771999999998,1880.5023954523813,-48.73039545238339,48.73039545238339,2374.6514409456677,2.660287167419496,4,Sunday,11
2013-11-03 05:00:00,1864.6239999999948,1911.008666392857,-46.3846663928623,46.3846663928623,2151.5372763771293,2.4876150040363325,5,Sunday,11
2013-11-03 05:30:00,1973.2140000000031,1982.635338079364,-9.421338079360794,9.421338079360794,88.76161120561373,0.4774615464597747,5,Sunday,11
2013-11-03 06:00:00,2166.282000000001,2125.5134351666657,40.768564833335404,40.768564833335404,1662.0758785698722,1.8819601895475928,6,Sunday,11
2013-11-03 06:30:00,2395.150000000001,2446.426124888527,-51.27612488852583,51.27612488852583,2629.240983583698,2.140831467278701,6,Sunday,11
2013-11-03 07:00:00,2715.5539999999905,2715.5142226746025,0.03977732538805867,0.03977732538805867,0.0015822356150274968,0.0014647959638460074,7,Sunday,11
2013-11-03 07:30:00,2980.310000000001,3059.993489238097,-79.68348923809617,79.68348923809617,6349.458457157789,2.673664459002458,7,Sunday,11
2013-11-03 08:00:00,3178.166000000001,3169.705801674603,8.460198325397869,8.460198325397869,71.57495570506491,0.26619749646172874,8,Sunday,11
2013-11-03 08:30:00,3303.238000000007,3253.5414104880947,49.69658951191241,49.69658951191241,2469.7510091155223,1.5044810429013078,8,Sunday,11
2013-11-03 09:00:00,3446.548000000008,3369.187782452378,77.36021754762987,77.36021754762987,5984.6032590166205,2.2445710185272247,9,Sunday,11
2013-11-03 09:30:00,3439.358000000001,3507.695620431068,-68.33762043106708,68.33762043106708,4670.0303661805965,1.9869295499644717,9,Sunday,11
2013-11-03 10:00:00,3537.676000000009,3450.203741502784,87.47225849722508,87.47225849722508,7651.396006605366,2.4725910031677536,10,Sunday,11
2013-11-03 10:30:00,3668.452000000001,3590.320642665085,78.13135733491617,78.13135733491617,6104.50899899636,2.1298181722131337,10,Sunday,11
2013-11-03 11:00:00,3930.261999999998,3689.079951199135,241.18204880086296,241.18204880086296,58168.78066378184,6.136538704057467,11,Sunday,11
2013-11-03 11:30:00,4034.712,4070.103708261905,-35.39170826190502,35.39170826190502,1252.5730136957964,0.8771805338746613,11,Sunday,11
2013-11-03 12:00:00,4175.014000000011,4135.347213313492,39.66678668651912,39.66678668651912,1573.4539660338103,0.9500994891638449,12,Sunday,11
2013-11-03 12:30:00,4262.171999999998,4385.604087615079,-123.4320876150814,123.4320876150814,15235.480253017131,2.8959902982582935,12,Sunday,11
2013-11-03 13:00:00,4262.320000000008,4463.470195833332,-201.15019583332378,201.15019583332378,40461.40128378451,4.719265466537553,13,Sunday,11
2013-11-03 13:30:00,4330.658000000008,4410.196332988815,-79.53833298880727,79.53833298880727,6326.346414638387,1.836633901564315,13,Sunday,11
2013-11-03 14:00:00,4517.03999999999,4429.9646056507945,87.07539434919545,87.07539434919545,7582.124301067899,1.927709171253645,14,Sunday,11
2013-11-03 14:30:00,4593.109999999994,4659.267485309524,-66.15748530952987,66.15748530952987,4376.812862480661,1.4403636165807037,14,Sunday,11
2013-11-03 15:00:00,4733.561999999999,4776.757294448411,-43.195294448411914,43.195294448411914,1865.8334624850052,0.9125325589569108,15,Sunday,11
2013-11-03 15:30:00,4828.125999999985,4950.4269109246015,-122.3009109246168,122.3009109246168,14957.512812991054,2.533092776050525,15,Sunday,11
2013-11-03 16:00:00,5066.570000000006,4985.230397674599,81.33960232540721,81.33960232540721,6616.130906455391,1.6054175176777805,16,Sunday,11
2013-11-03 16:30:00,5373.997999999985,5326.162190369048,47.83580963093664,47.83580963093664,2288.2646830472104,0.8901344889026154,16,Sunday,11
2013-11-03 17:00:00,5237.567999999997,5597.144282718251,-359.57628271825433,359.57628271825433,129295.10309347797,6.865329151206334,17,Sunday,11
2013-11-03 17:30:00,5114.125999999993,5496.915363174605,-382.78936317461194,382.78936317461194,146527.69655962495,7.484941966127007,17,Sunday,11
2013-11-03 18:00:00,4938.008000000012,5278.245713924599,-340.2377139245873,340.2377139245873,115761.70197662931,6.890181504861606,18,Sunday,11
2013-11-03 18:30:00,4834.814000000003,4908.5190881944445,-73.70508819444149,73.70508819444149,5432.440025750398,1.5244658469682897,18,Sunday,11
2013-11-03 19:00:00,4817.477999999997,4735.454721248016,82.0232787519817,82.0232787519817,6727.818257225294,1.7026186471838949,19,Sunday,11
2013-11-03 19:30:00,4750.177999999991,4674.064151749459,76.1138482505321,76.1138482505321,5793.317895505029,1.602336759812627,19,Sunday,11
2013-11-03 20:00:00,4496.73800000001,4570.700628480158,-73.96262848014794,73.96262848014794,5470.470411692391,1.6448062680135638,20,Sunday,11
2013-11-03 20:30:00,4177.284000000003,4266.000055798702,-88.71605579869902,88.71605579869902,7870.538556477877,2.1237736241706084,20,Sunday,11
2013-11-03 21:00:00,3872.978000000004,3860.898806424602,12.079193575402314,12.079193575402314,145.90691743204056,0.31188386754074776,21,Sunday,11
2013-11-03 21:30:00,3519.319999999998,3612.2021479007926,-92.88214790079473,92.88214790079473,8627.093398665107,2.639207230396633,21,Sunday,11
2013-11-03 22:00:00,3124.0259999999885,3171.0413697500003,-47.015369750011814,47.015369750011814,2210.444992730326,1.5049608982131388,22,Sunday,11
2013-11-03 22:30:00,2797.769999999997,2803.636783749996,-5.866783749999286,5.866783749999286,34.41915156925568,0.20969499815922296,22,Sunday,11
2013-11-03 23:00:00,2464.856000000006,2550.295767499999,-85.43976749999274,85.43976749999274,7299.953870452816,3.4663188234928337,23,Sunday,11
2013-11-03 23:30:00,2243.395999999996,2301.5635879523816,-58.167587952385475,58.167587952385475,3383.4682881985,2.5928363941268318,23,Sunday,11
2013-11-04 00:00:00,2103.166000000001,2126.400299722221,-23.23429972221993,23.23429972221993,539.8326835819491,1.1047297133093592,0,Monday,11
2013-11-04 00:30:00,2001.053999999992,1995.27145095238,5.7825490476118375,5.7825490476118375,33.43787348803657,0.28897516246997135,0,Monday,11
2013-11-04 01:00:00,1912.7659999999985,1927.1027002142848,-14.336700214286338,14.336700214286338,205.54097303431794,0.7495271357963468,1,Monday,11
2013-11-04 01:30:00,1846.054,1881.1841690833328,-35.1301690833327,35.1301690833327,1234.1287798235448,1.9029870785650205,1,Monday,11
2013-11-04 02:00:00,1786.8200000000006,1846.300404440476,-59.48040444047547,59.48040444047547,3537.918512402534,3.328841430053136,2,Monday,11
2013-11-04 02:30:00,1753.1439999999957,1795.8555631071415,-42.71156310714582,42.71156310714582,1824.2776230557,2.4362837911287336,2,Monday,11
2013-11-04 03:00:00,1726.1080000000045,1760.247011988094,-34.13901198808958,34.13901198808958,1165.472139522924,1.9778027787420887,3,Monday,11
2013-11-04 03:30:00,1700.263999999999,1743.5701844880937,-43.30618448809469,43.30618448809469,1875.4256149168928,2.5470270786239495,3,Monday,11
2013-11-04 04:00:00,1711.8999999999974,1767.3936110952372,-55.493611095239885,55.493611095239885,3079.5408723897312,3.2416385942660186,4,Monday,11
2013-11-04 04:30:00,1831.147999999993,1815.9231416984128,15.224858301580298,15.224858301580298,231.7963103031985,0.8314378904152125,4,Monday,11
2013-11-04 05:00:00,2002.926,1994.2783143095248,8.6476856904751,8.6476856904751,74.78246780124782,0.4317526304254426,5,Monday,11
2013-11-04 05:30:00,2280.938,2259.4595636666672,21.478436333332866,21.478436333332866,461.3232273250334,0.941649283467278,5,Monday,11
2013-11-04 06:00:00,2644.4279999999967,2564.496293547619,79.93170645237751,79.93170645237751,6389.0776963890485,3.022646351210077,6,Monday,11
2013-11-04 06:30:00,2945.341999999994,3017.8262425555567,-72.48424255556256,72.48424255556256,5253.965418853626,2.460978811817531,6,Monday,11
2013-11-04 07:00:00,3187.055999999999,3180.91977435714,6.1362256428592445,6.1362256428592445,37.65326514008335,0.19253585888855565,7,Monday,11
2013-11-04 07:30:00,3063.9239999999927,3279.8123582777766,-215.88835827778394,215.88835827778394,46607.7832398768,7.046139469444556,7,Monday,11
2013-11-04 08:00:00,2890.067999999999,2953.904775845239,-63.83677584524003,63.83677584524003,4075.1339503154204,2.2088330048026568,8,Monday,11
2013-11-04 08:30:00,2707.627999999993,2810.22620756746,-102.59820756746694,102.59820756746694,10526.392196057031,3.78922834183526,8,Monday,11
2013-11-04 09:00:00,2657.710000000005,2661.8330288160178,-4.12302881601272,4.12302881601272,16.999366617671253,0.15513463906945124,9,Monday,11
2013-11-04 09:30:00,2651.1879999999987,2623.2222610317444,27.9657389682543,27.9657389682543,782.082556040537,1.0548380185884334,9,Monday,11
2013-11-04 10:00:00,2584.833999999994,2619.520399261903,-34.68639926190917,34.68639926190917,1203.1462937565732,1.3419198007264395,10,Monday,11
2013-11-04 10:30:00,2619.308000000004,2575.55182401948,43.75617598052395,43.75617598052395,1914.6029364385809,1.6705242751338858,10,Monday,11
2013-11-04 11:00:00,2598.596000000005,2606.5438353567824,-7.947835356777432,7.947835356777432,63.16808685844145,0.3058511348735016,11,Monday,11
2013-11-04 11:30:00,2627.536000000006,2589.20442054365,38.33157945635594,38.33157945635594,1469.3099836189288,1.45884126635585,11,Monday,11
2013-11-04 12:00:00,2593.416000000001,2618.29337829762,-24.87737829761909,24.87737829761909,618.8839509628492,0.959251361818508,12,Monday,11
2013-11-04 12:30:00,2588.029999999999,2578.3982975198405,9.63170248015831,9.63170248015831,92.76969266628774,0.372163478791139,12,Monday,11
2013-11-04 13:00:00,2510.6140000000023,2574.046455247474,-63.43245524747181,63.43245524747181,4023.6763787225136,2.5265713983699505,13,Monday,11
2013-11-04 13:30:00,2471.4999999999977,2507.642192378967,-36.14219237896941,36.14219237896941,1306.2580699584346,1.4623585830050352,13,Monday,11
2013-11-04 14:00:00,2502.044000000001,2476.047194523806,25.996805476194822,25.996805476194822,675.8338949671131,1.0390227140767634,14,Monday,11
2013-11-04 14:30:00,2528.1739999999945,2522.1443081190464,6.029691880948121,6.029691880948121,36.35718417917169,0.23849987702381775,14,Monday,11
2013-11-04 15:00:00,2674.258000000003,2609.2684111309536,64.98958886904938,64.98958886904938,4223.646661368068,2.4301914351214173,15,Monday,11
2013-11-04 15:30:00,2866.7819999999915,2811.0834102182507,55.69858978174079,55.69858978174079,3102.33290367464,1.9428958944817207,15,Monday,11
2013-11-04 16:00:00,3093.578000000007,3089.8084194007906,3.7695805992161695,3.7695805992161695,14.209737893986935,0.12185180393758172,16,Monday,11
2013-11-04 16:30:00,3377.698000000006,3389.387067884917,-11.68906788491131,11.68906788491131,136.63430801806496,0.3460661043382591,16,Monday,11
2013-11-04 17:00:00,3761.964000000004,3866.7133518214296,-104.74935182142553,104.74935182142553,10972.426707008784,2.7844325948208284,17,Monday,11
2013-11-04 17:30:00,4049.351999999989,4168.625280607137,-119.27328060714808,119.27328060714808,14226.115466791487,2.9454905527390163,17,Monday,11
2013-11-04 18:00:00,4387.837999999998,4364.541660312771,23.296339687227373,23.296339687227373,542.7194428226852,0.5309298038630273,18,Monday,11
2013-11-04 18:30:00,4535.570000000011,4663.241860833332,-127.67186083332126,127.67186083332126,16300.104048642952,2.8149022247109174,18,Monday,11
2013-11-04 19:00:00,4627.7639999999865,4597.427843166667,30.336156833319365,30.336156833319365,920.2824114157492,0.6555251485019429,19,Monday,11
2013-11-04 19:30:00,4539.947999999994,4541.049978440478,-1.101978440484345,1.101978440484345,1.2143564832923088,0.024272930890053064,19,Monday,11
2013-11-04 20:00:00,4410.635999999997,4396.229923475722,14.406076524274795,14.406076524274795,207.53504082326134,0.32662129734294115,20,Monday,11
2013-11-04 20:30:00,4151.092000000007,4215.610987952379,-64.5189879523723,64.5189879523723,4162.699806398362,1.5542654306956385,20,Monday,11
2013-11-04 21:00:00,3791.609999999991,3866.561709011909,-74.95170901191796,74.95170901191796,5617.758683807223,1.9767779125996117,21,Monday,11
2013-11-04 21:30:00,3426.2139999999963,3488.4885301150784,-62.27453011508214,62.27453011508214,3878.117101054273,1.817590206422664,21,Monday,11
2013-11-04 22:00:00,3120.638000000005,3075.890113559523,44.747886440482034,44.747886440482034,2002.3733408902758,1.433933908402127,22,Monday,11
2013-11-04 22:30:00,2705.196000000002,2812.9501932777744,-107.75419327777217,107.75419327777217,11610.966168943482,3.9832305414384797,22,Monday,11
2013-11-04 23:00:00,2421.7300000000014,2418.847609626985,2.8823903730162783,2.8823903730162783,8.30817426245692,0.11902195426477258,23,Monday,11
2013-11-04 23:30:00,2189.473999999993,2191.126350212844,-1.652350212851161,1.652350212851161,2.7302612259092767,0.07546790749061949,23,Monday,11
2013-11-05 00:00:00,1993.597999999998,2031.906826583334,-38.308826583335986,38.308826583335986,1467.5661941921098,1.9215923462672024,0,Tuesday,11
2013-11-05 00:30:00,1895.3859999999984,1895.5013838888888,-0.11538388889039197,0.11538388889039197,0.01331344181547032,0.006087619560891136,0,Tuesday,11
2013-11-05 01:00:00,1803.8500000000065,1825.8108085674571,-21.960808567450613,21.960808567450613,482.27711293621223,1.2174409494941671,1,Tuesday,11
2013-11-05 01:30:00,1770.6240000000007,1753.075437571429,17.548562428571813,17.548562428571813,307.95204330948224,0.9910948020907773,1,Tuesday,11
2013-11-05 02:00:00,1699.106000000001,1724.381599714284,-25.27559971428309,25.27559971428309,638.8559409166674,1.487582276460861,2,Tuesday,11
2013-11-05 02:30:00,1669.516000000003,1682.581756422799,-13.065756422795857,13.065756422795857,170.7139908998312,0.782607439688858,2,Tuesday,11
2013-11-05 03:00:00,1658.8719999999958,1657.244215023808,1.6277849761877405,1.6277849761877405,2.649683928702523,0.09812601431501314,3,Tuesday,11
2013-11-05 03:30:00,1672.355999999999,1663.3154831587285,9.040516841270573,9.040516841270573,81.73094475729687,0.5405856672425355,3,Tuesday,11
2013-11-05 04:00:00,1680.4779999999953,1707.9924439880945,-27.514443988099174,27.514443988099174,757.0446279742467,1.6372986726454768,4,Tuesday,11
2013-11-05 04:30:00,1819.6519999999955,1825.640351388886,-5.988351388890578,5.988351388890578,35.86035235682772,0.3290932216099888,4,Tuesday,11
2013-11-05 05:00:00,2001.461999999997,1967.074177392854,34.38782260714311,34.38782260714311,1182.5223436603426,1.7181351735452963,5,Tuesday,11
2013-11-05 05:30:00,2287.299999999999,2259.4680081507945,27.831991849204314,27.831991849204314,774.6197702941754,1.2168054845977498,5,Tuesday,11
2013-11-05 06:00:00,2638.5919999999983,2543.0265886190477,95.56541138095054,95.56541138095054,9132.74785241031,3.6218335908299046,6,Tuesday,11
2013-11-05 06:30:00,3099.3640000000014,3012.7805085555565,86.58349144444492,86.58349144444492,7496.7009907102665,2.7935889893682986,6,Tuesday,11
2013-11-05 07:00:00,3254.237999999992,3207.315640869048,46.92235913094419,46.92235913094419,2201.707786413301,1.4418846787157025,7,Tuesday,11
2013-11-05 07:30:00,3175.2459999999987,3131.858506785712,43.38749321428668,43.38749321428668,1882.4745674197725,1.36642934797136,7,Tuesday,11
2013-11-05 08:00:00,3025.816,2965.622524214287,60.19347578571296,60.19347578571296,3623.254527165213,1.9893303421527602,8,Tuesday,11
2013-11-05 08:30:00,2885.543999999998,2863.062055833333,22.481944166665016,22.481944166665016,505.4378135130432,0.7791232490880413,8,Tuesday,11
2013-11-05 09:00:00,2773.020000000004,2789.7814968744574,-16.761496874453314,16.761496874453314,280.94777747230825,0.6044491880496098,9,Tuesday,11
2013-11-05 09:30:00,2685.8200000000083,2693.8796638035706,-8.059663803562216,8.059663803562216,64.95818062645097,0.3000820532858565,9,Tuesday,11
2013-11-05 10:00:00,2619.7559999999944,2636.849585761905,-17.093585761910617,17.093585761910617,292.19067419979336,0.6524877035079089,10,Tuesday,11
2013-11-05 10:30:00,2595.717999999999,2610.0400750636454,-14.32207506364648,14.32207506364648,205.12183412872432,0.5517577434700721,10,Tuesday,11
2013-11-05 11:00:00,2619.836,2602.1680950082973,17.66790499170247,17.66790499170247,312.1548667958251,0.674389732475715,11,Tuesday,11
2013-11-05 11:30:00,2622.1720000000114,2640.4592702599225,-18.28727025991111,18.28727025991111,334.4242535590294,0.6974092569027139,11,Tuesday,11
2013-11-05 12:00:00,2627.456000000013,2635.1273470535725,-7.671347053559657,7.671347053559657,58.84956561615843,0.29196862111333627,12,Tuesday,11
2013-11-05 12:30:00,2627.7040000000056,2629.012707656747,-1.3087076567412623,1.3087076567412623,1.7127157308132057,0.04980422668387533,12,Tuesday,11
2013-11-05 13:00:00,2565.6360000000027,2626.282493942461,-60.646493942458164,60.646493942458164,3677.9972275126147,2.3637996170328957,13,Tuesday,11
2013-11-05 13:30:00,2489.982000000005,2575.51497142857,-85.5329714285649,85.5329714285649,7315.8892013997,3.4350839254486476,13,Tuesday,11
2013-11-05 14:00:00,2501.100000000002,2496.0217804880936,5.078219511908628,5.078219511908628,25.788313411129504,0.20303944312137154,14,Tuesday,11
2013-11-05 14:30:00,2508.503999999998,2514.2447393452376,-5.74073934523949,5.74073934523949,32.95608822998073,0.2288511138606713,14,Tuesday,11
2013-11-05 15:00:00,2652.1579999999994,2556.6908265912703,95.4671734087292,95.4671734087292,9113.981198652371,3.599603545819262,15,Tuesday,11
2013-11-05 15:30:00,2755.407999999988,2802.309952095238,-46.901952095249726,46.901952095249726,2199.7931103451,1.7021781200914683,15,Tuesday,11
2013-11-05 16:00:00,3005.028,2966.895167333332,38.13283266666758,38.13283266666758,1454.1129271840703,1.2689676324702328,16,Tuesday,11
2013-11-05 16:30:00,3272.0539999999955,3287.27360306746,-15.219603067464504,15.219603067464504,231.63631753117494,0.46513911651410783,16,Tuesday,11
2013-11-05 17:00:00,3628.076000000016,3693.314538654761,-65.23853865474484,65.23853865474484,4256.066925806637,1.7981579948916329,17,Tuesday,11
2013-11-05 17:30:00,3880.531999999995,4106.65523925794,-226.12323925794453,226.12323925794453,51131.71933250563,5.827119561388614,17,Tuesday,11
2013-11-05 18:00:00,4161.0719999999965,4248.394890888892,-87.32289088889593,87.32289088889593,7625.287273194023,2.098567169443259,18,Tuesday,11
2013-11-05 18:30:00,4230.39,4384.950284142851,-154.56028414285083,154.56028414285083,23888.881434318788,3.6535705725205196,18,Tuesday,11
2013-11-05 19:00:00,4409.006000000002,4297.284959773807,111.72104022619533,111.72104022619533,12481.590829223154,2.533928060569554,19,Tuesday,11
2013-11-05 19:30:00,4511.5039999999935,4421.707076071428,89.79692392856577,89.79692392856577,8063.487547032629,1.9903988543192228,19,Tuesday,11
2013-11-05 20:00:00,4278.596000000018,4424.570206138887,-145.9742061388697,145.9742061388697,21308.468857873224,3.4117314684272384,20,Tuesday,11
2013-11-05 20:30:00,3999.190000000003,4117.93176349393,-118.74176349392701,118.74176349392701,14099.606397647698,2.969145339279377,20,Tuesday,11
2013-11-05 21:00:00,3690.2579999999984,3753.716683853176,-63.45868385317772,63.45868385317772,4027.0045563775584,1.7196272957928076,21,Tuesday,11
2013-11-05 21:30:00,3345.9979999999955,3475.592801313492,-129.59480131349665,129.59480131349665,16794.81252748467,3.8731284750766983,21,Tuesday,11
2013-11-05 22:00:00,3058.244000000004,3013.5863218809523,44.657678119051525,44.657678119051525,1994.3082149848133,1.4602392130598953,22,Tuesday,11
2013-11-05 22:30:00,2704.9559999999983,2741.454898142857,-36.49889814285871,36.49889814285871,1332.1695656427748,1.3493342643229216,22,Tuesday,11
2013-11-05 23:00:00,2380.2340000000054,2423.7948880833333,-43.56088808332788,43.56088808332788,1897.550970608217,1.8301094801321125,23,Tuesday,11
2013-11-05 23:30:00,2188.927999999996,2183.6230337698407,5.30496623015506,5.30496623015506,28.142666703085585,0.24235453291086184,23,Tuesday,11
2013-11-06 00:00:00,1982.68,2034.058332666665,-51.378332666664846,51.378332666664846,2639.73306760648,2.5913577918103194,0,Wednesday,11
2013-11-06 00:30:00,1860.1420000000007,1894.864098507936,-34.72209850793524,34.72209850793524,1205.624124794759,1.8666369829795377,0,Wednesday,11
2013-11-06 01:00:00,1797.6119999999949,1796.3756813412692,1.2363186587256223,1.2363186587256223,1.5284838259131217,0.06877561224144174,1,Wednesday,11
2013-11-06 01:30:00,1763.8480000000036,1739.757376830086,24.090623169917535,24.090623169917535,580.3581247149676,1.3657992735154894,1,Wednesday,11
2013-11-06 02:00:00,1718.9939999999958,1728.8498112857123,-9.855811285716527,9.855811285716527,97.13701609965726,0.5733476257460207,2,Wednesday,11
2013-11-06 02:30:00,1674.439999999993,1679.3195981507922,-4.879598150799211,4.879598150799211,23.81047811328308,0.2914167214590688,2,Wednesday,11
2013-11-06 03:00:00,1681.3579999999972,1653.3344643849182,28.023535615079027,28.023535615079027,785.3185483696027,1.6667203305351435,3,Wednesday,11
2013-11-06 03:30:00,1689.7759999999976,1669.2243888253956,20.55161117460193,20.55161117460193,422.36872187202295,1.2162328719665778,3,Wednesday,11
2013-11-06 04:00:00,1718.5260000000046,1706.1247694642852,12.401230535719378,12.401230535719378,153.79051880005875,0.7216201870509579,4,Wednesday,11
2013-11-06 04:30:00,1818.668,1814.731855523808,3.9361444761918847,3.9361444761918847,15.493233337455885,0.21643007278908988,4,Wednesday,11
2013-11-06 05:00:00,2014.6379999999936,1956.576746476189,58.06125352380445,58.06125352380445,3371.109160755495,2.881969541118784,5,Wednesday,11
2013-11-06 05:30:00,2344.767999999989,2252.95593284127,91.81206715871895,91.81206715871895,8429.455675957119,3.915614131492726,5,Wednesday,11
2013-11-06 06:00:00,2677.7119999999936,2650.839103351011,26.872896648982532,26.872896648982532,722.1525743068967,1.0035768091931692,6,Wednesday,11
2013-11-06 06:30:00,3084.412,3030.14288159524,54.269118404759865,54.269118404759865,2945.137212429846,1.7594639887524712,6,Wednesday,11
2013-11-06 07:00:00,3249.162000000004,3215.483684559524,33.678315440479764,33.678315440479764,1134.2289309084576,1.03652312320776,7,Wednesday,11
2013-11-06 07:30:00,3105.8820000000046,3128.621473579364,-22.739473579359583,22.739473579359583,517.0836586663925,0.7321422249576626,7,Wednesday,11
2013-11-06 08:00:00,2807.7100000000014,2911.689945009741,-103.97994500973982,103.97994500973982,10811.828964228518,3.7033719654002644,8,Wednesday,11
2013-11-06 08:30:00,2709.6760000000017,2690.808120797619,18.867879202382937,18.867879202382937,355.9968655957146,0.6963149543481555,8,Wednesday,11
2013-11-06 09:00:00,2609.570000000004,2663.580249664503,-54.01024966449904,54.01024966449904,2917.107068821519,2.069699209620702,9,Wednesday,11
2013-11-06 09:30:00,2537.973999999996,2589.328943101192,-51.35494310119611,51.35494310119611,2637.33018092709,2.0234621434733446,9,Wednesday,11
2013-11-06 10:00:00,2534.9220000000023,2541.20694831349,-6.284948313487803,6.284948313487803,39.500575303213175,0.24793458392359988,10,Wednesday,11
2013-11-06 10:30:00,2521.547999999994,2517.776784666664,3.7712153333300193,3.7712153333300193,14.222065090343449,0.14955952983365886,10,Wednesday,11
2013-11-06 11:00:00,2486.896000000001,2520.895142957069,-33.99914295706776,33.99914295706776,1155.9417218151304,1.3671316756739222,11,Wednesday,11
2013-11-06 11:30:00,2530.3259999999955,2495.1740083928566,35.151991607138825,35.151991607138825,1235.6625139483583,1.3892277756755014,11,Wednesday,11
2013-11-06 12:00:00,2488.863999999999,2538.477126908729,-49.61312690873001,49.61312690873001,2461.4623616617496,1.9934044973421619,12,Wednesday,11
2013-11-06 12:30:00,2497.245999999997,2484.301906353174,12.944093646822694,12.944093646822694,167.54956033771563,0.5183347434262668,12,Wednesday,11
2013-11-06 13:00:00,2485.4179999999974,2467.7003150952373,17.717684904760063,17.717684904760063,313.9163583843626,0.7128653974808294,13,Wednesday,11
2013-11-06 13:30:00,2456.887999999997,2468.9080680555544,-12.020068055557203,12.020068055557203,144.48203606022673,0.4892395605968696,13,Wednesday,11
2013-11-06 14:00:00,2431.196000000002,2433.9628983492066,-2.766898349204439,2.766898349204439,7.655726474830249,0.11380811539688435,14,Wednesday,11
2013-11-06 14:30:00,2501.1140000000005,2432.319967261905,68.79403273809567,68.79403273809567,4732.618940370178,2.7505356708289046,14,Wednesday,11
2013-11-06 15:00:00,2646.9280000000035,2610.6597992817474,36.26820071825614,36.26820071825614,1315.382383339715,1.3701997454504276,15,Wednesday,11
2013-11-06 15:30:00,2802.4219999999987,2807.841633928568,-5.41963392856951,5.41963392856951,29.372431919701786,0.19339107131508076,15,Wednesday,11
2013-11-06 16:00:00,3031.124000000011,2985.152527666669,45.97147233334226,45.97147233334226,2113.376268495253,1.5166476968062703,16,Wednesday,11
2013-11-06 16:30:00,3322.346000000007,3294.2267827103165,28.11921728969037,28.11921728969037,790.6903809848218,0.8463663113261024,16,Wednesday,11
2013-11-06 17:00:00,3654.1720000000096,3698.9531756309534,-44.781175630943835,44.781175630943835,2005.353690889438,1.2254807828132808,17,Wednesday,11
2013-11-06 17:30:00,3967.0119999999984,4076.702868083336,-109.69086808333759,109.69086808333759,12032.08654087617,2.7650752779002845,17,Wednesday,11
2013-11-06 18:00:00,4195.658000000008,4264.900164555559,-69.24216455555143,69.24216455555143,4794.477352338062,1.6503290915406188,18,Wednesday,11
2013-11-06 18:30:00,4338.6779999999935,4343.94553742063,-5.267537420636472,5.267537420636472,27.746950477805537,0.12140881209982579,18,Wednesday,11
2013-11-06 19:00:00,4459.634000000003,4350.025593595236,109.60840640476636,109.60840640476636,12014.002754592426,2.457789280572493,19,Wednesday,11
2013-11-06 19:30:00,4377.176000000007,4474.84315211111,-97.66715211110295,97.66715211110295,9538.872601493322,2.231282272202507,19,Wednesday,11
2013-11-06 20:00:00,4224.176000000007,4263.831039309522,-39.655039309514905,39.655039309514905,1572.5221426391724,0.9387638987938676,20,Wednesday,11
2013-11-06 20:30:00,4097.893999999998,4108.383272735994,-10.489272735995655,10.489272735995655,110.02484253010178,0.2559674002303539,20,Wednesday,11
2013-11-06 21:00:00,3785.102000000004,3841.6553962460334,-56.55339624602948,56.55339624602948,3198.286626960421,1.494104947397175,21,Wednesday,11
2013-11-06 21:30:00,3461.427999999993,3505.7090522460344,-44.28105224604133,44.28105224604133,1960.8115880166417,1.2792712211850548,21,Wednesday,11
2013-11-06 22:00:00,3112.8059999999978,3141.6357390714284,-28.829739071430595,28.829739071430595,831.1538549267718,0.9261656226385652,22,Wednesday,11
2013-11-06 22:30:00,2752.572000000004,2810.302068960313,-57.73006896030893,57.73006896030893,3332.7608621620243,2.097313674639895,22,Wednesday,11
2013-11-06 23:00:00,2423.949999999995,2464.8619368809555,-40.91193688096064,40.91193688096064,1673.7865793517074,1.687820989746518,23,Wednesday,11
2013-11-06 23:30:00,2172.837999999997,2201.3764668730146,-28.53846687301757,28.53846687301757,814.4440914623212,1.3134189881168135,23,Wednesday,11
2013-11-07 00:00:00,2045.991999999993,2035.713261714284,10.278738285708869,10.278738285708869,105.65246074609729,0.5023840897573845,0,Thursday,11
2013-11-07 00:30:00,1917.688000000004,1934.2666358611093,-16.57863586110534,16.57863586110534,274.851167015128,0.8645116338583392,0,Thursday,11
2013-11-07 01:00:00,1823.5400000000031,1839.946579424602,-16.40657942459893,16.40657942459893,269.175848415673,0.8997104217400717,1,Thursday,11
2013-11-07 01:30:00,1753.9239999999984,1754.4313048690476,-0.5073048690492215,0.5073048690492215,0.25735823016104775,0.02892399380185355,1,Thursday,11
2013-11-07 02:00:00,1719.2579999999955,1707.053702472222,12.204297527773406,12.204297527773406,148.94487814641607,0.7098584114643316,2,Thursday,11
2013-11-07 02:30:00,1689.2859999999955,1687.2721301785705,2.0138698214250326,2.0138698214250326,4.055671657646492,0.11921426102063463,2,Thursday,11
2013-11-07 03:00:00,1667.6180000000015,1673.3289981428572,-5.710998142855715,5.710998142855715,32.615499787701424,0.34246440988617954,3,Thursday,11
2013-11-07 03:30:00,1692.722000000001,1667.035165980158,25.68683401984299,25.68683401984299,659.8134419629632,1.5174868655244618,3,Thursday,11
2013-11-07 04:00:00,1707.7659999999978,1720.452074714285,-12.686074714287088,12.686074714287088,160.9364916564742,0.7428461928792999,4,Thursday,11
2013-11-07 04:30:00,1776.6880000000056,1809.6944643809495,-33.00646438094395,33.00646438094395,1089.426690930522,1.8577524236637974,4,Thursday,11
2013-11-07 05:00:00,2019.6979999999933,1929.643312869047,90.05468713094638,90.05468713094638,8109.846674252639,4.458819443844905,5,Thursday,11
2013-11-07 05:30:00,2309.9779999999955,2260.573073948414,49.4049260515817,49.4049260515817,2440.846718162256,2.1387617566739507,5,Thursday,11
2013-11-07 06:00:00,2613.0219999999954,2623.8656804264047,-10.843680426409264,10.843680426409264,117.58540519009141,0.41498618941628823,6,Thursday,11
2013-11-07 06:30:00,3000.303999999997,2971.7097041904776,28.59429580951928,28.59429580951928,817.6337528422919,0.9530466182599933,6,Thursday,11
2013-11-07 07:00:00,3078.4760000000056,3207.463403734125,-128.98740373411965,128.98740373411965,16637.750322068783,4.18997594050171,7,Thursday,11
2013-11-07 07:30:00,3020.3419999999983,3061.3610458095227,-41.019045809524414,41.019045809524414,1682.5621191238624,1.3580927527255005,7,Thursday,11
2013-11-07 08:00:00,2794.2399999999952,2846.713098904763,-52.47309890476754,52.47309890476754,2753.4261086695165,1.8779023600251812,8,Thursday,11
2013-11-07 08:30:00,2640.5739999999896,2681.741646123014,-41.1676461230245,41.1676461230245,1694.7750873105738,1.559041561532631,8,Thursday,11
2013-11-07 09:00:00,2575.214000000004,2592.472399997836,-17.25839999783193,17.25839999783193,297.8523704851652,0.6701734301627711,9,Thursday,11
2013-11-07 09:30:00,2537.258000000005,2564.2211515353542,-26.963151535349425,26.963151535349425,727.0115407182161,1.0626886006606098,9,Thursday,11
2013-11-07 10:00:00,2530.660000000001,2526.431519146824,4.228480853177189,4.228480853177189,17.880050325686085,0.16709004185379256,10,Thursday,11
2013-11-07 10:30:00,2561.281999999995,2522.9538125357126,38.328187464282564,38.328187464282564,1469.049954297187,1.4964454310100426,10,Thursday,11
2013-11-07 11:00:00,2592.5039999999967,2569.58120527453,22.9227947254667,22.9227947254667,525.454518025884,0.8841951536223948,11,Thursday,11
2013-11-07 11:30:00,2678.136000000004,2611.680224916667,66.4557750833369,66.4557750833369,4416.370041927062,2.481418982581049,11,Thursday,11
2013-11-07 12:00:00,2727.960000000002,2764.2419352976167,-36.28193529761484,36.28193529761484,1316.3788289403094,1.3300024669575365,12,Thursday,11
2013-11-07 12:30:00,2731.807999999992,2831.41603997619,-99.60803997619814,99.60803997619814,9921.761627899887,3.646231359458587,12,Thursday,11
2013-11-07 13:00:00,2719.943999999997,2774.558324297619,-54.61432429762226,54.61432429762226,2982.724418485853,2.0079209093136594,13,Thursday,11
2013-11-07 13:30:00,2694.242000000012,2745.633380904762,-51.391380904749894,51.391380904749894,2641.074031297092,1.9074522965921274,13,Thursday,11
2013-11-07 14:00:00,2785.235999999998,2718.5695256825384,66.66647431745969,66.66647431745969,4444.418797920513,2.39356644526567,14,Thursday,11
2013-11-07 14:30:00,3009.2859999999973,2824.691822761905,184.59417723809247,184.59417723809247,34075.010270208295,6.134151996124417,14,Thursday,11
2013-11-07 15:00:00,3231.081999999996,3122.7868912500007,108.29510874999505,108.29510874999505,11727.830579173255,3.351666988024296,15,Thursday,11
2013-11-07 15:30:00,3471.758000000002,3336.1296855714318,135.62831442857032,135.62831442857032,18395.039674735137,3.9066177547101564,15,Thursday,11
2013-11-07 16:00:00,3680.692000000011,3717.0337265357152,-36.34172653570431,36.34172653570431,1320.721087595915,0.9873612498873637,16,Thursday,11
2013-11-07 16:30:00,3901.115999999995,3926.710703444443,-25.594703444447987,25.594703444447987,655.0888444092376,0.6560867055593328,16,Thursday,11
2013-11-07 17:00:00,4170.447999999998,4201.038817420635,-30.590817420636995,30.590817420636995,935.7981104627479,0.7335139395248906,17,Thursday,11
2013-11-07 17:30:00,4460.988000000014,4448.905244906927,12.082755093087144,12.082755093087144,145.99297063952332,0.2708537905299702,17,Thursday,11
2013-11-07 18:00:00,4567.554000000016,4607.15410404762,-39.60010404760487,39.60010404760487,1568.1682405811318,0.8669871017968203,18,Thursday,11
2013-11-07 18:30:00,4554.407999999996,4563.99373072619,-9.585730726194015,9.585730726194015,91.88623355510003,0.21047149763907896,18,Thursday,11
2013-11-07 19:00:00,4810.253999999998,4481.962665142854,328.29133485714374,328.29133485714374,107775.20054228528,6.824823280790242,19,Thursday,11
2013-11-07 19:30:00,4754.606000000005,4718.3239622500005,36.28203775000475,36.28203775000475,1316.3862632927696,0.763092415018294,19,Thursday,11
2013-11-07 20:00:00,4627.806000000009,4573.984033060362,53.8219669396467,53.8219669396467,2896.804125252422,1.1630126012120343,20,Thursday,11
2013-11-07 20:30:00,4324.944000000007,4465.579199735931,-140.6351997359243,140.6351997359243,19778.259404763317,3.2517230219841937,20,Thursday,11
2013-11-07 21:00:00,4100.763999999985,4036.432088964285,64.3319110356997,64.3319110356997,4138.594777505182,1.5687786723571497,21,Thursday,11
2013-11-07 21:30:00,3775.645999999994,3826.40627177381,-50.760271773816385,50.760271773816385,2576.6051905517,1.3444128971258553,21,Thursday,11
2013-11-07 22:00:00,3409.4379999999974,3417.5829497222185,-8.1449497222211,8.1449497222211,66.34020597750957,0.23889420257007477,22,Thursday,11
2013-11-07 22:30:00,2977.97800000001,3044.8983777380954,-66.92037773808534,66.92037773808534,4478.336956608027,2.247175020704824,22,Thursday,11
2013-11-07 23:00:00,2661.8619999999946,2674.9754287619016,-13.113428761907016,13.113428761907016,171.9620138936102,0.4926411948443249,23,Thursday,11
2013-11-07 23:30:00,2397.5619999999985,2407.3721095833325,-9.810109583333997,9.810109583333997,96.23825003702153,0.40917021471536513,23,Thursday,11
2013-11-08 00:00:00,2206.438000000004,2198.1529632936504,8.285036706353822,8.285036706353822,68.64183322563018,0.3754937463166337,0,Friday,11
2013-11-08 00:30:00,2079.917999999993,2047.974708484127,31.943291515865894,31.943291515865894,1020.3738728675901,1.535795714824623,0,Friday,11
2013-11-08 01:00:00,2016.3039999999955,1956.6320859880927,59.6719140119028,59.6719140119028,3560.7373218439216,2.9594701003371977,1,Friday,11
2013-11-08 01:30:00,1929.492000000003,1928.11942947619,1.3725705238130104,1.3725705238130104,1.8839498428403216,0.07113636769745656,1,Friday,11
2013-11-08 02:00:00,1872.782,1878.1090083769832,-5.327008376983258,5.327008376983258,28.377018248449804,0.28444359124464347,2,Friday,11
2013-11-08 02:30:00,1805.1800000000017,1834.372029869048,-29.192029869046337,29.192029869046337,852.1746078752935,1.617125708740752,2,Friday,11
2013-11-08 03:00:00,1800.6779999999967,1764.8609511547609,35.81704884523583,35.81704884523583,1282.8609879820094,1.9890868242537476,3,Friday,11
2013-11-08 03:30:00,1783.3539999999955,1798.6964006904757,-15.34240069048019,15.34240069048019,235.38925894724701,0.860311564079831,3,Friday,11
2013-11-08 04:00:00,1808.8359999999984,1802.044912579364,6.791087420634312,6.791087420634312,46.1188683546976,0.37543964298777327,4,Friday,11
2013-11-08 04:30:00,1913.4099999999964,1866.1958275714287,47.214172428567736,47.214172428567736,2229.1780781145258,2.467540800380881,4,Friday,11
2013-11-08 05:00:00,2030.663999999998,2073.10695786508,-42.44295786508201,42.44295786508201,1801.4046723371266,2.0901024426040964,5,Friday,11
2013-11-08 05:30:00,2328.995999999994,2279.3645105476185,49.63148945237572,49.63148945237572,2463.2847452612823,2.1310251049111226,5,Friday,11
2013-11-08 06:00:00,2562.119999999996,2646.9177535396816,-84.7977535396858,84.7977535396858,7190.659005377295,3.3096714259943303,6,Friday,11
2013-11-08 06:30:00,2960.452000000004,2899.737677571426,60.714322428577816,60.714322428577816,3686.2289479613073,2.0508463717222147,6,Friday,11
2013-11-08 07:00:00,3099.528,3159.2066690476167,-59.67866904761695,59.67866904761695,3561.5435392949935,1.9254115158055343,7,Friday,11
2013-11-08 07:30:00,3073.642000000002,3084.2832566349184,-10.641256634916317,10.641256634916317,113.23634277015054,0.3462100216914107,7,Friday,11
2013-11-08 08:00:00,2876.191999999998,2858.9270039563503,17.264996043647898,17.264996043647898,298.08008838717757,0.6002727232273752,8,Friday,11
2013-11-08 08:30:00,2783.4860000000003,2769.6037349523795,13.882265047620876,13.882265047620876,192.71728285239627,0.4987366578319731,8,Friday,11
2013-11-08 09:00:00,2834.468000000006,2700.485705964284,133.98229403572213,133.98229403572213,17951.255115074702,4.726893866352411,9,Friday,11
2013-11-08 09:30:00,2884.9919999999925,2748.898804460317,136.09319553967543,136.09319553967543,18521.357872200333,4.717281557095333,9,Friday,11
2013-11-08 10:00:00,2927.6659999999983,2851.437477226189,76.22852277380935,76.22852277380935,5810.78768427717,2.6037301650464704,10,Friday,11
2013-11-08 10:30:00,3079.934000000001,2906.458316417579,173.47568358242188,173.47568358242188,30093.812794388556,5.632448084355763,10,Friday,11
2013-11-08 11:00:00,3321.651999999995,3118.178404321428,203.4735956785671,203.4735956785671,41401.504138365,6.125674684722163,11,Friday,11
2013-11-08 11:30:00,3547.5999999999885,3408.585879134919,139.01412086506934,139.01412086506934,19324.925799888108,3.9185398823167716,11,Friday,11
2013-11-08 12:00:00,3687.929999999995,3697.608718773809,-9.678718773814126,9.678718773814126,93.67759710258201,0.26244312592197083,12,Friday,11
2013-11-08 12:30:00,3860.76,3830.334611726913,30.425388273087265,30.425388273087265,925.7042515681161,0.7880673306055611,12,Friday,11
2013-11-08 13:00:00,4063.858,4108.980324638888,-45.12232463888813,45.12232463888813,2036.024180817211,1.1103322172892884,13,Friday,11
2013-11-08 13:30:00,4190.729999999991,4195.816342178569,-5.086342178577979,5.086342178577979,25.870876757581385,0.12137126893352684,13,Friday,11
2013-11-08 14:00:00,4338.968,4410.729506797617,-71.76150679761759,71.76150679761759,5149.7138578645145,1.6538842138872096,14,Friday,11
2013-11-08 14:30:00,4552.452000000005,4550.803662511902,1.6483374881026975,1.6483374881026975,2.7170164746847107,0.03620768517938675,14,Friday,11
2013-11-08 15:00:00,4970.831999999978,4767.463945666662,203.36805433331574,203.36805433331574,41358.565523318466,4.0912276724161405,15,Friday,11
2013-11-08 15:30:00,5286.853999999996,5177.918992718257,108.93500728173876,108.93500728173876,11866.835811472478,2.060488284369851,15,Friday,11
2013-11-08 16:00:00,5553.240000000021,5539.222263900795,14.017736099225658,14.017736099225658,196.49692534753416,0.25242446030111443,16,Friday,11
2013-11-08 16:30:00,5799.668000000012,5767.497866456348,32.17013354366463,32.17013354366463,1034.9174922172165,0.5546892260671571,16,Friday,11
2013-11-08 17:00:00,5860.252000000006,5881.541749984127,-21.289749984121045,21.289749984121045,453.25345438638203,0.36329069098258954,17,Friday,11
2013-11-08 17:30:00,5899.87399999999,6023.7175196627,-123.8435196627106,123.8435196627106,15337.217362448187,2.0990875341187083,17,Friday,11
2013-11-08 18:00:00,5930.637999999996,6027.95459658334,-97.31659658334411,97.31659658334411,9470.519970565341,1.6409127750394505,18,Friday,11
2013-11-08 18:30:00,5793.081999999983,5829.288327452382,-36.20632745239891,36.20632745239891,1310.898147590335,0.6249924902219408,18,Friday,11
2013-11-08 19:00:00,5691.562000000022,5549.996499157698,141.56550084232367,141.56550084232367,20040.791028737945,2.4872873359250613,19,Friday,11
2013-11-08 19:30:00,5563.795999999999,5499.537810762744,64.25818923725546,64.25818923725546,4129.114884050934,1.1549343152994012,19,Friday,11
2013-11-08 20:00:00,5393.456000000009,5324.7282440671,68.72775593290953,68.72775593290953,4723.504435573581,1.2742804601151732,20,Friday,11
2013-11-08 20:30:00,5051.990000000001,5166.521538678569,-114.53153867856872,114.53153867856872,13117.473352080484,2.267057905470294,20,Friday,11
2013-11-08 21:00:00,4763.990000000007,4694.585931738093,69.40406826191429,69.40406826191429,4816.924691304458,1.456847479988711,21,Friday,11
2013-11-08 21:30:00,4456.516000000003,4439.418889003971,17.097110996031915,17.097110996031915,292.3112044106354,0.3836429846999742,21,Friday,11
2013-11-08 22:00:00,4077.505999999986,4053.361042571425,24.144957428561156,24.144957428561156,582.9789692270306,0.5921501385543328,22,Friday,11
2013-11-08 22:30:00,3728.604000000001,3640.027684162697,88.57631583730426,88.57631583730426,7845.763727309878,2.3755892510254304,22,Friday,11
2013-11-08 23:00:00,3383.2180000000017,3345.872816047616,37.34518395238547,37.34518395238547,1394.6627644375092,1.1038361687714315,23,Friday,11
2013-11-08 23:30:00,3074.9680000000067,3105.050215198409,-30.082215198402537,30.082215198402537,904.9396712430006,0.9782936017026022,23,Friday,11
2013-11-09 00:00:00,2828.9760000000024,2792.024234706351,36.95176529365153,36.95176529365153,1365.43295831711,1.306188716116768,0,Saturday,11
2013-11-09 00:30:00,2635.108000000001,2594.63147704762,40.47652295238095,40.47652295238095,1638.3489103146217,1.536047970420223,0,Saturday,11
2013-11-09 01:00:00,2470.799999999998,2480.390191420635,-9.590191420636984,9.590191420636984,91.97177148445921,0.388141145403796,1,Saturday,11
2013-11-09 01:30:00,2386.982000000007,2347.22394754762,39.75805245238689,39.75805245238689,1580.7027348067472,1.6656201199835934,1,Saturday,11
2013-11-09 02:00:00,2274.329999999997,2284.038705317458,-9.708705317460954,9.708705317460954,94.2589589412946,0.42688199678415034,2,Saturday,11
2013-11-09 02:30:00,2176.7100000000005,2205.790188932542,-29.08018893254166,29.08018893254166,845.6573883523184,1.3359698321109221,2,Saturday,11
2013-11-09 03:00:00,2123.864000000005,2131.445831281747,-7.58183128174187,7.58183128174187,57.48416558479957,0.35698289917536397,3,Saturday,11
2013-11-09 03:30:00,2091.302000000002,2078.015900309523,13.28609969047875,13.28609969047875,176.52044498533954,0.6353027774314154,3,Saturday,11
2013-11-09 04:00:00,2074.0979999999927,2087.3065383333324,-13.208538333339675,13.208538333339675,174.46548490330363,0.6368328947494151,4,Saturday,11
2013-11-09 04:30:00,2080.604,2060.408374071426,20.195625928573918,20.195625928573918,407.8633066468871,0.9706616890371219,4,Saturday,11
2013-11-09 05:00:00,2140.9820000000022,2178.8447389999974,-37.862738999995145,37.862738999995145,1433.5870045817533,1.768475353832732,5,Saturday,11
2013-11-09 05:30:00,2260.794000000003,2282.6444905436497,-21.85049054364663,21.85049054364663,477.44393699799076,0.9664963080955893,5,Saturday,11
2013-11-09 06:00:00,2424.6579999999944,2466.9786196428568,-42.32061964286231,42.32061964286231,1791.0348469558232,1.7454263505559304,6,Saturday,11
2013-11-09 06:30:00,2676.2719999999936,2727.208202761901,-50.936202761907225,50.936202761907225,2594.4967518021253,1.9032520895449843,6,Saturday,11
2013-11-09 07:00:00,2896.120000000008,2984.7139795436537,-88.59397954364567,88.59397954364567,7848.893211379908,3.059057619975879,7,Saturday,11
2013-11-09 07:30:00,3105.4640000000027,3162.875292777774,-57.41129277777145,57.41129277777145,3296.0565384149922,1.8487186706325174,7,Saturday,11
2013-11-09 08:00:00,3246.709999999995,3209.1180187976174,37.59198120237761,37.59198120237761,1413.1570507199117,1.1578484435745007,8,Saturday,11
2013-11-09 08:30:00,3292.3340000000026,3271.4322497976164,20.90175020238621,20.90175020238621,436.883161522952,0.6348611715089112,8,Saturday,11
2013-11-09 09:00:00,3380.0220000000063,3318.3225504563475,61.69944954365883,61.69944954365883,3806.822073990502,1.825415619888235,9,Saturday,11
2013-11-09 09:30:00,3378.857999999998,3403.697523144854,-24.83952314485623,24.83952314485623,617.0019100638483,0.7351455179488527,9,Saturday,11
2013-11-09 10:00:00,3454.35000000001,3345.483805728104,108.8661942719059,108.8661942719059,11851.848255248357,3.1515681465950345,10,Saturday,11
2013-11-09 10:30:00,3632.314,3475.8223119952813,156.49168800471853,156.49168800471853,24489.648414566163,4.308319380007305,10,Saturday,11
2013-11-09 11:00:00,3893.585999999995,3714.825499464285,178.76050053570998,178.76050053570998,31955.316551777567,4.5911532591218025,11,Saturday,11
2013-11-09 11:30:00,4239.225999999986,4161.666654103176,77.55934589680965,77.55934589680965,6015.452135940963,1.829563837757409,11,Saturday,11
2013-11-09 12:00:00,4586.750000000002,4493.660420713032,93.08957928696964,93.08957928696964,8665.669771825007,2.0295324420770613,12,Saturday,11
2013-11-09 12:30:00,4843.656000000009,4709.177523079363,134.47847692064624,134.47847692064624,18084.460754896783,2.776383725860094,12,Saturday,11
2013-11-09 13:00:00,5091.414000000002,5039.087988095234,52.326011904767256,52.326011904767256,2738.0115218578444,1.0277304478631524,13,Saturday,11
2013-11-09 13:30:00,5246.096000000023,5323.625374000003,-77.52937399997973,77.52937399997973,6010.803832828732,1.4778489375714698,13,Saturday,11
2013-11-09 14:00:00,5395.495999999985,5433.252428595244,-37.75642859525942,37.75642859525942,1425.5479002689233,0.6997767878107876,14,Saturday,11
2013-11-09 14:30:00,5499.614000000002,5561.50842434524,-61.894424345237894,61.894424345237894,3830.9197650283772,1.125432154788279,14,Saturday,11
2013-11-09 15:00:00,5456.026,5756.042387714285,-300.016387714285,300.016387714285,90009.83289712816,5.498807881675876,15,Saturday,11
2013-11-09 15:30:00,5324.2499999999945,5707.585308976191,-383.33530897619676,383.33530897619676,146945.95910787623,7.199799201318442,15,Saturday,11
2013-11-09 16:00:00,5241.736,5486.2246877142825,-244.4886877142826,244.4886877142826,59774.718420252,4.664269389268796,16,Saturday,11
2013-11-09 16:30:00,5197.854,5375.6037935357135,-177.74979353571325,177.74979353571325,31594.98910198869,3.419676534502763,16,Saturday,11
2013-11-09 17:00:00,5146.665999999985,5418.580683428572,-271.9146834285875,271.9146834285875,73937.59506406897,5.283317072228669,17,Saturday,11
2013-11-09 17:30:00,5035.970000000013,5338.828148392857,-302.85814839284376,302.85814839284376,91723.05804794177,6.013898978604777,17,Saturday,11
2013-11-09 18:00:00,4893.892000000005,5270.633953146823,-376.74195314681765,376.74195314681765,141934.49926087895,7.698207339819049,18,Saturday,11
2013-11-09 18:30:00,4709.078000000002,5142.772838357141,-433.6948383571389,433.6948383571389,188091.21281762485,9.209761196504681,18,Saturday,11
2013-11-09 19:00:00,4634.404,4620.57024275,13.833757250000417,13.833757250000417,191.3728396519391,0.2985013229317171,19,Saturday,11
2013-11-09 19:30:00,4441.905999999986,4543.515075821427,-101.60907582144046,101.60907582144046,10324.404289287235,2.287510717728848,19,Saturday,11
2013-11-09 20:00:00,4286.4519999999975,4256.429285690478,30.02271430951987,30.02271430951987,901.3633745110492,0.7004094367444191,20,Saturday,11
2013-11-09 20:30:00,4068.375999999996,4156.902367321432,-88.52636732143628,88.52636732143628,7836.917711129861,2.175963266950655,20,Saturday,11
2013-11-09 21:00:00,3811.304000000004,3816.367628218251,-5.063628218246777,5.063628218246777,25.640330732625028,0.13285815611262633,21,Saturday,11
2013-11-09 21:30:00,3595.2959999999944,3580.3204167619037,14.975583238090621,14.975583238090621,224.26809332098077,0.41653269266537846,21,Saturday,11
2013-11-09 22:00:00,3268.696000000009,3319.913948845239,-51.217948845229785,51.217948845229785,2623.278283912575,1.5669229822910924,22,Saturday,11
2013-11-09 22:30:00,3061.4600000000155,3027.502510261902,33.95748973811351,33.95748973811351,1153.1111093140842,1.1091926642227348,22,Saturday,11
2013-11-09 23:00:00,2744.088,2789.5893067142856,-45.50130671428542,45.50130671428542,2070.3689127074754,1.6581577090197333,23,Saturday,11
2013-11-09 23:30:00,2551.0540000000046,2522.333663059524,28.720336940480593,28.720336940480593,824.8577539747341,1.1258223832376946,23,Saturday,11
2013-11-10 00:00:00,2347.882000000004,2375.2287568492043,-27.34675684920012,27.34675684920012,747.8451101692737,1.164741535102704,0,Sunday,11
2013-11-10 00:30:00,2201.192000000002,2226.902280154763,-25.71028015476122,25.71028015476122,661.0185056363088,1.1680162455052172,0,Sunday,11
2013-11-10 01:00:00,2079.788000000004,2120.0368148134903,-40.248814813486206,40.248814813486206,1619.9670938903066,1.93523641897569,1,Sunday,11
2013-11-10 01:30:00,2002.6780000000008,2007.787910781746,-5.109910781745157,5.109910781745157,26.1111881973954,0.255153888031184,1,Sunday,11
2013-11-10 02:00:00,1940.796000000005,1939.1593155952385,1.6366844047665836,1.6366844047665836,2.678735840806146,0.08433057388651767,2,Sunday,11
2013-11-10 02:30:00,1887.1679999999965,1911.581105976188,-24.413105976191446,24.413105976191446,595.9997434047544,1.2936371312035544,2,Sunday,11
2013-11-10 03:00:00,1837.1139999999973,1860.9121144603164,-23.798114460319084,23.798114460319084,566.3502518664483,1.2954076045536163,3,Sunday,11
2013-11-10 03:30:00,1816.7559999999949,1869.927923880951,-53.17192388095623,53.17192388095623,2827.253489202203,2.9267509715645015,3,Sunday,11
2013-11-10 04:00:00,1776.912000000004,1861.105786678572,-84.19378667856813,84.19378667856813,7088.593715276236,4.738208007969328,4,Sunday,11
2013-11-10 04:30:00,1777.2539999999976,1833.378150809524,-56.12415080952633,56.12415080952633,3149.9203040904545,3.1579138834137606,4,Sunday,11
2013-11-10 05:00:00,1821.3100000000056,1876.3103884567088,-55.00038845670315,55.00038845670315,3025.042730388245,3.0198257549073455,5,Sunday,11
2013-11-10 05:30:00,1953.0899999999983,1919.3885465952364,33.70145340476188,33.70145340476188,1135.787961593336,1.7255453360962327,5,Sunday,11
2013-11-10 06:00:00,2091.97,2114.107782095237,-22.13778209523707,22.13778209523707,490.08139609619906,1.0582265565585105,6,Sunday,11
2013-11-10 06:30:00,2310.679999999996,2353.681969902596,-43.00196990259974,43.00196990259974,1849.1694155040939,1.8610093090605282,6,Sunday,11
2013-11-10 07:00:00,2645.0979999999945,2618.3478785952366,26.75012140475792,26.75012140475792,715.5689951692879,1.0113092749213064,7,Sunday,11
2013-11-10 07:30:00,2914.176000000004,2975.3114702077914,-61.13547020778742,61.13547020778742,3737.545717527263,2.0978647208606254,7,Sunday,11
2013-11-10 08:00:00,3127.0499999999925,3181.395596103174,-54.34559610318138,54.34559610318138,2953.443815810123,1.7379190004375216,8,Sunday,11
2013-11-10 08:30:00,3224.3820000000064,3323.629611793649,-99.24761179364259,99.24761179364259,9850.088446741584,3.078035164370797,8,Sunday,11
2013-11-10 09:00:00,3291.2959999999985,3289.5610254913404,1.7349745086580697,1.7349745086580697,3.0101365456933102,0.05271402233825431,9,Sunday,11
2013-11-10 09:30:00,3284.3999999999955,3345.9459256904724,-61.545925690476906,61.545925690476906,3787.9009690977055,1.8738864234099681,9,Sunday,11
2013-11-10 10:00:00,3301.49599999999,3302.819491535714,-1.3234915357238606,1.3234915357238606,1.751629845132703,0.04008763105343349,10,Sunday,11
2013-11-10 10:30:00,3303.231999999999,3302.843249642857,0.38875035714227124,0.38875035714227124,0.15112684017824343,0.011768787573572529,10,Sunday,11
2013-11-10 11:00:00,3376.2380000000067,3289.789828845238,86.44817115476872,86.44817115476872,7473.286296004186,2.5604880685179348,11,Sunday,11
2013-11-10 11:30:00,3390.178000000007,3401.217541413918,-11.039541413910683,11.039541413910683,121.87147462944908,0.3256330910621997,11,Sunday,11
2013-11-10 12:00:00,3402.7499999999973,3381.4714176437155,21.27858235628173,21.27858235628173,452.7780670930642,0.6253348719794798,12,Sunday,11
2013-11-10 12:30:00,3324.451999999993,3416.4010746794306,-91.94907467943767,91.94907467943767,8454.632334404807,2.76584154860524,12,Sunday,11
2013-11-10 13:00:00,3299.2040000000143,3269.2291827261897,29.974817273824556,29.974817273824556,898.489670599171,0.9085469487132177,13,Sunday,11
2013-11-10 13:30:00,3207.8119999999963,3253.474341940477,-45.66234194048093,45.66234194048093,2085.0494714894035,1.423473131856885,13,Sunday,11
2013-11-10 14:00:00,3198.093999999995,3149.612994016807,48.48100598318797,48.48100598318797,2350.407941141908,1.5159343653810065,14,Sunday,11
2013-11-10 14:30:00,3222.948,3202.614312133295,20.333687866705077,20.333687866705077,413.4588622605893,0.6309033799709173,14,Sunday,11
2013-11-10 15:00:00,3315.4820000000045,3310.4812061352795,5.000793864724983,5.000793864724983,25.00793927747103,0.1508315793819715,15,Sunday,11
2013-11-10 15:30:00,3522.153999999997,3447.2971217381,74.85687826189678,74.85687826189678,5603.552223116435,2.125315311650111,15,Sunday,11
2013-11-10 16:00:00,3842.093999999991,3798.0213601666665,44.0726398333245,44.0726398333245,1942.3975818779415,1.1470994679808615,16,Sunday,11
2013-11-10 16:30:00,4216.049999999999,4188.433476523811,27.616523476188377,27.616523476188377,762.6723689108637,0.6550331109969849,16,Sunday,11
2013-11-10 17:00:00,4497.890000000001,4746.511100400793,-248.62110040079187,248.62110040079187,61812.45156450063,5.527505127977602,17,Sunday,11
2013-11-10 17:30:00,4689.553999999996,4937.583612472219,-248.02961247222265,248.02961247222265,61518.68866312095,5.288980838523724,17,Sunday,11
2013-11-10 18:00:00,4719.261999999998,5015.893240837304,-296.631240837306,296.631240837306,87990.09304067983,6.28554296916141,18,Sunday,11
2013-11-10 18:30:00,4665.679999999991,4865.6276702698415,-199.94767026985028,199.94767026985028,39979.07084634077,4.285499011287758,18,Sunday,11
2013-11-10 19:00:00,4581.987999999992,4624.057165392135,-42.06916539214308,42.06916539214308,1769.8146767914889,0.9181421992406603,19,Sunday,11
2013-11-10 19:30:00,4482.69,4488.12709366575,-5.437093665750581,5.437093665750581,29.56198753014509,0.12129086922697267,19,Sunday,11
2013-11-10 20:00:00,4362.442000000008,4319.982811742676,42.459188257332244,42.459188257332244,1802.7826674715802,0.9732894616669325,20,Sunday,11
2013-11-10 20:30:00,3993.321999999986,4160.313639805555,-166.99163980556887,166.99163980556887,27886.20776495285,4.181772464268333,20,Sunday,11
2013-11-10 21:00:00,3735.540000000007,3747.8407379126975,-12.300737912690693,12.300737912690693,151.30815319670617,0.3292894176662724,21,Sunday,11
2013-11-10 21:30:00,3391.928000000011,3527.253042963453,-135.32504296344223,135.32504296344223,18312.867253057484,3.9896201500574837,21,Sunday,11
2013-11-10 22:00:00,3002.50999999999,3069.853915492064,-67.34391549207385,67.34391549207385,4535.202953803584,2.24292060616198,22,Sunday,11
2013-11-10 22:30:00,2722.2819999999933,2704.342734873014,17.939265126979535,17.939265126979535,321.8172332960641,0.6589789421881929,22,Sunday,11
2013-11-10 23:00:00,2437.690000000001,2485.4582257976203,-47.76822579761938,47.76822579761938,2281.8033958523497,1.9595693380872612,23,Sunday,11
2013-11-10 23:30:00,2169.133999999996,2223.852649011904,-54.71864901190793,54.71864901190793,2994.1305496883724,2.5226034450572454,23,Sunday,11
2013-11-11 00:00:00,2034.3199999999947,2042.2258120000013,-7.905812000006563,7.905812000006563,62.50186337944777,0.38862184907028313,0,Monday,11
2013-11-11 00:30:00,1923.704000000001,1929.1567976587296,-5.452797658728514,5.452797658728514,29.73300230703516,0.2834530498833766,0,Monday,11
2013-11-11 01:00:00,1860.9259999999988,1855.1609962738075,5.765003726191253,5.765003726191253,33.23526796299903,0.3097922070082989,1,Monday,11
2013-11-11 01:30:00,1817.8759999999968,1818.0070784642844,-0.1310784642876115,0.1310784642876115,0.01718156379999864,0.007210528346686559,1,Monday,11
2013-11-11 02:00:00,1788.5839999999932,1772.3755330912688,16.208466908724404,16.208466908724404,262.71439953121404,0.9062178186053584,2,Monday,11
2013-11-11 02:30:00,1724.1099999999974,1744.1817706269835,-20.07177062698611,20.07177062698611,402.8759761023423,1.1641815561064048,2,Monday,11
2013-11-11 03:00:00,1706.9000000000017,1703.219968027778,3.6800319722237873,3.6800319722237873,13.542635316589298,0.21559739716584353,3,Monday,11
2013-11-11 03:30:00,1725.4660000000008,1709.1308582857134,16.335141714287374,16.335141714287374,266.83685482585145,0.94670898842906,3,Monday,11
2013-11-11 04:00:00,1749.4180000000017,1748.9300415079351,0.48795849206658204,0.48795849206658204,0.2381034899798926,0.027892618691849606,4,Monday,11
2013-11-11 04:30:00,1826.831999999996,1849.5142049285716,-22.68220492857563,22.68220492857563,514.4824204219005,1.2416141675083248,4,Monday,11
2013-11-11 05:00:00,2008.6259999999968,1985.620560309524,23.005439690472713,23.005439690472713,529.2502553519772,1.1453321668878502,5,Monday,11
2013-11-11 05:30:00,2361.355999999995,2255.5247979761907,105.83120202380451,105.83120202380451,11200.243321803324,4.481797832423604,5,Monday,11
2013-11-11 06:00:00,2723.443999999998,2673.69497328752,49.7490267124781,49.7490267124781,2474.9656588388593,1.8266954162625755,6,Monday,11
2013-11-11 06:30:00,3183.1020000000003,3118.584773480162,64.51722651983846,64.51722651983846,4162.472517812147,2.0268664503945666,6,Monday,11
2013-11-11 07:00:00,3420.912000000004,3330.853072678572,90.05892732143184,90.05892732143184,8110.610390286942,2.6325999418117663,7,Monday,11
2013-11-11 07:30:00,3349.215999999992,3390.8283908349126,-41.61239083492046,41.61239083492046,1731.5910709981724,1.2424516912292476,7,Monday,11
2013-11-11 08:00:00,3132.846000000004,3112.20272470238,20.643275297624314,20.643275297624314,426.1448150135062,0.6589304197405262,8,Monday,11
2013-11-11 08:30:00,2952.577999999997,3043.989390513349,-91.41139051335222,91.41139051335222,8356.04231558458,3.0959856272502306,8,Monday,11
2013-11-11 09:00:00,2945.7220000000093,2818.8131004365064,126.90889956350293,126.90889956350293,16105.868788419273,4.308244279789557,9,Monday,11
2013-11-11 09:30:00,2952.727999999992,2868.386095780052,84.3419042199398,84.3419042199398,7113.5568074455,2.8564061511910355,9,Monday,11
2013-11-11 10:00:00,2901.2099999999937,2908.2335758752893,-7.023575875295592,7.023575875295592,49.330618076034234,0.24209126107022955,10,Monday,11
2013-11-11 10:30:00,2885.442000000006,2862.486023464282,22.95597653572395,22.95597653572395,526.9768587087085,0.795579205394664,10,Monday,11
2013-11-11 11:00:00,2940.3820000000096,2877.432488118365,62.94951188164441,62.94951188164441,3962.641046137291,2.1408616935365608,11,Monday,11
2013-11-11 11:30:00,2942.9400000000123,2921.9068872261864,21.033112773825906,21.033112773825906,442.3918329564785,0.7146973018079138,11,Monday,11
2013-11-11 12:00:00,2935.210000000004,2929.4810247097043,5.728975290299786,5.728975290299786,32.82115787686552,0.19518110425829083,12,Monday,11
2013-11-11 12:30:00,2840.104,2916.4664858333326,-76.36248583333281,76.36248583333281,5831.229242645954,2.6887214634862953,12,Monday,11
2013-11-11 13:00:00,2763.438000000007,2827.83255604762,-64.39455604761315,64.39455604761315,4146.658848569191,2.330233428345886,13,Monday,11
2013-11-11 13:30:00,2783.463999999998,2745.2930603567816,38.17093964321657,38.17093964321657,1457.0206332460823,1.3713466257590037,13,Monday,11
2013-11-11 14:00:00,2788.4479999999903,2775.1991884801564,13.248811519833907,13.248811519833907,175.53100668808366,0.4751320992836859,14,Monday,11
2013-11-11 14:30:00,2758.5959999999964,2777.644401706348,-19.048401706351797,19.048401706351797,362.84160756654603,0.6905107419263937,14,Monday,11
2013-11-11 15:00:00,2970.962000000001,2795.1488647301567,175.81313526984422,175.81313526984422,30910.258533412543,5.917717401630992,15,Monday,11
2013-11-11 15:30:00,3263.2459999999937,3166.3133857698417,96.93261423015201,96.93261423015201,9395.931701491469,2.9704353956199503,15,Monday,11
2013-11-11 16:00:00,3546.4419999999977,3596.6348009960325,-50.19280099603475,50.19280099603475,2519.317271827547,1.4153002078148968,16,Monday,11
2013-11-11 16:30:00,3918.132,3915.491994857144,2.640005142855898,2.640005142855898,6.969627154305591,0.06737917821185958,16,Monday,11
2013-11-11 17:00:00,4506.088000000002,4319.346492952383,186.74150704761814,186.74150704761814,34872.39045441562,4.144204619342056,17,Monday,11
2013-11-11 17:30:00,4811.147999999996,4897.138830123015,-85.9908301230198,85.9908301230198,7394.422865246051,1.7873245662577804,17,Monday,11
2013-11-11 18:00:00,4928.859999999988,4807.393193309523,121.46680669046509,121.46680669046509,14754.185127578816,2.464399611481466,18,Monday,11
2013-11-11 18:30:00,4864.821999999981,4751.481026069599,113.34097393038246,113.34097393038246,12846.176371487636,2.3298072145369946,18,Monday,11
2013-11-11 19:00:00,4838.744000000002,4688.275174561662,150.46882543834,150.46882543834,22640.867428793634,3.10966700115443,19,Monday,11
2013-11-11 19:30:00,4706.17400000002,4675.335979815628,30.838020184392008,30.838020184392008,950.9834888929689,0.6552673187262493,19,Monday,11
2013-11-11 20:00:00,4497.737999999992,4492.567504035716,5.170495964275688,5.170495964275688,26.734028516591174,0.11495769571895242,20,Monday,11
2013-11-11 20:30:00,4162.834000000009,4264.197330965366,-101.36333096535691,101.36333096535691,10274.524864392482,2.434959716514199,20,Monday,11
2013-11-11 21:00:00,3899.459999999996,3852.533021480159,46.92697851983712,46.92697851983712,2202.1413130012547,1.203422487212003,21,Monday,11
2013-11-11 21:30:00,3480.5080000000034,3629.938200003971,-149.43020000396746,149.43020000396746,22329.384673225715,4.293344534877303,21,Monday,11
2013-11-11 22:00:00,3128.176000000001,3118.7735719325374,9.402428067463461,9.402428067463461,88.40565356382467,0.3005722205995909,22,Monday,11
2013-11-11 22:30:00,2761.891999999999,2791.4366350476157,-29.544635047616794,29.544635047616794,872.8854600968666,1.0697244876923793,22,Monday,11
2013-11-11 23:00:00,2419.0240000000026,2474.4597770714304,-55.435777071427765,55.435777071427765,3073.1253795130365,2.2916588289916806,23,Monday,11
2013-11-11 23:30:00,2221.452000000001,2201.480811436507,19.971188563494252,19.971188563494252,398.8483726386436,0.8990150839853501,23,Monday,11
2013-11-12 00:00:00,2036.3200000000013,2058.7211915436483,-22.401191543646974,22.401191543646974,501.8133825751607,1.1000820864916594,0,Tuesday,11
2013-11-12 00:30:00,1932.8840000000048,1931.4410927777776,1.442907222227177,1.442907222227177,2.081981251955348,0.07465048198583947,0,Tuesday,11
2013-11-12 01:00:00,1845.5740000000008,1860.82733397619,-15.253333976189197,15.253333976189197,232.66419738916773,0.8264818412152095,1,Tuesday,11
2013-11-12 01:30:00,1772.803999999997,1789.784963936508,-16.98096393651099,16.98096393651099,288.35313621308677,0.9578590716464436,1,Tuesday,11
2013-11-12 02:00:00,1745.6120000000028,1732.560051770561,13.051948229441905,13.051948229441905,170.35335258403168,0.7477004185031888,2,Tuesday,11
2013-11-12 02:30:00,1727.7260000000022,1709.328632869047,18.397367130955217,18.397367130955217,338.4631173511514,1.0648312944850742,2,Tuesday,11
2013-11-12 03:00:00,1688.0699999999977,1699.5118009365065,-11.441800936508798,11.441800936508798,130.91480867069362,0.6778037010614971,3,Tuesday,11
2013-11-12 03:30:00,1704.0859999999984,1690.773781464285,13.312218535713328,13.312218535713328,177.21516234258948,0.7811940556822449,3,Tuesday,11
2013-11-12 04:00:00,1726.317999999998,1736.0133618293653,-9.695361829367357,9.695361829367357,94.00004100235354,0.5616208502354357,4,Tuesday,11
2013-11-12 04:30:00,1829.6180000000004,1845.5883827142852,-15.970382714284824,15.970382714284824,255.0531240407275,0.8728807168646581,4,Tuesday,11
2013-11-12 05:00:00,2029.1080000000013,2006.730933119047,22.377066880954317,22.377066880954317,500.73312219470256,1.1028031470456132,5,Tuesday,11
2013-11-12 05:30:00,2341.3259999999923,2317.1595925000006,24.166407499991692,24.166407499991692,584.0152514556547,1.0321675623126283,5,Tuesday,11
2013-11-12 06:00:00,2678.304000000004,2655.24211821212,23.061881787883976,23.061881787883976,531.8503915983347,0.8610628885997982,6,Tuesday,11
2013-11-12 06:30:00,3061.6919999999964,3079.295060436509,-17.603060436512806,17.603060436512806,309.8677367315224,0.5749455019156998,6,Tuesday,11
2013-11-12 07:00:00,3319.2119999999863,3310.122669214285,9.08933078570135,9.08933078570135,82.61593413189831,0.2738400194293521,7,Tuesday,11
2013-11-12 07:30:00,3248.1060000000084,3293.7397392857174,-45.633739285709,45.633739285709,2082.4381611960607,1.4049338071389565,7,Tuesday,11
2013-11-12 08:00:00,3119.9019999999955,3010.971971099204,108.93002890079151,108.93002890079151,11865.751196327274,3.4914567477052696,8,Tuesday,11
2013-11-12 08:30:00,2952.431999999995,2996.19255822619,-43.76055822619537,43.76055822619537,1914.9864562682353,1.482186828560165,8,Tuesday,11
2013-11-12 09:00:00,2911.115999999995,2801.9064074365056,109.20959256348942,109.20959256348942,11926.735107883364,3.7514682535319657,9,Tuesday,11
2013-11-12 09:30:00,2916.026000000001,2837.757311825395,78.26868817460627,78.26868817460627,6125.987548573751,2.6840874592546924,9,Tuesday,11
2013-11-12 10:00:00,2883.096000000004,2852.802179522724,30.29382047727995,30.29382047727995,917.7155591096661,1.050739221908667,10,Tuesday,11
2013-11-12 10:30:00,2807.515999999992,2843.176572226191,-35.66057222619929,35.66057222619929,1271.6764114999764,1.2701823329305832,10,Tuesday,11
2013-11-12 11:00:00,2854.031999999991,2793.592114332718,60.43988566727285,60.43988566727285,3652.979779473014,2.117701752022158,11,Tuesday,11
2013-11-12 11:30:00,2852.056000000001,2850.599484155485,1.4565158445161615,1.4565158445161615,2.121438405326627,0.05106897776608036,11,Tuesday,11
2013-11-12 12:00:00,2772.138000000001,2855.0623070107267,-82.9243070107259,82.9243070107259,6876.440693209124,2.9913484469649734,12,Tuesday,11
2013-11-12 12:30:00,2729.3619999999946,2760.1843704706807,-30.82237047068611,30.82237047068611,950.0185214322231,1.1292884736684314,12,Tuesday,11
2013-11-12 13:00:00,2686.241999999998,2695.082455048024,-8.840455048025888,8.840455048025888,78.1536454561664,0.3291012145601883,13,Tuesday,11
2013-11-12 13:30:00,2698.19199999999,2678.518742596156,19.673257403834214,19.673257403834214,387.0370568775177,0.7291274084214276,13,Tuesday,11
2013-11-12 14:00:00,2650.580000000003,2688.487125186816,-37.907125186812664,37.907125186812664,1436.9501399286871,1.430144541451781,14,Tuesday,11
2013-11-12 14:30:00,2644.5280000000057,2655.793927706139,-11.265927706133425,11.265927706133425,126.92112707982474,0.42600901582941836,14,Tuesday,11
2013-11-12 15:00:00,2806.5559999999964,2683.5923711785726,122.96362882142375,122.96362882142375,15120.054012932875,4.38129967196179,15,Tuesday,11
2013-11-12 15:30:00,2956.974000000006,2921.871843829364,35.10215617064205,35.10215617064205,1232.1613678281435,1.1870972206939248,15,Tuesday,11
2013-11-12 16:00:00,3052.4359999999847,3196.4335634484123,-143.99756344842763,143.99756344842763,20735.29827908394,4.717463804267423,16,Tuesday,11
2013-11-12 16:30:00,3461.832000000001,3329.988987666665,131.843012333336,131.843012333336,17382.579901128185,3.808475175379278,16,Tuesday,11
2013-11-12 17:00:00,3797.997999999999,3896.13537054762,-98.13737054762078,98.13737054762078,9630.943498001026,2.5839237026354622,17,Tuesday,11
2013-11-12 17:30:00,4109.34800000001,4179.6564502817455,-70.30845028173553,70.30845028173553,4943.278181019277,1.7109393091491731,17,Tuesday,11
2013-11-12 18:00:00,4271.362000000015,4522.483560662697,-251.121560662682,251.121560662682,63062.03822966107,5.879191711278069,18,Tuesday,11
2013-11-12 18:30:00,4342.795999999989,4511.756205880953,-168.96020588096326,168.96020588096326,28547.55117133749,3.8905858318227167,18,Tuesday,11
2013-11-12 19:00:00,4487.359999999986,4472.965844440477,14.394155559509272,14.394155559509272,207.19171427135169,0.32077113401887336,19,Tuesday,11
2013-11-12 19:30:00,4456.521999999984,4495.962807428568,-39.440807428584776,39.440807428584776,1555.577290618708,0.88501318805528,19,Tuesday,11
2013-11-12 20:00:00,4262.508000000004,4342.757180324928,-80.24918032492405,80.24918032492405,6439.930942822178,1.8826751838336486,20,Tuesday,11
2013-11-12 20:30:00,4074.01799999999,4104.244770569327,-30.226770569336622,30.226770569336622,913.6576590513146,0.7419400348583804,20,Tuesday,11
2013-11-12 21:00:00,3826.5180000000064,3807.423364142857,19.09463585714957,19.09463585714957,364.60511851714205,0.49900812846429937,21,Tuesday,11
2013-11-12 21:30:00,3473.310000000008,3507.440896623627,-34.13089662361881,34.13089662361881,1164.918104332154,0.9826619744168741,21,Tuesday,11
2013-11-12 22:00:00,3166.1239999999807,3126.905381662696,39.218618337284624,39.218618337284624,1538.1000242855978,1.23869495753435,22,Tuesday,11
2013-11-12 22:30:00,2824.329999999996,2864.952301797616,-40.622301797620366,40.622301797620366,1650.1714033369508,1.4382987043872504,22,Tuesday,11
2013-11-12 23:00:00,2443.2580000000016,2512.390656523808,-69.13265652380642,69.13265652380642,4779.324198038594,2.8295274802663646,23,Tuesday,11
2013-11-12 23:30:00,2176.6899999999914,2223.391176492062,-46.70117649207077,46.70117649207077,2180.9998857435435,2.145513439767305,23,Tuesday,11
2013-11-13 00:00:00,2037.3320000000008,2036.93812670238,0.3938732976207575,0.3938732976207575,0.15513617457864984,0.019332798857562603,0,Wednesday,11
2013-11-13 00:30:00,1933.37200000001,1928.227534166666,5.144465833344157,5.144465833344157,26.465528710445387,0.2660877385906142,0,Wednesday,11
2013-11-13 01:00:00,1856.4399999999976,1862.0991535317448,-5.659153531747279,5.659153531747279,32.0260186958877,0.3048390215545499,1,Wednesday,11
2013-11-13 01:30:00,1781.3579999999963,1785.8573952539678,-4.499395253971443,4.499395253971443,20.244557651460745,0.25258231382863255,1,Wednesday,11
2013-11-13 02:00:00,1713.7419999999931,1735.415683496751,-21.673683496757803,21.673683496757803,469.74855631763154,1.2646993244466138,2,Wednesday,11
2013-11-13 02:30:00,1673.4480000000003,1691.5259145140683,-18.07791451406797,18.07791451406797,326.8109931779494,1.080279429899702,2,Wednesday,11
2013-11-13 03:00:00,1672.8880000000008,1654.1953088730138,18.69269112698703,18.69269112698703,349.4167015689396,1.117390472463609,3,Wednesday,11
2013-11-13 03:30:00,1692.9020000000005,1661.0201822380948,31.881817761905722,31.881817761905722,1016.4503038033672,1.8832642268663935,3,Wednesday,11
2013-11-13 04:00:00,1711.7779999999927,1726.1490801626967,-14.371080162703947,14.371080162703947,206.5279450428629,0.8395411182235085,4,Wednesday,11
2013-11-13 04:30:00,1855.295999999992,1818.952589642855,36.343410357137145,36.343410357137145,1320.8434763872635,1.9589009170039338,4,Wednesday,11
2013-11-13 05:00:00,2044.371999999989,2044.0612001349175,0.31079986507143076,0.31079986507143076,0.09659655612841957,0.015202706017859393,5,Wednesday,11
2013-11-13 05:30:00,2327.833999999996,2288.289412313492,39.5445876865042,39.5445876865042,1563.7744152956197,1.6987718061727881,5,Wednesday,11
2013-11-13 06:00:00,2668.744000000005,2628.5658265454526,40.17817345455251,40.17817345455251,1614.2856221441077,1.505508713258088,6,Wednesday,11
2013-11-13 06:30:00,2982.514000000002,3028.1287776309528,-45.61477763095081,45.61477763095081,2080.7079383210908,1.5294069912480137,6,Wednesday,11
2013-11-13 07:00:00,3181.545999999992,3247.296006988096,-65.7500069881039,65.7500069881039,4323.063418935712,2.066605574400121,7,Wednesday,11
2013-11-13 07:30:00,3093.9419999999973,3191.8674446428595,-97.9254446428622,97.9254446428622,9589.39270850227,3.165070471355387,7,Wednesday,11
2013-11-13 08:00:00,2898.1900000000014,2910.01915537879,-11.829155378788528,11.829155378788528,139.92891697552156,0.4081566556640014,8,Wednesday,11
2013-11-13 08:30:00,2692.339999999994,2772.8285928809496,-80.48859288095582,80.48859288095582,6478.413583956252,2.989540432521747,8,Wednesday,11
2013-11-13 09:00:00,2672.239999999996,2654.556477116883,17.683522883113255,17.683522883113255,312.70698155759015,0.6617490525968207,9,Wednesday,11
2013-11-13 09:30:00,2560.868000000001,2631.3723222976205,-70.50432229761964,70.50432229761964,4970.859462646626,2.753141602676109,9,Wednesday,11
2013-11-13 10:00:00,2554.896000000004,2557.782172027777,-2.8861720277732275,2.8861720277732275,8.329988973900624,0.11296632143825906,10,Wednesday,11
2013-11-13 10:30:00,2548.551999999996,2556.8410210714287,-8.289021071432671,8.289021071432671,68.70787032265483,0.3252443376251567,10,Wednesday,11
2013-11-13 11:00:00,2558.0159999999896,2543.1479224076465,14.86807759234307,14.86807759234307,221.0597312919341,0.5812347378727549,11,Wednesday,11
2013-11-13 11:30:00,2603.328000000008,2572.0217784650063,31.306221535001896,31.306221535001896,980.0795067986164,1.202546184537707,11,Wednesday,11
2013-11-13 12:00:00,2636.4399999999864,2595.375898634921,41.0641013650652,41.0641013650652,1686.2604209203496,1.5575587293875608,12,Wednesday,11
2013-11-13 12:30:00,2603.5659999999925,2622.556322821428,-18.990322821435257,18.990322821435257,360.63236086232473,0.7293966360536015,12,Wednesday,11
2013-11-13 13:00:00,2577.6900000000096,2588.0790256785717,-10.38902567856212,10.38902567856212,107.93185454982313,0.40303627195520336,13,Wednesday,11
2013-11-13 13:30:00,2572.6580000000013,2572.0188209880944,0.6391790119068901,0.6391790119068901,0.40854980926226836,0.02484508286398308,13,Wednesday,11
2013-11-13 14:00:00,2570.0260000000053,2606.923099587302,-36.89709958729691,36.89709958729691,1361.3959579549055,1.4356702845534182,14,Wednesday,11
2013-11-13 14:30:00,2656.0679999999966,2633.8174430634936,22.250556936503017,22.250556936503017,495.08728398456253,0.8377254248198105,14,Wednesday,11
2013-11-13 15:00:00,2859.952,2789.9315393412685,70.02046065873174,70.02046065873174,4902.864910860999,2.448308945700198,15,Wednesday,11
2013-11-13 15:30:00,3090.0660000000044,3005.5064218095235,84.5595781904808,84.5595781904808,7150.3222637520375,2.7364974790338037,15,Wednesday,11
2013-11-13 16:00:00,3330.0080000000007,3210.231463206348,119.77653679365267,119.77653679365267,14346.418766281231,3.5968843556427683,16,Wednesday,11
2013-11-13 16:30:00,3671.960000000014,3588.205252123018,83.75474787699613,83.75474787699613,7014.857791939188,2.2809275666672786,16,Wednesday,11
2013-11-13 17:00:00,4039.780000000004,4042.326750130952,-2.546750130948112,2.546750130948112,6.485936229484227,0.06304180254736916,17,Wednesday,11
2013-11-13 17:30:00,4188.815999999995,4308.342135571432,-119.5261355714365,119.5261355714365,14286.497084641418,2.8534587236927247,17,Wednesday,11
2013-11-13 18:00:00,4288.39200000001,4373.000678956349,-84.60867895633874,84.60867895633874,7158.628554736797,1.972969797451785,18,Wednesday,11
2013-11-13 18:30:00,4272.321999999998,4322.5065188412655,-50.18451884126716,50.18451884126716,2518.4859313294987,1.1746427081401445,18,Wednesday,11
2013-11-13 19:00:00,4435.729999999994,4287.5566194999965,148.17338049999762,148.17338049999762,21955.350688797076,3.3404508502545873,19,Wednesday,11
2013-11-13 19:30:00,4499.026000000004,4433.48380345238,65.54219654762437,65.54219654762437,4295.779528287424,1.4568085747364943,19,Wednesday,11
2013-11-13 20:00:00,4393.556000000002,4376.9379134638175,16.61808653618482,16.61808653618482,276.16080012412715,0.3782377312633505,20,Wednesday,11
2013-11-13 20:30:00,4124.926,4244.107455277775,-119.18145527777506,119.18145527777506,14204.219282128297,2.889299232950483,20,Wednesday,11
2013-11-13 21:00:00,3862.727999999996,3865.793172023812,-3.0651720238161033,3.0651720238161033,9.395279535584907,0.07935252039015189,21,Wednesday,11
2013-11-13 21:30:00,3579.8360000000102,3545.823195007936,34.01280499207405,34.01280499207405,1156.8709034288577,0.9501218768701682,21,Wednesday,11
2013-11-13 22:00:00,3196.378000000003,3264.606650571426,-68.22865057142326,68.22865057142326,4655.148758797375,2.134561387026916,22,Wednesday,11
2013-11-13 22:30:00,2864.217999999998,2847.663675388889,16.554324611109223,16.554324611109223,274.04566332997655,0.5779701339461324,22,Wednesday,11
2013-11-13 23:00:00,2528.8899999999994,2597.2358509047617,-68.3458509047623,68.3458509047623,4671.155335895998,2.7026027587108303,23,Wednesday,11
2013-11-13 23:30:00,2266.107999999998,2286.4119814999967,-20.303981499998827,20.303981499998827,412.2516647522946,0.8959847235877039,23,Wednesday,11
2013-11-14 00:00:00,2111.6680000000083,2100.3483380476177,11.319661952390561,11.319661952390561,128.1347467163985,0.5360531083669647,0,Thursday,11
2013-11-14 00:30:00,1989.067999999995,1990.763976833334,-1.6959768333390457,1.6959768333390457,2.8763374192227373,0.08526489960821099,0,Thursday,11
2013-11-14 01:00:00,1894.3760000000104,1893.8192828571423,0.5567171428681377,0.5567171428681377,0.30993397716326243,0.029387890411836644,1,Thursday,11
2013-11-14 01:30:00,1861.662000000008,1803.8138138690476,57.84818613096036,57.84818613096036,3346.412638642234,3.1073409744067457,1,Thursday,11
2013-11-14 02:00:00,1769.266000000005,1816.264787238095,-46.99878723809002,46.99878723809002,2208.8860018512532,2.6564002947035594,2,Thursday,11
2013-11-14 02:30:00,1758.2379999999991,1731.914035119047,26.32396488095219,26.32396488095219,692.9511270536042,1.4971787028236336,2,Thursday,11
2013-11-14 03:00:00,1733.157999999995,1713.949467095237,19.20853290475793,19.20853290475793,368.96773635316816,1.1082966991329115,3,Thursday,11
2013-11-14 03:30:00,1727.8819999999953,1713.9844701666643,13.897529833330964,13.897529833330964,193.14133546832417,0.8043101226432708,3,Thursday,11
2013-11-14 04:00:00,1752.0639999999937,1737.0053669404747,15.058633059519025,15.058633059519025,226.7624296212393,0.8594796228630392,4,Thursday,11
2013-11-14 04:30:00,1850.854000000004,1823.380073988094,27.473926011909953,27.473926011909953,754.8166105079023,1.4843918543499324,4,Thursday,11
2013-11-14 05:00:00,2024.2119999999995,2033.272274630951,-9.060274630951426,9.060274630951426,82.088576388262,0.4475951447255242,5,Thursday,11
2013-11-14 05:30:00,2308.619999999997,2287.721246150793,20.89875384920424,20.89875384920424,436.75791244962903,0.9052487567986186,5,Thursday,11
2013-11-14 06:00:00,2636.8739999999984,2629.0375567261885,7.836443273809891,7.836443273809891,61.409843183640284,0.29718686876240186,6,Thursday,11
2013-11-14 06:30:00,2914.9819999999986,2990.6114568571443,-75.62945685714567,75.62945685714567,5719.814744506858,2.5945085375191237,6,Thursday,11
2013-11-14 07:00:00,3039.6959999999845,3131.110716301584,-91.41471630159958,91.41471630159958,8356.650356501936,3.007363772614105,7,Thursday,11
2013-11-14 07:30:00,3015.436000000017,3075.952208261905,-60.516208261888096,60.516208261888096,3662.211462396213,2.0068808710212305,7,Thursday,11
2013-11-14 08:00:00,2817.7600000000084,2889.073184944445,-71.31318494443667,71.31318494443667,5085.570346919429,2.5308466634644704,8,Thursday,11
2013-11-14 08:30:00,2730.095999999993,2710.341658214284,19.75434178570913,19.75434178570913,390.2340193866138,0.7235768187532299,8,Thursday,11
2013-11-14 09:00:00,2656.326000000008,2656.5059256947216,-0.17992569471334718,0.17992569471334718,0.03237325561808061,0.006773479411538593,9,Thursday,11
2013-11-14 09:30:00,2611.642,2645.579184101381,-33.93718410138126,33.93718410138126,1151.7324647310452,1.299457739666511,9,Thursday,11
2013-11-14 10:00:00,2576.810000000006,2603.7441774505514,-26.934177450545576,26.934177450545576,725.4499149374777,1.0452527524553814,10,Thursday,11
2013-11-14 10:30:00,2567.563999999992,2574.9631080873023,-7.399108087310196,7.399108087310196,54.746800487699154,0.2881761890768923,10,Thursday,11
2013-11-14 11:00:00,2575.5440000000035,2585.146709501444,-9.602709501440586,9.602709501440586,92.21202976905731,0.37284198994234125,11,Thursday,11
2013-11-14 11:30:00,2593.0799999999977,2592.6530256165224,0.4269743834752262,0.4269743834752262,0.1823071241440495,0.0164659163417722,11,Thursday,11
2013-11-14 12:00:00,2565.6220000000003,2607.108814607144,-41.486814607143515,41.486814607143515,1721.1557862474965,1.6170275514921335,12,Thursday,11
2013-11-14 12:30:00,2639.3680000000068,2588.452332620491,50.91566737951598,50.91566737951598,2592.4051847015076,1.9290855757710124,12,Thursday,11
2013-11-14 13:00:00,2622.7859999999982,2634.942540450959,-12.15654045096062,12.15654045096062,147.78147573584184,0.4634972297000452,13,Thursday,11
2013-11-14 13:30:00,2638.797999999991,2618.748694426477,20.049305573514175,20.049305573514175,401.97465398014657,0.759789327319266,13,Thursday,11
2013-11-14 14:00:00,2611.863999999998,2650.755571326681,-38.89157132668288,38.89157132668288,1512.5543202584618,1.4890350847778793,14,Thursday,11
2013-11-14 14:30:00,2719.754000000002,2636.072836498433,83.68116350156924,83.68116350156924,7002.537124976365,3.0767916326832934,14,Thursday,11
2013-11-14 15:00:00,2950.848000000003,2844.3774686031747,106.47053139682839,106.47053139682839,11335.97405592302,3.608133370367714,15,Thursday,11
2013-11-14 15:30:00,3096.0160000000024,3129.315676690474,-33.29967669047164,33.29967669047164,1108.8684676899404,1.0755653940571244,15,Thursday,11
2013-11-14 16:00:00,3269.573999999998,3293.3812155119044,-23.807215511906634,23.807215511906634,566.7835104303679,0.7281442631947357,16,Thursday,11
2013-11-14 16:30:00,3546.622000000001,3574.0374328531743,-27.415432853173115,27.415432853173115,751.6059585268438,0.7730012629813131,16,Thursday,11
2013-11-14 17:00:00,3781.650000000008,3899.978184761909,-118.32818476190096,118.32818476190096,14001.55930904657,3.129009420805752,17,Thursday,11
2013-11-14 17:30:00,3997.7720000000018,4100.354506083332,-102.58250608333037,102.58250608333037,10523.170554336513,2.5659919095768924,17,Thursday,11
2013-11-14 18:00:00,4121.394000000003,4255.300928038963,-133.90692803896036,133.90692803896036,17931.06537683131,3.249068835422196,18,Thursday,11
2013-11-14 18:30:00,4133.112000000005,4221.789275515872,-88.67727551586722,88.67727551586722,7863.6591929170245,2.145532845852402,18,Thursday,11
2013-11-14 19:00:00,4223.295999999997,4145.969617642856,77.32638235714057,77.32638235714057,5979.369408442701,1.830948679825914,19,Thursday,11
2013-11-14 19:30:00,4326.108000000003,4196.132730183262,129.97526981674127,129.97526981674127,16893.570763934695,3.004438858593941,19,Thursday,11
2013-11-14 20:00:00,4206.303999999988,4265.724468801587,-59.42046880159887,59.42046880159887,3530.792112601785,1.4126527422078632,20,Thursday,11
2013-11-14 20:30:00,4048.65,4075.555590527777,-26.905590527776894,26.905590527776894,723.9108016483978,0.6645570876162892,20,Thursday,11
2013-11-14 21:00:00,3791.641999999998,3802.034417936509,-10.39241793651081,10.39241793651081,108.0023505671116,0.2740875308510354,21,Thursday,11
2013-11-14 21:30:00,3507.9159999999983,3540.054683079368,-32.13868307936946,32.13868307936946,1032.8949500761487,0.9161759597256455,21,Thursday,11
2013-11-14 22:00:00,3174.7059999999933,3201.720431869048,-27.014431869054533,27.014431869054533,729.7795292077892,0.8509270423483181,22,Thursday,11
2013-11-14 22:30:00,2857.5759999999864,2863.145705587301,-5.569705587314729,5.569705587314729,31.02162032936491,0.19491014717770433,22,Thursday,11
2013-11-14 23:00:00,2513.718000000001,2586.8472628138543,-73.12926281385307,73.12926281385307,5347.889079697594,2.909207111293034,23,Thursday,11
2013-11-14 23:30:00,2282.221999999997,2278.5581066349205,3.6638933650765466,3.6638933650765466,13.424114590651941,0.16054062072298625,23,Thursday,11
2013-11-15 00:00:00,2100.287999999993,2110.17667011111,-9.88867011111688,9.88867011111688,97.78579656649633,0.47082448269555943,0,Friday,11
2013-11-15 00:30:00,1985.727999999996,1979.9261990317475,5.801800968248472,5.801800968248472,33.6608944751689,0.29217500927863654,0,Friday,11
2013-11-15 01:00:00,1906.375999999997,1898.693754380953,7.682245619044124,7.682245619044124,59.016897751322645,0.402976412787621,1,Friday,11
2013-11-15 01:30:00,1843.615999999992,1843.7509221269831,-0.13492212699111406,0.13492212699111406,0.018203980351806308,0.007318342159707588,1,Friday,11
2013-11-15 02:00:00,1785.1839999999963,1782.5880813373017,2.5959186626946575,2.5959186626946575,6.73879370332642,0.14541462743866532,2,Friday,11
2013-11-15 02:30:00,1778.3439999999948,1738.8869529246017,39.45704707539312,39.45704707539312,1556.8585639097887,2.2187522254070773,2,Friday,11
2013-11-15 03:00:00,1745.0000000000002,1743.453070900792,1.5469290992082279,1.5469290992082279,2.392989637977179,0.08864923204631678,3,Friday,11
2013-11-15 03:30:00,1746.211999999996,1720.7739138174595,25.43808618253638,25.43808618253638,647.0962286301483,1.4567581818551494,3,Friday,11
2013-11-15 04:00:00,1785.373999999999,1738.6122804960323,46.76171950396656,46.76171950396656,2186.6584109676464,2.619155398474862,4,Friday,11
2013-11-15 04:30:00,1859.906000000005,1875.1922068412684,-15.286206841263493,15.286206841263493,233.6681195938908,0.8218806133892493,4,Friday,11
2013-11-15 05:00:00,2024.900000000005,2012.025612436506,12.874387563499113,12.874387563499113,165.7498551351806,0.6358036230677604,5,Friday,11
2013-11-15 05:30:00,2255.144,2281.372271246031,-26.228271246031,26.228271246031,687.9222125553765,1.163041971866586,5,Friday,11
2013-11-15 06:00:00,2550.4980000000023,2560.1929752395386,-9.694975239536234,9.694975239536234,93.99254489522066,0.38012087206248446,6,Friday,11
2013-11-15 06:30:00,2865.3340000000007,2861.1045294166665,4.229470583334205,4.229470583334205,17.88842141528938,0.14760829220377814,6,Friday,11
2013-11-15 07:00:00,3112.944000000009,3050.929523228712,62.01447677129727,62.01447677129727,3845.7953292177685,1.9921488074085847,7,Friday,11
2013-11-15 07:30:00,3043.7479999999987,3137.9144547063493,-94.16645470635058,94.16645470635058,8867.321191963176,3.093766458535681,7,Friday,11
2013-11-15 08:00:00,2872.8360000000025,2843.27694659524,29.55905340476238,29.55905340476238,873.7376381855945,1.0289154481760308,8,Friday,11
2013-11-15 08:30:00,2752.876000000006,2777.0961886904765,-24.220188690470422,24.220188690470422,586.6175402019913,0.8798140087119932,8,Friday,11
2013-11-15 09:00:00,2754.1020000000026,2664.232090571428,89.86990942857437,89.86990942857437,8076.600620700161,3.2631293041642717,9,Friday,11
2013-11-15 09:30:00,2659.4640000000027,2680.927099897222,-21.46309989721931,21.46309989721931,460.6646571980155,0.8070460776013245,9,Friday,11
2013-11-15 10:00:00,2728.254,2650.4767216464634,77.77727835353653,77.77727835353653,6049.305028083502,2.850807818976405,10,Friday,11
2013-11-15 10:30:00,2661.287999999998,2724.053313699329,-62.76531369933082,62.76531369933082,3939.484603775405,2.3584562700215406,10,Friday,11
2013-11-15 11:00:00,2688.534000000003,2677.852881092353,10.681118907649761,10.681118907649761,114.08630111935322,0.3972841298510545,11,Friday,11
2013-11-15 11:30:00,2737.9120000000057,2711.4909484880945,26.421051511911173,26.421051511911173,698.0719629950637,0.9650073308386508,11,Friday,11
2013-11-15 12:00:00,2722.778000000004,2751.478652794615,-28.70065279461096,28.70065279461096,823.7274708368099,1.054094487123479,12,Friday,11
2013-11-15 12:30:00,2678.203999999997,2735.163098388888,-56.95909838889111,56.95909838889111,3244.3388892753774,2.1267647419274693,12,Friday,11
2013-11-15 13:00:00,2624.9260000000054,2673.0786455353546,-48.152645535349166,48.152645535349166,2318.677272052982,1.8344382102714158,13,Friday,11
2013-11-15 13:30:00,2570.125999999996,2625.992142307693,-55.86614230769692,55.86614230769692,3121.0258563438438,2.173673287134444,13,Friday,11
2013-11-15 14:00:00,2620.458000000006,2597.854016821428,22.60398317857789,22.60398317857789,510.9400555374323,0.8625966597662637,14,Friday,11
2013-11-15 14:30:00,2673.850000000003,2627.9413278015872,45.90867219841584,45.90867219841584,2107.6061830216,1.7169501729123096,14,Friday,11
2013-11-15 15:00:00,2908.709999999992,2768.171493799795,140.53850620019693,140.53850620019693,19751.071724982794,4.831643793991059,15,Friday,11
2013-11-15 15:30:00,3072.887999999999,3115.4694861190446,-42.58148611904562,42.58148611904562,1813.1829601064749,1.3857155262100551,15,Friday,11
2013-11-15 16:00:00,3214.605999999996,3293.5561049365065,-78.95010493651034,78.95010493651034,6233.119069485995,2.455980762075055,16,Friday,11
2013-11-15 16:30:00,3461.052000000003,3483.0235293412693,-21.971529341266432,21.971529341266432,482.74810159413175,0.6348222835503892,16,Friday,11
2013-11-15 17:00:00,3796.3260000000014,3781.4595372738095,14.866462726191912,14.866462726191912,221.01171398925345,0.39160131996545894,17,Friday,11
2013-11-15 17:30:00,3969.318000000006,4134.030519678573,-164.71251967856688,164.71251967856688,27130.21413886228,4.149642827270745,17,Friday,11
2013-11-15 18:00:00,4122.878000000012,4188.153829765153,-65.27582976514077,65.27582976514077,4260.933951527638,1.5832588246642414,18,Friday,11
2013-11-15 18:30:00,4198.443999999995,4177.4515010634905,20.99249893650449,20.99249893650449,440.6850115991421,0.5000066438067178,18,Friday,11
2013-11-15 19:00:00,4180.15399999999,4142.794648123015,37.35935187697578,37.35935187697578,1395.7211726676937,0.8937314720217452,19,Friday,11
2013-11-15 19:30:00,4089.852000000006,4103.2013435873005,-13.349343587294697,13.349343587294697,178.20497421164606,0.326401629870584,19,Friday,11
2013-11-15 20:00:00,3906.598,3926.746989023811,-20.148989023810827,20.148989023810827,405.9817586816492,0.5157681702548055,20,Friday,11
2013-11-15 20:30:00,3755.008000000005,3784.958503896829,-29.950503896824102,29.950503896824102,897.0326836736757,0.7976149157824448,20,Friday,11
2013-11-15 21:00:00,3546.3000000000025,3579.748335615079,-33.44833561507676,33.44833561507676,1118.7911554188122,0.9431896798092867,21,Friday,11
2013-11-15 21:30:00,3356.768000000004,3436.866441833335,-80.09844183333098,80.09844183333098,6415.760384127507,2.386177472894489,21,Friday,11
2013-11-15 22:00:00,3109.4139999999934,3119.087795761905,-9.673795761911606,9.673795761911606,93.58232444317895,0.31111314742622326,22,Friday,11
2013-11-15 22:30:00,2879.867999999991,2849.845394952381,30.022605047609886,30.022605047609886,901.3568138447706,1.0424993453731206,22,Friday,11
2013-11-15 23:00:00,2581.6919999999977,2605.075634738098,-23.383634738100227,23.383634738100227,546.7943735648877,0.9057484292510589,23,Friday,11
2013-11-15 23:30:00,2358.679999999993,2344.4539259523804,14.226074047612656,14.226074047612656,202.38118280815834,0.603137095647256,23,Friday,11
2013-11-16 00:00:00,2190.613999999997,2197.950288619047,-7.336288619050265,7.336288619050265,53.82113070200644,0.33489645455795847,0,Saturday,11
2013-11-16 00:30:00,2088.4919999999984,2043.6266905119037,44.86530948809468,44.86530948809468,2012.8959954625186,2.148215530061629,0,Saturday,11
2013-11-16 01:00:00,2003.047999999994,1988.282409119048,14.765590880946093,14.765590880946093,218.0226740634784,0.737156118123287,1,Saturday,11
2013-11-16 01:30:00,1900.1139999999937,1925.7867382023803,-25.672738202386654,25.672738202386654,659.0894868082831,1.3511156805532059,1,Saturday,11
2013-11-16 02:00:00,1824.868,1829.6298310952368,-4.761831095236857,4.761831095236857,22.675035379564648,0.2609411253436883,2,Saturday,11
2013-11-16 02:30:00,1778.8180000000043,1760.8872815714285,17.9307184285758,17.9307184285758,321.51066336486787,1.0080130979434523,2,Saturday,11
2013-11-16 03:00:00,1744.881999999995,1740.4350366349183,4.446963365076726,4.446963365076726,19.77548317033452,0.2548575413739576,3,Saturday,11
2013-11-16 03:30:00,1740.44799999999,1728.9819938809524,11.46600611903773,11.46600611903773,131.46929632181065,0.6587962478073344,3,Saturday,11
2013-11-16 04:00:00,1717.7199999999998,1739.5094354087296,-21.789435408729787,21.789435408729787,474.7794954312074,1.2685091521743816,4,Saturday,11
2013-11-16 04:30:00,1763.0259999999976,1760.5132549801583,2.512745019839258,2.512745019839258,6.313887534726994,0.1425245583354563,4,Saturday,11
2013-11-16 05:00:00,1845.4339999999947,1835.3663397857144,10.067660214280295,10.067660214280295,101.35778219020236,0.5455443117597445,5,Saturday,11
2013-11-16 05:30:00,1966.2900000000009,2021.757204900792,-55.4672049007911,55.4672049007911,3076.6108195063443,2.820906626224569,5,Saturday,11
2013-11-16 06:00:00,2126.751999999995,2167.193380510461,-40.44138051046593,40.44138051046593,1635.505257592294,1.9015560117242643,6,Saturday,11
2013-11-16 06:30:00,2429.537999999995,2389.5801154264072,39.95788457358776,39.95788457358776,1596.6325395961628,1.644670080220513,6,Saturday,11
2013-11-16 07:00:00,2729.159999999995,2732.0094995277764,-2.849499527781518,2.849499527781518,8.119647558827094,0.10440939804853959,7,Saturday,11
2013-11-16 07:30:00,2948.1519999999964,3013.007984357145,-64.85598435714837,64.85598435714837,4206.298706934675,2.199886042413975,7,Saturday,11
2013-11-16 08:00:00,3183.316000000013,3086.1703253373007,97.14567466271228,97.14567466271228,9437.28210567354,3.051713202921478,8,Saturday,11
2013-11-16 08:30:00,3326.440000000004,3257.677155103175,68.76284489682894,68.76284489682894,4728.328838305353,2.0671602342693345,8,Saturday,11
2013-11-16 09:00:00,3309.271999999989,3364.951454718254,-55.67945471826488,55.67945471826488,3100.201677723309,1.682528807491952,9,Saturday,11
2013-11-16 09:30:00,3287.552000000005,3325.058226142858,-37.50622614285294,37.50622614285294,1406.7169994788253,1.1408557535471038,9,Saturday,11
2013-11-16 10:00:00,3235.226000000002,3287.602226188141,-52.376226188138844,52.376226188138844,2743.269069711081,1.618935622677946,10,Saturday,11
2013-11-16 10:30:00,3267.1079999999884,3186.38885860385,80.71914139613818,80.71914139613818,6515.579787729749,2.470660333118418,10,Saturday,11
2013-11-16 11:00:00,3266.6400000000035,3255.618527672268,11.02147232773541,11.02147232773541,121.47285227103738,0.33739476427568993,11,Saturday,11
2013-11-16 11:30:00,3255.1720000000023,3256.6360833984595,-1.4640833984572055,1.4640833984572055,2.1435401976380004,0.04497714401749599,11,Saturday,11
2013-11-16 12:00:00,3262.1659999999983,3241.9634752132038,20.202524786794584,20.202524786794584,408.1420077610495,0.6192978771403599,12,Saturday,11
2013-11-16 12:30:00,3192.6740000000023,3256.585074760822,-63.9110747608197,63.9110747608197,4084.625477083085,2.001803966230804,12,Saturday,11
2013-11-16 13:00:00,3122.673999999996,3162.185851272727,-39.51185127273129,39.51185127273129,1561.1863909984374,1.2653210444872358,13,Saturday,11
2013-11-16 13:30:00,3103.1380000000013,3122.8093263486207,-19.67132634861946,19.67132634861946,386.9610803138902,0.6339172266466864,13,Saturday,11
2013-11-16 14:00:00,3013.421999999997,3106.1164958228705,-92.6944958228737,92.6944958228737,8592.26955585675,3.076054260666903,14,Saturday,11
2013-11-16 14:30:00,3091.224000000009,2987.143300802852,104.08069919715672,104.08069919715672,10832.79194536902,3.3669737035283247,14,Saturday,11
2013-11-16 15:00:00,3111.893999999995,3148.6204362380936,-36.72643623809881,36.72643623809881,1348.8311187511376,1.18019560557329,15,Saturday,11
2013-11-16 15:30:00,3165.3120000000063,3169.1681660793606,-3.8561660793543524,3.8561660793543524,14.870016831563118,0.12182578145074939,15,Saturday,11
2013-11-16 16:00:00,3294.6820000000034,3327.1159801746026,-32.43398017459913,32.43398017459913,1051.9630699662894,0.9844343148928817,16,Saturday,11
2013-11-16 16:30:00,3498.682000000001,3506.5005795952416,-7.818579595240408,7.818579595240408,61.13018688710966,0.22347214165907062,16,Saturday,11
2013-11-16 17:00:00,3795.761999999993,3769.94611028968,25.81588971031306,25.81588971031306,666.4601615350476,0.680124035972569,17,Saturday,11
2013-11-16 17:30:00,4032.2080000000046,4087.624973630953,-55.41697363094818,55.41697363094818,3071.0409664132058,1.3743580100765662,17,Saturday,11
2013-11-16 18:00:00,4124.815999999998,4246.338364253245,-121.52236425324736,121.52236425324736,14767.685013698932,2.946128124339302,18,Saturday,11
2013-11-16 18:30:00,4184.17999999999,4242.992953821429,-58.812953821438896,58.812953821438896,3458.963537202704,1.4056028617659622,18,Saturday,11
2013-11-16 19:00:00,4220.34000000001,4153.274821257935,67.06517874207475,67.06517874207475,4497.738199706435,1.5890942137854909,19,Saturday,11
2013-11-16 19:30:00,4085.632000000003,4163.362683671357,-77.73068367135465,77.73068367135465,6042.0591840162015,1.9025375675380114,19,Saturday,11
2013-11-16 20:00:00,3926.297999999994,3895.2589893015897,31.039010698404127,31.039010698404127,963.4201851356459,0.7905413878010322,20,Saturday,11
2013-11-16 20:30:00,3754.928000000004,3791.853296845241,-36.92529684523697,36.92529684523697,1363.4775471088674,0.9833822870967681,20,Saturday,11
2013-11-16 21:00:00,3553.7599999999884,3573.8904553888856,-20.13045538889719,20.13045538889719,405.2352341643799,0.5664551176471472,21,Saturday,11
2013-11-16 21:30:00,3415.1780000000067,3439.9969236865086,-24.818923686501876,24.818923686501876,615.9789729564038,0.7267241615664491,21,Saturday,11
2013-11-16 22:00:00,3137.3820000000046,3164.886404079366,-27.504404079361393,27.504404079361393,756.4922437607917,0.8766673640430575,22,Saturday,11
2013-11-16 22:30:00,2921.587999999992,2894.9925848452344,26.595415154757575,26.595415154757575,707.3161072539089,0.9103068315846603,22,Saturday,11
2013-11-16 23:00:00,2665.6159999999845,2678.504559249999,-12.888559250014623,12.888559250014623,166.1149595411375,0.48351147539685757,23,Saturday,11
2013-11-16 23:30:00,2439.0279999999893,2420.4901028253967,18.537897174592672,18.537897174592672,343.653631655771,0.7600526592803671,23,Saturday,11
2013-11-17 00:00:00,2240.747999999999,2242.125336249999,-1.3773362499996438,1.3773362499996438,1.8970551455630813,0.06146769962528782,0,Sunday,11
2013-11-17 00:30:00,2149.027999999996,2106.162362190473,42.86563780952338,42.86563780952338,1837.46290481724,1.9946523642094685,0,Sunday,11
2013-11-17 01:00:00,2031.4400000000005,2039.41984236111,-7.979842361109604,7.979842361109604,63.677884108159304,0.39281703427665116,1,Sunday,11
2013-11-17 01:30:00,1917.4059999999995,1938.8125449206327,-21.406544920633223,21.406544920633223,458.24016543908806,1.1164325615249577,1,Sunday,11
2013-11-17 02:00:00,1855.0419999999976,1847.0400021031744,8.00199789682324,8.00199789682324,64.03197034076356,0.43136478294417324,2,Sunday,11
2013-11-17 02:30:00,1797.719999999997,1790.9956678968238,6.72433210317331,6.72433210317331,45.216642233767196,0.3740477996113589,2,Sunday,11
2013-11-17 03:00:00,1741.6140000000007,1750.288477857142,-8.674477857141255,8.674477857141255,75.24656609403394,0.4980712061996086,3,Sunday,11
2013-11-17 03:30:00,1722.9959999999933,1718.615267761904,4.380732238089195,4.380732238089195,19.190814941833963,0.25425086524224155,3,Sunday,11
2013-11-17 04:00:00,1733.9359999999972,1713.68655744597,20.249442554027155,20.249442554027155,410.0399237488458,1.1678310245607213,4,Sunday,11
2013-11-17 04:30:00,1729.122000000002,1743.1438670555542,-14.02186705555232,14.02186705555232,196.6127557235835,0.8109241022641724,4,Sunday,11
2013-11-17 05:00:00,1805.665999999996,1803.5920266785704,2.073973321425683,2.073973321425683,4.301365337985479,0.11485918887688464,5,Sunday,11
2013-11-17 05:30:00,1876.3299999999929,1919.7733560000008,-43.44335600000795,43.44335600000795,1887.325180543427,2.3153366412096017,5,Sunday,11
2013-11-17 06:00:00,2049.502000000003,2046.4982045436493,3.003795456353828,3.003795456353828,9.0227871436119,0.14656221152035095,6,Sunday,11
2013-11-17 06:30:00,2314.0880000000107,2250.5349953690484,63.55300463096228,63.55300463096228,4038.9843976231127,2.7463521106786772,6,Sunday,11
2013-11-17 07:00:00,2628.490000000002,2614.9363016049765,13.553698395025549,13.553698395025549,183.70274018331816,0.5156458040557711,7,Sunday,11
2013-11-17 07:30:00,2951.846000000005,2925.952111786796,25.89388821320881,25.89388821320881,670.4934467981542,0.8772099971749464,7,Sunday,11
2013-11-17 08:00:00,3245.249999999996,3152.9120662698383,92.3379337301576,92.3379337301576,8526.294005554977,2.8453257447086577,8,Sunday,11
2013-11-17 08:30:00,3526.983999999998,3334.0570371190483,192.92696288094976,192.92696288094976,37220.81300646737,5.470026597255612,8,Sunday,11
2013-11-17 09:00:00,3751.4239999999977,3593.831417142856,157.59258285714168,157.59258285714168,24835.422171585065,4.200873664430941,9,Sunday,11
2013-11-17 09:30:00,3797.014000000009,3794.862773020561,2.151226979448438,2.151226979448438,4.627777517106852,0.05665575579780409,9,Sunday,11
2013-11-17 10:00:00,3851.0319999999983,3731.5249494404734,119.50705055952494,119.50705055952494,14281.935133436851,3.1032474038004616,10,Sunday,11
2013-11-17 10:30:00,3844.1659999999993,3859.8792198769847,-15.713219876985477,15.713219876985477,246.9052789024915,0.40875497772430947,10,Sunday,11
2013-11-17 11:00:00,3908.002000000012,3814.45545648918,93.54654351083173,93.54654351083173,8750.955802823933,2.393717902673321,11,Sunday,11
2013-11-17 11:30:00,3968.572000000016,4022.4873621904753,-53.91536219045929,53.91536219045929,2906.866280128407,1.3585582469074284,11,Sunday,11
2013-11-17 12:00:00,3954.504000000002,4042.512791511904,-88.00879151190202,88.00879151190202,7745.547383385437,2.2255330001411546,12,Sunday,11
2013-11-17 12:30:00,3890.5860000000025,3995.3599984761904,-104.7739984761879,104.7739984761879,10977.590756688223,2.6930133012401685,12,Sunday,11
2013-11-17 13:00:00,3880.958000000016,3930.685276738095,-49.72727673807913,49.72727673807913,2472.8020517855052,1.2813144779737096,13,Sunday,11
2013-11-17 13:30:00,3805.257999999994,3920.412312785713,-115.15431278571896,115.15431278571896,13260.515753151196,3.026189361817757,13,Sunday,11
2013-11-17 14:00:00,3848.4299999999967,3729.895854097746,118.53414590225066,118.53414590225066,14050.343744776046,3.0800650109850185,14,Sunday,11
2013-11-17 14:30:00,3921.857999999999,3860.450908988096,61.407091011902594,61.407091011902594,3770.8308265440883,1.5657652829832853,14,Sunday,11
2013-11-17 15:00:00,4065.01600000001,4073.9207548095233,-8.904754809513179,8.904754809513179,79.29465821754809,0.21905829668353474,15,Sunday,11
2013-11-17 15:30:00,4207.208000000017,4185.72085320635,21.487146793667307,21.487146793667307,461.6974773326072,0.510722236544217,15,Sunday,11
2013-11-17 16:00:00,4367.777999999983,4471.637253841268,-103.85925384128495,103.85925384128495,10786.744608468463,2.3778510226775573,16,Sunday,11
2013-11-17 16:30:00,4748.103999999999,4601.323587916668,146.7804120833316,146.7804120833316,21544.48937135264,3.0913478745059426,16,Sunday,11
2013-11-17 17:00:00,5032.026000000008,5049.599261154759,-17.57326115475098,17.57326115475098,308.81950761307974,0.34922834569517236,17,Sunday,11
2013-11-17 17:30:00,5231.507999999992,5282.408690428573,-50.90069042858158,50.90069042858158,2590.880286106297,0.9729640178048407,17,Sunday,11
2013-11-17 18:00:00,5423.057999999979,5398.544870634915,24.513129365063833,24.513129365063833,600.8935112683548,0.452016728662388,18,Sunday,11
2013-11-17 18:30:00,5322.545999999981,5484.277541948407,-161.73154194842573,161.73154194842573,26157.09166101539,3.038612384908018,18,Sunday,11
2013-11-17 19:00:00,5306.361999999996,5194.477069074463,111.88493092553381,111.88493092553381,12518.237768211471,2.1085054303783624,19,Sunday,11
2013-11-17 19:30:00,5132.413999999998,5142.339823574821,-9.92582357482297,9.92582357482297,98.52197363851145,0.19339483476631025,19,Sunday,11
2013-11-17 20:00:00,4927.373999999999,4874.151134857139,53.22286514285952,53.22286514285952,2832.6733740150107,1.0801466489627036,20,Sunday,11
2013-11-17 20:30:00,4610.735999999991,4675.438448622296,-64.70244862230538,64.70244862230538,4186.406857722068,1.4032997903654756,20,Sunday,11
2013-11-17 21:00:00,4116.560000000007,4316.960631580202,-200.4006315801953,200.4006315801953,40160.41313774117,4.868157674859469,21,Sunday,11
2013-11-17 21:30:00,3682.412000000005,3777.59229015476,-95.18029015475531,95.18029015475531,9059.287633943411,2.5847268082646697,21,Sunday,11
2013-11-17 22:00:00,3294.9179999999947,3315.6163905873,-20.698390587305312,20.698390587305312,428.4233729046491,0.6281913719038029,22,Sunday,11
2013-11-17 22:30:00,2881.5199999999963,2967.774323365077,-86.25432336508084,86.25432336508084,7439.80829916793,2.993361953589805,22,Sunday,11
2013-11-17 23:00:00,2541.4700000000025,2625.354616785713,-83.88461678571048,83.88461678571048,7036.6289332855,3.300633758640094,23,Sunday,11
2013-11-17 23:30:00,2286.035999999998,2351.3777250634907,-65.34172506349296,65.34172506349296,4269.541034273104,2.8582981660609468,23,Sunday,11
2013-11-18 00:00:00,2111.6100000000047,2137.556913396826,-25.9469133968214,25.9469133968214,673.2423148221499,1.228773940113058,0,Monday,11
2013-11-18 00:30:00,1981.769999999992,2010.314326380954,-28.544326380962048,28.544326380962048,814.7785685428859,1.4403450643092872,0,Monday,11
2013-11-18 01:00:00,1925.9119999999973,1910.118200892857,15.79379910714033,15.79379910714033,249.4440902367067,0.8200685756742963,1,Monday,11
2013-11-18 01:30:00,1863.658000000005,1889.0350426587288,-25.377042658723894,25.377042658723894,643.9942941026923,1.361679163168555,1,Monday,11
2013-11-18 02:00:00,1801.6940000000016,1833.220293666666,-31.526293666664515,31.526293666664515,993.9071923567711,1.7498139898708929,2,Monday,11
2013-11-18 02:30:00,1757.402000000002,1787.9779847777777,-30.575984777775602,30.575984777775602,934.8908451307653,1.7398401036174744,2,Monday,11
2013-11-18 03:00:00,1740.2479999999946,1732.5484057380952,7.699594261899392,7.699594261899392,59.28375179787405,0.44244235660086473,3,Monday,11
2013-11-18 03:30:00,1758.199999999999,1731.651936579364,26.54806342063489,26.54806342063489,704.7996713860523,1.5099569685266128,3,Monday,11
2013-11-18 04:00:00,1786.3159999999968,1769.3840698055562,16.93193019444061,16.93193019444061,286.6902601094097,0.9478686970525171,4,Monday,11
2013-11-18 04:30:00,1871.553999999997,1856.7143655238096,14.839634476187257,14.839634476187257,220.21475138684545,0.7929044246752849,4,Monday,11
2013-11-18 05:00:00,2088.4100000000044,2024.9614493571428,63.44855064286162,63.44855064286162,4025.7185786797754,3.0381271226847932,5,Monday,11
2013-11-18 05:30:00,2414.9419999999973,2370.1904244523803,44.751575547616994,44.751575547616994,2002.7035139940713,1.8531118158372766,5,Monday,11
2013-11-18 06:00:00,2814.625999999995,2744.0897343809484,70.53626561904684,70.53626561904684,4975.36476748073,2.5060617509767535,6,Monday,11
2013-11-18 06:30:00,3290.362000000003,3202.9654055119063,87.39659448809653,87.39659448809653,7638.164728116784,2.656139187362863,6,Monday,11
2013-11-18 07:00:00,3635.807999999997,3441.90194211508,193.90605788491666,193.90605788491666,37599.559284468654,5.333231509609881,7,Monday,11
2013-11-18 07:30:00,3635.606000000001,3821.7833711547614,-186.1773711547603,186.1773711547603,34662.01353009737,5.120944655574895,7,Monday,11
2013-11-18 08:00:00,3406.6920000000023,3554.19543851984,-147.5034385198378,147.5034385198378,21757.26437517557,4.329814333665553,8,Monday,11
2013-11-18 08:30:00,3259.865999999997,3265.2910055793664,-5.425005579369554,5.425005579369554,29.430685536190786,0.16641805458781309,8,Monday,11
2013-11-18 09:00:00,3271.2739999999985,3132.429028986649,138.84497101334955,138.84497101334955,19277.925975697875,4.244369961469128,9,Monday,11
2013-11-18 09:30:00,3260.6600000000035,3239.3161370277758,21.343862972227726,21.343862972227726,455.56048657723375,0.6545871992856569,9,Monday,11
2013-11-18 10:00:00,3333.0699999999965,3190.712142109971,142.35785789002557,142.35785789002557,20265.759703036714,4.271073151479738,10,Monday,11
2013-11-18 10:30:00,3313.692000000004,3339.040322190475,-25.348322190470753,25.348322190470753,642.5374378719121,0.7649570989238204,10,Monday,11
2013-11-18 11:00:00,3345.371999999999,3292.815894208333,52.55610579166614,52.55610579166614,2762.1442559848033,1.5710093165025043,11,Monday,11
2013-11-18 11:30:00,3361.655999999995,3320.4927494226176,41.16325057737731,41.16325057737731,1694.4131980959537,1.2244932431330682,11,Monday,11
2013-11-18 12:00:00,3269.3759999999943,3340.473358270634,-71.09735827063969,71.09735827063969,5054.834353063698,2.1746461181167236,12,Monday,11
2013-11-18 12:30:00,3227.116,3230.77606560714,-3.660065607140041,3.660065607140041,13.396080248569396,0.11341599146544597,12,Monday,11
2013-11-18 13:00:00,3160.1259999999943,3182.811238768369,-22.685238768374802,22.685238768374802,514.620057978175,0.7178586793176868,13,Monday,11
2013-11-18 13:30:00,3108.7040000000006,3137.835156800112,-29.131156800111512,29.131156800111512,848.6242965126831,0.9370836464363125,13,Monday,11
2013-11-18 14:00:00,3081.878000000008,3115.191264862577,-33.31326486256921,33.31326486256921,1109.7736158036885,1.0809404156351785,14,Monday,11
2013-11-18 14:30:00,3109.636000000004,3083.9697291316734,25.666270868330685,25.666270868330685,658.7574602865203,0.8253786252902477,14,Monday,11
2013-11-18 15:00:00,3309.476000000004,3182.0542399166657,127.42176008333854,127.42176008333854,16236.304942735887,3.850209522091666,15,Monday,11
2013-11-18 15:30:00,3490.6600000000003,3483.4546006547625,7.205399345237765,7.205399345237765,51.91777972435282,0.20641939762789172,15,Monday,11
2013-11-18 16:00:00,3732.263999999999,3761.510736839465,-29.24673683946594,29.24673683946594,855.371615756974,0.783619187695885,16,Monday,11
2013-11-18 16:30:00,4176.190000000002,4001.830260928573,174.35973907142943,174.35973907142943,30401.318609056954,4.175091149383273,16,Monday,11
2013-11-18 17:00:00,4666.108000000012,4709.492001295813,-43.38400129580077,43.38400129580077,1882.1715684340431,0.9297684771934267,17,Monday,11
2013-11-18 17:30:00,4897.695999999994,5066.5947233174575,-168.89872331746392,168.89872331746392,28526.77873826923,3.4485342356378212,17,Monday,11
2013-11-18 18:00:00,5210.220000000003,4978.00855580159,232.21144419841312,232.21144419841312,53922.15481671273,4.4568452809749495,18,Monday,11
2013-11-18 18:30:00,5175.372000000004,5263.714577880951,-88.34257788094692,88.34257788094692,7804.4110666511715,1.706980249553981,18,Monday,11
2013-11-18 19:00:00,5037.228000000001,5035.49305794877,1.7349420512309734,1.7349420512309734,3.010023921129538,0.03444239671563354,19,Monday,11
2013-11-18 19:30:00,4920.241999999979,4875.334897690475,44.9071023095039,44.9071023095039,2016.6478378362503,0.9127010888794511,19,Monday,11
2013-11-18 20:00:00,4746.579999999991,4690.818247753966,55.761752246025026,55.761752246025026,3109.373013547077,1.1747774660076336,20,Monday,11
2013-11-18 20:30:00,4451.824000000006,4529.362971849207,-77.5389718492006,77.5389718492006,6012.292155431124,1.7417348899956626,20,Monday,11
2013-11-18 21:00:00,4092.174000000008,4213.748133055555,-121.57413305554655,121.57413305554655,14780.269828207738,2.970893541074898,21,Monday,11
2013-11-18 21:30:00,3691.002000000001,3745.055995416666,-54.0539954166652,54.0539954166652,2921.834420504863,1.4644802526973757,21,Monday,11
2013-11-18 22:00:00,3243.253999999995,3311.4087767341275,-68.15477673413261,68.15477673413261,4645.073591679464,2.1014319795530265,22,Monday,11
2013-11-18 22:30:00,2904.7940000000144,2891.0263180873003,13.767681912714124,13.767681912714124,189.54906524967564,0.4739641404076866,22,Monday,11
2013-11-18 23:00:00,2584.572000000005,2626.6152305952382,-42.043230595233126,42.043230595233126,1767.633238883947,1.62669991763561,23,Monday,11
2013-11-18 23:30:00,2312.353999999996,2357.748146523808,-45.39414652381174,45.39414652381174,2060.62853862529,1.9631140614201725,23,Monday,11
2013-11-19 00:00:00,2118.919999999998,2163.853063353175,-44.933063353177204,44.933063353177204,2018.9801823006362,2.1205644079614734,0,Tuesday,11
2013-11-19 00:30:00,1995.2059999999988,2001.5885252500004,-6.382525250001663,6.382525250001663,40.73662856690879,0.319893046131661,0,Tuesday,11
2013-11-19 01:00:00,1891.476000000004,1903.8574958571417,-12.38149585713768,12.38149585713768,153.30143966031753,0.654594393856314,1,Tuesday,11
2013-11-19 01:30:00,1844.1500000000028,1821.2564389126967,22.893561087306125,22.893561087306125,524.1151392582173,1.2414153451349452,1,Tuesday,11
2013-11-19 02:00:00,1814.8680000000004,1807.1405203214292,7.7274796785711715,7.7274796785711715,59.71394218273041,0.425787422477622,2,Tuesday,11
2013-11-19 02:30:00,1775.9180000000038,1779.174435130952,-3.256435130948148,3.256435130948148,10.604369762073283,0.18336630018661568,2,Tuesday,11
2013-11-19 03:00:00,1706.7239999999993,1747.8005044047595,-41.07650440476027,41.07650440476027,1687.27921411429,2.4067455783571505,3,Tuesday,11
2013-11-19 03:30:00,1734.615999999991,1703.717012442641,30.898987557349983,30.898987557349983,954.747432069269,1.781315723903743,3,Tuesday,11
2013-11-19 04:00:00,1765.2740000000013,1739.148033345238,26.12596665476326,26.12596665476326,682.5661336458018,1.4799949840513849,4,Tuesday,11
2013-11-19 04:30:00,1869.0859999999952,1841.531282996032,27.554717003963333,27.554717003963333,759.2624291685061,1.4742348401284586,4,Tuesday,11
2013-11-19 05:00:00,2100.3079999999945,2043.6795450992056,56.62845490078894,56.62845490078894,3206.781904450687,2.6961976481920313,5,Tuesday,11
2013-11-19 05:30:00,2364.0,2377.9401157936504,-13.94011579365042,13.94011579365042,194.3268283403819,0.5896834092068706,5,Tuesday,11
2013-11-19 06:00:00,2707.563999999996,2715.3249125436505,-7.760912543654285,7.760912543654285,60.23176351025043,0.28663819372891264,6,Tuesday,11
2013-11-19 06:30:00,3127.814000000007,3146.97098279365,-19.156982793642783,19.156982793642783,366.98998975592565,0.6124719306724358,6,Tuesday,11
2013-11-19 07:00:00,3347.841999999997,3434.9607300476177,-87.11873004762083,87.11873004762083,7589.673125110232,2.602235411576201,7,Tuesday,11
2013-11-19 07:30:00,3312.818000000001,3438.679348880952,-125.86134888095103,125.86134888095103,15841.079142132472,3.799223165321819,7,Tuesday,11
2013-11-19 08:00:00,3139.404000000004,3139.3971457499983,0.006854250005744689,0.006854250005744689,4.6980743141251065e-05,0.00021832965765937356,8,Tuesday,11
2013-11-19 08:30:00,2955.832000000007,3001.981072816526,-46.14907281651904,46.14907281651904,2129.736921824376,1.56128876121914,8,Tuesday,11
2013-11-19 09:00:00,2968.826000000004,2824.191108936506,144.6348910634979,144.6348910634979,20919.251712949903,4.871787402276108,9,Tuesday,11
2013-11-19 09:30:00,2896.2800000000097,2936.862666610273,-40.58266661026346,40.58266661026346,1646.9528291997926,1.4011996978974175,9,Tuesday,11
2013-11-19 10:00:00,2779.636000000004,2835.9845847619017,-56.348584761897655,56.348584761897655,3175.1630046687646,2.0271929404388764,10,Tuesday,11
2013-11-19 10:30:00,2747.773999999996,2739.071186973304,8.702813026691729,8.702813026691729,75.73895457755525,0.31672230054916245,10,Tuesday,11
2013-11-19 11:00:00,2796.4559999999947,2743.765901307359,52.69009869263573,52.69009869263573,2776.2465002396934,1.884174065053619,11,Tuesday,11
2013-11-19 11:30:00,2732.4299999999885,2799.402239738095,-66.97223973810651,66.97223973810651,4485.280895538413,2.451013923068726,11,Tuesday,11
2013-11-19 12:00:00,2731.878000000004,2730.426046785713,1.4519532142908247,1.4519532142908247,2.1081681364894576,0.053148537902894,12,Tuesday,11
2013-11-19 12:30:00,2694.500000000006,2715.375960761905,-20.875960761899023,20.875960761899023,435.80573773234767,0.7747619507106691,12,Tuesday,11
2013-11-19 13:00:00,2695.688000000008,2688.108056042127,7.579943957880914,7.579943957880914,57.45555040461538,0.28118773232959055,13,Tuesday,11
2013-11-19 13:30:00,2631.839999999992,2681.6939591810165,-49.85395918102449,49.85395918102449,2485.417246023256,1.8942625380351634,13,Tuesday,11
2013-11-19 14:00:00,2630.7599999999966,2607.735461661764,23.02453833823256,23.02453833823256,530.129365688741,0.875204820593007,14,Tuesday,11
2013-11-19 14:30:00,2650.165999999999,2611.0782975548545,39.08770244514426,39.08770244514426,1527.8484824401364,1.474915248521952,14,Tuesday,11
2013-11-19 15:00:00,2774.477999999986,2694.3575344047604,80.1204655952256,80.1204655952256,6419.289007195728,2.8877671978377912,15,Tuesday,11
2013-11-19 15:30:00,2942.090000000008,2920.300684281744,21.78931571826388,21.78931571826388,474.77427947018134,0.7406067019793352,15,Tuesday,11
2013-11-19 16:00:00,3103.5939999999987,3194.6868185674603,-91.09281856746156,91.09281856746156,8297.90159456447,2.935075224641548,16,Tuesday,11
2013-11-19 16:30:00,3440.391999999994,3390.37154573809,50.02045426190398,50.02045426190398,2502.045844567228,1.4539172937823384,16,Tuesday,11
2013-11-19 17:00:00,3726.537999999988,3940.863739583336,-214.32573958334797,214.32573958334797,45935.52264794909,5.751336483979196,17,Tuesday,11
2013-11-19 17:30:00,3993.38,4075.018533702378,-81.63853370237803,81.63853370237803,6664.850185074313,2.0443467364082064,17,Tuesday,11
2013-11-19 18:00:00,4235.975999999993,4339.609023395385,-103.63302339539132,103.63302339539132,10739.803538069724,2.446496944160956,18,Tuesday,11
2013-11-19 18:30:00,4319.290000000007,4508.35717506277,-189.06717506276254,189.06717506276254,35746.3966862133,4.377274391456981,18,Tuesday,11
2013-11-19 19:00:00,4470.735999999987,4449.400553662699,21.335446337287976,21.335446337287976,455.2012704112949,0.4772244734935822,19,Tuesday,11
2013-11-19 19:30:00,4575.953999999984,4532.248270952382,43.70572904760229,43.70572904760229,1910.1907515824266,0.9551173164678325,19,Tuesday,11
2013-11-19 20:00:00,4400.134000000003,4485.138233261906,-85.00423326190321,85.00423326190321,7225.719672444052,1.931855558533062,20,Tuesday,11
2013-11-19 20:30:00,4156.583999999995,4242.625070329724,-86.04107032972843,86.04107032972843,7403.065783485274,2.0699947439947928,20,Tuesday,11
2013-11-19 21:00:00,3893.862,3914.781151261908,-20.9191512619077,20.9191512619077,437.61088951857454,0.5372340175873644,21,Tuesday,11
2013-11-19 21:30:00,3504.483999999992,3629.220692789684,-124.73669278969192,124.73669278969192,15559.242528109979,3.5593454782413674,21,Tuesday,11
2013-11-19 22:00:00,3193.0800000000027,3145.587870369048,47.49212963095488,47.49212963095488,2255.502376883422,1.4873454354715459,22,Tuesday,11
2013-11-19 22:30:00,2856.9639999999977,2844.18598104365,12.77801895634775,12.77801895634775,163.27776844878247,0.4472586618644044,22,Tuesday,11
2013-11-19 23:00:00,2533.9359999999974,2591.6713610753977,-57.735361075400306,57.735361075400306,3333.371918506849,2.2784853711932884,23,Tuesday,11
2013-11-19 23:30:00,2291.8619999999974,2327.857886190475,-35.99588619047745,35.99588619047745,1295.7038226378052,1.5705957073539982,23,Tuesday,11
2013-11-20 00:00:00,2116.769999999998,2127.547859604978,-10.777859604979767,10.777859604979767,116.16225766465462,0.5091653606664766,0,Wednesday,11
2013-11-20 00:30:00,2004.0079999999991,1995.9480905000005,8.05990949999864,8.05990949999864,64.96214114816831,0.4021894872674482,0,Wednesday,11
2013-11-20 01:00:00,1904.995999999997,1906.9859379166664,-1.9899379166695326,1.9899379166695326,3.9598529121990795,0.1044589026260179,1,Wednesday,11
2013-11-20 01:30:00,1826.706000000003,1837.048002642856,-10.342002642853004,10.342002642853004,106.95701866477852,0.5661558369465577,1,Wednesday,11
2013-11-20 02:00:00,1773.968000000003,1772.1047473214276,1.8632526785754635,1.8632526785754635,3.4717105442186393,0.1050330489938635,2,Wednesday,11
2013-11-20 02:30:00,1736.9219999999953,1730.2355037539662,6.686496246029037,6.686496246029037,44.70923204816041,0.3849623786231653,2,Wednesday,11
2013-11-20 03:00:00,1701.0739999999962,1704.1096616865048,-3.035661686508547,3.035661686508547,9.215241874935916,0.17845559255555923,3,Wednesday,11
2013-11-20 03:30:00,1749.4760000000051,1695.3414170815286,54.13458291847655,54.13458291847655,2930.5530677574134,3.0943312693901714,3,Wednesday,11
2013-11-20 04:00:00,1806.098000000003,1744.756036841271,61.341963158731915,61.341963158731915,3762.8364441672234,3.396380659229555,4,Wednesday,11
2013-11-20 04:30:00,1894.2539999999967,1894.6103364880937,-0.3563364880969857,0.3563364880969857,0.12697569274929324,0.01881144176530636,4,Wednesday,11
2013-11-20 05:00:00,2099.847999999999,2069.6184680714277,30.229531928571305,30.229531928571305,913.824600620512,1.4396057204412567,5,Wednesday,11
2013-11-20 05:30:00,2318.464,2365.815262222223,-47.351262222222886,47.351262222222886,2242.142034037712,2.0423548617629126,5,Wednesday,11
2013-11-20 06:00:00,2652.017999999999,2622.923970638888,29.094029361111097,29.094029361111097,846.4625444651946,1.0970524846027103,6,Wednesday,11
2013-11-20 06:30:00,3006.2600000000048,3013.6156438214293,-7.3556438214245645,7.3556438214245645,54.105496027661374,0.2446775668579748,6,Wednesday,11
2013-11-20 07:00:00,3138.728000000005,3267.935444146824,-129.20744414681894,129.20744414681894,16694.563622953337,4.116554354082887,7,Wednesday,11
2013-11-20 07:30:00,3110.204000000002,3218.02971598016,-107.82571598015784,107.82571598015784,11626.385026633665,3.4668374158144535,7,Wednesday,11
2013-11-20 08:00:00,2854.6919999999946,2950.921443559523,-96.22944355952859,96.22944355952859,9260.1058077765,3.3709221015622273,8,Wednesday,11
2013-11-20 08:30:00,2703.034000000001,2712.3301854166643,-9.29618541666332,9.29618541666332,86.4190633009838,0.3439167031070759,8,Wednesday,11
2013-11-20 09:00:00,2680.8340000000026,2662.4257857121224,18.408214287880128,18.408214287880128,338.8623532685141,0.6866599829709751,9,Wednesday,11
2013-11-20 09:30:00,2627.038000000002,2661.489374172618,-34.4513741726164,34.4513741726164,1186.89718238162,1.311415144075433,9,Wednesday,11
2013-11-20 10:00:00,2606.773999999995,2606.954324514041,-0.1803245140463332,0.1803245140463332,0.03251693036604622,0.006917535392263908,10,Wednesday,11
2013-11-20 10:30:00,2572.298000000002,2608.0579673333345,-35.7599673333325,35.7599673333325,1278.7752636810073,1.3901953557998517,10,Wednesday,11
2013-11-20 11:00:00,2579.362000000008,2588.9180606746027,-9.556060674594846,9.556060674594846,91.31829561653811,0.37048156383612757,11,Wednesday,11
2013-11-20 11:30:00,2617.846000000004,2598.2903552355706,19.55564476443351,19.55564476443351,382.4232421527157,0.7470128022975179,11,Wednesday,11
2013-11-20 12:00:00,2621.220000000012,2616.5842631718974,4.635736828114659,4.635736828114659,21.49005593953856,0.17685416821612218,12,Wednesday,11
2013-11-20 12:30:00,2609.8380000000056,2607.4744232195167,2.363576780488984,2.363576780488984,5.58649519726667,0.09056411855789435,12,Wednesday,11
2013-11-20 13:00:00,2609.815999999999,2593.398164945706,16.417835054292937,16.417835054292937,269.54530786997,0.6290801747821664,13,Wednesday,11
2013-11-20 13:30:00,2612.4719999999934,2593.749601814754,18.7223981852394,18.7223981852394,350.52819380665557,0.716654501377984,13,Wednesday,11
2013-11-20 14:00:00,2644.1479999999965,2618.604311212302,25.543688787694464,25.543688787694464,652.4800368825879,0.9660461058796443,14,Wednesday,11
2013-11-20 14:30:00,2718.16,2677.55365240873,40.606347591269696,40.606347591269696,1648.8754647030141,1.493890999472794,14,Wednesday,11
2013-11-20 15:00:00,2905.902000000006,2837.3368319285714,68.56516807143453,68.56516807143453,4701.182272664065,2.359514122342542,15,Wednesday,11
2013-11-20 15:30:00,3096.399999999983,3088.2763143095235,8.123685690459297,8.123685690459297,65.99426919737314,0.26235905213988314,15,Wednesday,11
2013-11-20 16:00:00,3310.500000000007,3239.1062323690444,71.39376763096243,71.39376763096243,5097.070056543858,2.156585640566751,16,Wednesday,11
2013-11-20 16:30:00,3630.805999999985,3588.511325702383,42.29467429760189,42.29467429760189,1788.8394739402256,1.1648838934826609,16,Wednesday,11
2013-11-20 17:00:00,4004.756000000005,4000.2273076547626,4.528692345242234,4.528692345242234,20.509054357855607,0.11308285311869759,17,Wednesday,11
2013-11-20 17:30:00,4197.979999999999,4300.7188417056295,-102.73884170563088,102.73884170563088,10555.269595014679,2.447339951729901,17,Wednesday,11
2013-11-20 18:00:00,4320.061999999993,4382.102787757936,-62.04078775794369,62.04078775794369,3849.0593456262154,1.436108735428885,18,Wednesday,11
2013-11-20 18:30:00,4333.543999999999,4354.955070416663,-21.411070416664188,21.411070416664188,458.4339363873524,0.49407760522713495,18,Wednesday,11
2013-11-20 19:00:00,4410.938000000014,4360.373618801585,50.564381198429146,50.564381198429146,2556.756645980055,1.1463407828092118,19,Wednesday,11
2013-11-20 19:30:00,4540.612000000021,4413.654477896821,126.95752210320006,126.95752210320006,16118.212418584533,2.796044280004534,19,Wednesday,11
2013-11-20 20:00:00,4363.644000000011,4472.495639785715,-108.85163978570381,108.85163978570381,11848.679484036616,2.4945123796923747,20,Wednesday,11
2013-11-20 20:30:00,4153.675999999998,4180.0140248590105,-26.338024859012876,26.338024859012876,693.6915534739802,0.634089535606843,20,Wednesday,11
2013-11-20 21:00:00,3839.200000000003,3912.679002761909,-73.47900276190603,73.47900276190603,5399.163846884194,1.9139144290973635,21,Wednesday,11
2013-11-20 21:30:00,3542.616000000004,3518.732094876982,23.883905123022032,23.883905123022032,570.4409239255181,0.6741883716163989,21,Wednesday,11
2013-11-20 22:00:00,3213.326000000004,3215.1023037460336,-1.7763037460294981,1.7763037460294981,3.1552549981584277,0.05527928837688725,22,Wednesday,11
2013-11-20 22:30:00,2848.0899999999883,2837.481867242062,10.608132757926342,10.608132757926342,112.53248060978993,0.37246480125018466,22,Wednesday,11
2013-11-20 23:00:00,2513.9700000000025,2585.409404920636,-71.43940492063348,71.43940492063348,5103.588575414231,2.8416967951341268,23,Wednesday,11
2013-11-20 23:30:00,2312.7960000000026,2279.9518305515867,32.84416944841587,32.84416944841587,1078.7394667562544,1.4201066349308729,23,Wednesday,11
2013-11-21 00:00:00,2159.6420000000003,2141.8214298571424,17.820570142857832,17.820570142857832,317.572720216516,0.8251631586558249,0,Thursday,11
2013-11-21 00:30:00,2031.9239999999943,2011.5303748452357,20.393625154758638,20.393625154758638,415.89994695280427,1.003660823670506,0,Thursday,11
2013-11-21 01:00:00,1956.556000000007,1931.5392413373,25.01675866270716,25.01675866270716,625.8382139881338,1.2786119417336927,1,Thursday,11
2013-11-21 01:30:00,1873.808000000003,1872.7715094722205,1.0364905277824619,1.0364905277824619,1.0743126141827664,0.0553146601883683,1,Thursday,11
2013-11-21 02:00:00,1828.6979999999985,1812.5781954047611,16.119804595237383,16.119804595237383,259.84810018863624,0.8814907981108634,2,Thursday,11
2013-11-21 02:30:00,1782.522000000002,1781.7120167261903,0.8099832738116675,0.8099832738116675,0.6560729038546667,0.045440296041881476,2,Thursday,11
2013-11-21 03:00:00,1769.6780000000006,1740.4353377023797,29.242662297620882,29.242662297620882,855.1332982526978,1.6524284246976495,3,Thursday,11
2013-11-21 03:30:00,1796.6880000000035,1776.2717062738095,20.416293726194,20.416293726194,416.82504951422845,1.1363293864151125,3,Thursday,11
2013-11-21 04:00:00,1816.1300000000003,1821.464013357143,-5.334013357142567,5.334013357142567,28.451698494175314,0.2937021775502065,4,Thursday,11
2013-11-21 04:30:00,1910.119999999999,1920.3075788730143,-10.187578873015354,10.187578873015354,103.7867632939088,0.5333475840792914,4,Thursday,11
2013-11-21 05:00:00,2073.450000000002,2070.774340964286,2.6756590357163077,2.6756590357163077,7.159151275410322,0.1290438175850059,5,Thursday,11
2013-11-21 05:30:00,2280.368000000003,2333.247171369048,-52.8791713690448,52.8791713690448,2796.206764676807,2.3188876255518727,5,Thursday,11
2013-11-21 06:00:00,2598.030000000002,2566.6836969166648,31.34630308333726,31.34630308333726,982.5907169924391,1.2065412286746973,6,Thursday,11
2013-11-21 06:30:00,2949.480000000002,2921.884309119049,27.595690880953043,27.595690880953043,761.5221551971149,0.9356120699565016,6,Thursday,11
2013-11-21 07:00:00,3138.7919999999776,3133.937834150792,4.854165849185847,4.854165849185847,23.562926091402154,0.15465076530034108,7,Thursday,11
2013-11-21 07:30:00,3032.988,3125.9785879999977,-92.99058799999784,92.99058799999784,8647.249456585343,3.0659728294341373,7,Thursday,11
2013-11-21 08:00:00,2827.7120000000064,2834.1018744523817,-6.389874452375352,6.389874452375352,40.8304955171192,0.22597331172252824,8,Thursday,11
2013-11-21 08:30:00,2722.6719999999987,2707.871755607141,14.800244392857621,14.800244392857621,219.04723408831344,0.5435926322692425,8,Thursday,11
2013-11-21 09:00:00,2658.61199999999,2662.774419164504,-4.162419164513722,4.162419164513722,17.325733301111107,0.1565636190806984,9,Thursday,11
2013-11-21 09:30:00,2652.505999999996,2657.430622393049,-4.924622393052687,4.924622393052687,24.25190571415597,0.18565923670116838,9,Thursday,11
2013-11-21 10:00:00,2681.018000000008,2647.112780071232,33.905219928776205,33.905219928776205,1149.5639384186832,1.2646397722348788,10,Thursday,11
2013-11-21 10:30:00,2726.5379999999955,2701.490111468237,25.047888531758417,25.047888531758417,627.3967198993948,0.9186700692144565,10,Thursday,11
2013-11-21 11:00:00,2724.750000000005,2744.342097600122,-19.592097600117086,19.592097600117086,383.85028837251366,0.7190420258782292,11,Thursday,11
2013-11-21 11:30:00,2805.924000000004,2746.046532181624,59.877467818379955,59.877467818379955,3585.311152341127,2.1339661308852222,11,Thursday,11
2013-11-21 12:00:00,2813.8560000000066,2849.3800319938664,-35.52403199385981,35.52403199385981,1261.9568491007751,1.262468015202616,12,Thursday,11
2013-11-21 12:30:00,2794.540000000004,2823.9478591963416,-29.40785919633754,29.40785919633754,864.8221825116144,1.0523327344155926,12,Thursday,11
2013-11-21 13:00:00,2833.192000000008,2777.595684291666,55.59631570834199,55.59631570834199,3090.9503203416343,1.962320792531598,13,Thursday,11
2013-11-21 13:30:00,2837.918000000001,2842.73767995599,-4.819679955989159,4.819679955989159,23.22931487816366,0.16983154396952826,13,Thursday,11
2013-11-21 14:00:00,2863.452000000007,2871.989508674604,-8.53750867459712,8.53750867459712,72.88905436882108,0.29815441902281226,14,Thursday,11
2013-11-21 14:30:00,2929.7639999999947,2897.1378254126994,32.62617458729528,32.62617458729528,1064.4672682006724,1.1136110139688842,14,Thursday,11
2013-11-21 15:00:00,3168.8180000000043,3048.6718684523817,120.14613154762264,120.14613154762264,14435.092925858646,3.791512530780325,15,Thursday,11
2013-11-21 15:30:00,3321.60800000001,3309.812793916668,11.795206083342237,11.795206083342237,139.1268865485137,0.35510530090673553,15,Thursday,11
2013-11-21 16:00:00,3480.6700000000023,3495.507772611112,-14.837772611109813,14.837772611109813,220.1594960590005,0.4262907029712613,16,Thursday,11
2013-11-21 16:30:00,3689.379999999994,3738.5593003968247,-49.17930039683051,49.17930039683051,2418.603587521694,1.3329963407626915,16,Thursday,11
2013-11-21 17:00:00,3977.477999999999,3970.8529757261895,6.625024273809686,6.625024273809686,43.890946628567555,0.1665634423071526,17,Thursday,11
2013-11-21 17:30:00,4241.919999999989,4244.168400221501,-2.2484002215114742,2.2484002215114742,5.055303556092847,0.05300430516161266,17,Thursday,11
2013-11-21 18:00:00,4300.927999999984,4415.557093980157,-114.62909398017291,114.62909398017291,13139.829186715313,2.665217692092807,18,Thursday,11
2013-11-21 18:30:00,4420.586000000008,4304.691202293647,115.89479770636171,115.89479770636171,13431.604135398504,2.6217066630162043,18,Thursday,11
2013-11-21 19:00:00,4553.092000000001,4401.953197698773,151.13880230122777,151.13880230122777,22842.937561049614,3.3194761340475387,19,Thursday,11
2013-11-21 19:30:00,4507.597999999998,4520.127978027776,-12.52997802777827,12.52997802777827,157.00034937660624,0.2779746114843931,19,Thursday,11
2013-11-21 20:00:00,4386.835999999999,4329.264158892388,57.57184110761136,57.57184110761136,3314.5168885200496,1.3123773286170572,20,Thursday,11
2013-11-21 20:30:00,4196.229999999995,4198.820719032105,-2.590719032110428,2.590719032110428,6.711825103339193,0.06173920476500171,20,Thursday,11
2013-11-21 21:00:00,3966.954000000017,3948.911020650796,18.042979349220786,18.042979349220786,325.54910379640773,0.4548320789507695,21,Thursday,11
2013-11-21 21:30:00,3647.6359999999936,3693.111323376984,-45.47532337699022,45.47532337699022,2068.005036241833,1.246706726685182,21,Thursday,11
2013-11-21 22:00:00,3300.372000000001,3313.899190059524,-13.527190059522582,13.527190059522582,182.98487090644653,0.40986864691381997,22,Thursday,11
2013-11-21 22:30:00,2977.387999999996,2969.2566201428563,8.131379857139564,8.131379857139564,66.11933838109503,0.2731044746986142,22,Thursday,11
2013-11-21 23:00:00,2687.0859999999925,2673.5597308708475,13.526269129145021,13.526269129145021,182.9599565540616,0.5033805813861209,23,Thursday,11
2013-11-21 23:30:00,2414.913999999997,2431.983540912698,-17.069540912701086,17.069540912701086,291.36922697037625,0.7068384593696134,23,Thursday,11
2013-11-22 00:00:00,2210.6720000000028,2212.388877142856,-1.7168771428532636,1.7168771428532636,2.947667123651986,0.07766313333019378,0,Friday,11
2013-11-22 00:30:00,2093.4239999999986,2065.383126650793,28.040873349205413,28.040873349205413,786.2905781861783,1.339474150922385,0,Friday,11
2013-11-22 01:00:00,1981.4080000000008,1968.6112748293644,12.796725170636364,12.796725170636364,163.7561750927983,0.6458399870514482,1,Friday,11
2013-11-22 01:30:00,1915.664000000001,1893.5402184880936,22.123781511907282,22.123781511907282,489.46170838661044,1.154888410071248,1,Friday,11
2013-11-22 02:00:00,1866.5800000000013,1850.4020269246028,16.17797307539854,16.17797307539854,261.72681282832013,0.8667173694885045,2,Friday,11
2013-11-22 02:30:00,1828.3139999999976,1829.6400634206343,-1.3260634206367286,1.3260634206367286,1.7584441955507812,0.0725293040821615,2,Friday,11
2013-11-22 03:00:00,1783.9499999999994,1786.4201771031742,-2.4701771031748194,2.4701771031748194,6.1017749210491425,0.13846672290001516,3,Friday,11
2013-11-22 03:30:00,1854.0520000000004,1795.6995618928556,58.352438107144735,58.352438107144735,3405.007033048157,3.1472924226043677,3,Friday,11
2013-11-22 04:00:00,1866.9240000000004,1877.981446845237,-11.057446845236655,11.057446845236655,122.26713073523405,0.5922815736064592,4,Friday,11
2013-11-22 04:30:00,1950.899999999998,1973.545356880952,-22.64535688095407,22.64535688095407,512.8121882657738,1.1607646153546616,4,Friday,11
2013-11-22 05:00:00,2098.253999999992,2096.561025059525,1.6929749404671384,1.6929749404671384,2.8661641490497107,0.08068493807075525,5,Friday,11
2013-11-22 05:30:00,2361.6419999999966,2346.799253531746,14.842746468250425,14.842746468250425,220.30712272076047,0.6284926533424815,5,Friday,11
2013-11-22 06:00:00,2703.1320000000046,2674.217415634921,28.914584365083556,28.914584365083556,836.0531890055345,1.0696697151705319,6,Friday,11
2013-11-22 06:30:00,3070.4479999999985,3024.509008607145,45.938991392853495,45.938991392853495,2110.3909301926674,1.4961657514751436,6,Friday,11
2013-11-22 07:00:00,3275.276000000003,3186.92406902381,88.35193097619322,88.35193097619322,7806.063707222011,2.6975415499699302,7,Friday,11
2013-11-22 07:30:00,3224.7900000000072,3198.812405224027,25.97759477598038,25.97759477598038,674.835430345043,0.805559269781298,7,Friday,11
2013-11-22 08:00:00,3031.51,3044.599980067457,-13.089980067456963,13.089980067456963,171.34757816642062,0.4317973573386518,8,Friday,11
2013-11-22 08:30:00,2972.046000000002,2873.242163956348,98.80383604365397,98.80383604365397,9762.198016941256,3.324438317699454,8,Friday,11
2013-11-22 09:00:00,2926.803999999998,2905.082404506489,21.72159549350863,21.72159549350863,471.8277107836144,0.7421609200174882,9,Friday,11
2013-11-22 09:30:00,2898.2319999999986,2858.103544666665,40.12845533333348,40.12845533333348,1610.29292743934,1.3845839578520112,9,Friday,11
2013-11-22 10:00:00,2815.616000000004,2857.0459307153656,-41.42993071536148,41.42993071536148,1716.4391590796524,1.4714339851514346,10,Friday,11
2013-11-22 10:30:00,2789.8299999999945,2783.848692928664,5.9813070713303205,5.9813070713303205,35.776034281546096,0.21439682960360784,10,Friday,11
2013-11-22 11:00:00,2826.4060000000004,2786.8245466829785,39.5814533170219,39.5814533170219,1566.6914466875837,1.4004164057471533,11,Friday,11
2013-11-22 11:30:00,2834.9500000000003,2811.4993459801603,23.45065401983993,23.45065401983993,549.9331739582346,0.8271981523427195,11,Friday,11
2013-11-22 12:00:00,2834.558000000001,2851.375866833332,-16.81786683333121,16.81786683333121,282.84064482366193,0.5933153187668484,12,Friday,11
2013-11-22 12:30:00,2780.4660000000017,2843.4590409935063,-62.993040993504565,62.993040993504565,3968.1232136093467,2.2655569603622028,12,Friday,11
2013-11-22 13:00:00,2717.206000000004,2753.2738690958595,-36.06786909585526,36.06786909585526,1300.8911811157507,1.327388099976785,13,Friday,11
2013-11-22 13:30:00,2743.2719999999986,2703.5724355594675,39.69956444053105,39.69956444053105,1576.0554167678772,1.4471610704491231,13,Friday,11
2013-11-22 14:00:00,2810.1120000000024,2713.8462741519847,96.26572584801761,96.26572584801761,9267.089973045686,3.4256900026766735,14,Friday,11
2013-11-22 14:30:00,2844.145999999997,2803.368126716452,40.77787328354498,40.77787328354498,1662.8349495288512,1.4337475391047092,14,Friday,11
2013-11-22 15:00:00,3043.2440000000047,2990.394908761905,52.849091238099845,52.849091238099845,2793.026444693002,1.7366038095565048,15,Friday,11
2013-11-22 15:30:00,3189.492000000001,3222.5157968452377,-33.023796845236575,33.023796845236575,1090.571158075457,1.0353936252304934,15,Friday,11
2013-11-22 16:00:00,3389.4339999999984,3413.627588384921,-24.193588384922805,24.193588384922805,585.3297189390717,0.7137943498803286,16,Friday,11
2013-11-22 16:30:00,3836.955999999996,3657.799339333335,179.15666066666108,179.15666066666108,32097.109061229145,4.669239383163666,16,Friday,11
2013-11-22 17:00:00,4164.568000000004,4176.46486126984,-11.896861269836336,11.896861269836336,141.53530807373184,0.2856685560143651,17,Friday,11
2013-11-22 17:30:00,4382.976000000003,4482.213940480158,-99.23794048015498,99.23794048015498,9848.168830742781,2.2641680100496764,17,Friday,11
2013-11-22 18:00:00,4371.959999999996,4423.945811488094,-51.98581148809717,51.98581148809717,2702.5245960759758,1.1890733558426247,18,Friday,11
2013-11-22 18:30:00,4308.781999999996,4340.992009170632,-32.21000917063611,32.21000917063611,1037.4846907724625,0.7475432540016215,18,Friday,11
2013-11-22 19:00:00,4265.881999999994,4281.707145212182,-15.825145212187635,15.825145212187635,250.43522098682524,0.3709700646240955,19,Friday,11
2013-11-22 19:30:00,4177.314000000006,4183.47958467647,-6.165584676464277,6.165584676464277,38.01443440265111,0.14759686909971978,19,Friday,11
2013-11-22 20:00:00,4036.54,4045.353768127816,-8.81376812781582,8.81376812781582,77.68250861090198,0.21834957978406805,20,Friday,11
2013-11-22 20:30:00,3858.5140000000097,3871.042638428572,-12.528638428562317,12.528638428562317,156.96678087364845,0.32470112661408734,20,Friday,11
2013-11-22 21:00:00,3689.718000000005,3668.3239869047625,21.39401309524237,21.39401309524237,457.7037963194021,0.5798278647647962,21,Friday,11
2013-11-22 21:30:00,3371.6360000000022,3505.705938666664,-134.06993866666198,134.06993866666198,17974.748454082506,3.976406073095135,21,Friday,11
2013-11-22 22:00:00,3118.800000000002,3092.693252706349,26.106747293652916,26.106747293652916,681.5622542546538,0.8370766735171509,22,Friday,11
2013-11-22 22:30:00,2883.5219999999995,2849.558667623016,33.963332376983544,33.963332376983544,1153.5079461494586,1.1778419716230204,22,Friday,11
2013-11-22 23:00:00,2688.073999999996,2614.771285158732,73.30271484126388,73.30271484126388,5373.2880030996475,2.7269604497965454,23,Friday,11
2013-11-22 23:30:00,2443.312000000001,2431.9078066944444,11.404193305556419,11.404193305556419,130.05562495049784,0.466751413882321,23,Friday,11
2013-11-23 00:00:00,2258.231999999996,2239.2878547420605,18.94414525793536,18.94414525793536,358.8806395537548,0.8388927824039069,0,Saturday,11
2013-11-23 00:30:00,2143.1319999999987,2126.194808988093,16.937191011905725,16.937191011905725,286.86843937378006,0.7903008779629875,0,Saturday,11
2013-11-23 01:00:00,2029.5100000000016,2037.1620054404748,-7.652005440473204,7.652005440473204,58.55318726103151,0.37703708976418926,1,Saturday,11
2013-11-23 01:30:00,1957.8400000000067,1933.831352416665,24.008647583341826,24.008647583341826,576.4151587811053,1.2262824124209202,1,Saturday,11
2013-11-23 02:00:00,1894.8120000000065,1890.917374150792,3.894625849214435,3.894625849214435,15.168110505369262,0.205541544449498,2,Saturday,11
2013-11-23 02:30:00,1810.7280000000003,1833.650991246032,-22.922991246031643,22.922991246031643,525.4635276656434,1.265954425293674,2,Saturday,11
2013-11-23 03:00:00,1782.277999999994,1770.9059458066383,11.37205419335578,11.37205419335578,129.32361657662076,0.6380628719737222,3,Saturday,11
2013-11-23 03:30:00,1794.8440000000048,1773.5735021111095,21.270497888895306,21.270497888895306,452.4340804414997,1.1850889486158824,3,Saturday,11
2013-11-23 04:00:00,1779.9080000000038,1790.3992158257563,-10.491215825752533,10.491215825752533,110.06560950252042,0.5894246121570615,4,Saturday,11
2013-11-23 04:30:00,1816.1680000000013,1841.602260753968,-25.434260753966782,25.434260753966782,646.901620100775,1.4004354637878635,4,Saturday,11
2013-11-23 05:00:00,1895.421999999996,1911.2243764682528,-15.802376468256853,15.802376468256853,249.71510204451792,0.8337128337782767,5,Saturday,11
2013-11-23 05:30:00,2023.0219999999952,2032.56573881746,-9.543738817464828,9.543738817464828,91.08295061598494,0.4717565512122384,5,Saturday,11
2013-11-23 06:00:00,2190.726000000001,2213.985697666668,-23.259697666666852,23.259697666666852,541.0135355447475,1.0617346791276885,6,Saturday,11
2013-11-23 06:30:00,2486.217999999988,2471.952157920634,14.265842079354115,14.265842079354115,203.51425023307056,0.573796910783937,6,Saturday,11
2013-11-23 07:00:00,2818.471999999995,2816.5985570158746,1.8734429841206293,1.8734429841206293,3.5097886147508084,0.06647016483117918,7,Saturday,11
2013-11-23 07:30:00,3215.716000000004,3029.450496718252,186.265503281752,186.265503281752,34694.83771280436,5.792349302045074,7,Saturday,11
2013-11-23 08:00:00,3434.241999999987,3347.197884789681,87.04411521030579,87.04411521030579,7576.677992744988,2.534594685240764,8,Saturday,11
2013-11-23 08:30:00,3499.8040000000087,3463.477752738096,36.32624726191261,36.32624726191261,1319.5962401336135,1.0379509041624193,8,Saturday,11
2013-11-23 09:00:00,3546.2960000000026,3526.019105392856,20.27689460714646,20.27689460714646,411.1524549093252,0.5717767103238547,9,Saturday,11
2013-11-23 09:30:00,3464.3700000000017,3618.79635674136,-154.42635674135818,154.42635674135818,23847.49965640922,4.457559577682468,9,Saturday,11
2013-11-23 10:00:00,3457.1519999999973,3470.084087245028,-12.932087245030743,12.932087245030743,167.23888051308685,0.3740676500492531,10,Saturday,11
2013-11-23 10:30:00,3441.021999999998,3464.287108394074,-23.265108394075924,23.265108394075924,541.265268588102,0.6761104228358882,10,Saturday,11
2013-11-23 11:00:00,3484.2540000000063,3444.812368900596,39.44163109941019,39.44163109941019,1555.642263781961,1.1319964359489898,11,Saturday,11
2013-11-23 11:30:00,3707.7379999999816,3492.2288433583626,215.50915664161903,215.50915664161903,46444.19659638189,5.812415997074769,11,Saturday,11
2013-11-23 12:00:00,3713.52,3769.823817857861,-56.30381785786085,56.30381785786085,3170.1199053711703,1.5161845865340928,12,Saturday,11
2013-11-23 12:30:00,3592.1059999999925,3711.4925449372295,-119.38654493723698,119.38654493723698,14253.147112050903,3.323580789020068,12,Saturday,11
2013-11-23 13:00:00,3548.7480000000023,3555.8269534920646,-7.078953492062283,7.078953492062283,50.11158254278079,0.199477491556523,13,Saturday,11
2013-11-23 13:30:00,3518.5800000000063,3535.724290050143,-17.144290050136533,17.144290050136533,293.9266813232105,0.48725025578888365,13,Saturday,11
2013-11-23 14:00:00,3469.500000000002,3521.562016822957,-52.06201682295523,52.06201682295523,2710.453595673673,1.5005625255211184,14,Saturday,11
2013-11-23 14:30:00,3528.7579999999875,3468.0261057881567,60.73189421183088,60.73189421183088,3688.362974557017,1.7210557995711548,14,Saturday,11
2013-11-23 15:00:00,3452.213999999995,3612.877968670634,-160.66396867063895,160.66396867063895,25812.910829000055,4.653940012717612,15,Saturday,11
2013-11-23 15:30:00,3567.5280000000143,3511.194900452379,56.333099547635356,56.333099547635356,3173.418104643795,1.5790513640715682,15,Saturday,11
2013-11-23 16:00:00,3597.152,3819.516486873013,-222.364486873013,222.364486873013,49445.96502229837,6.181681699105654,16,Saturday,11
2013-11-23 16:30:00,3682.146,3823.922056349205,-141.77605634920474,141.77605634920474,20100.450153932878,3.8503648782314643,16,Saturday,11
2013-11-23 17:00:00,3858.882000000004,3946.951476884921,-88.06947688491664,88.06947688491664,7756.232758782866,2.282253691222394,17,Saturday,11
2013-11-23 17:30:00,4018.1259999999984,4135.288561158729,-117.16256115873057,117.16256115873057,13727.06573727328,2.9158508508376944,17,Saturday,11
2013-11-23 18:00:00,4106.390000000015,4251.940355214287,-145.5503552142718,145.5503552142718,21184.905903000697,3.5444844550632375,18,Saturday,11
2013-11-23 18:30:00,3985.773999999997,4283.902255273812,-298.1282552738153,298.1282552738153,88880.45659260917,7.479808320135952,18,Saturday,11
2013-11-23 19:00:00,3986.2619999999774,4000.799579428571,-14.537579428593745,14.537579428593745,211.341215642672,0.3646920204591125,19,Saturday,11
2013-11-23 19:30:00,4000.575999999996,3944.58839345238,55.987606547616,55.987606547616,3134.6120869306537,1.3994886373266264,19,Saturday,11
2013-11-23 20:00:00,3945.611999999991,3903.084839880953,42.527160119037944,42.527160119037944,1808.5593477902914,1.0778343161729547,20,Saturday,11
2013-11-23 20:30:00,3787.1220000000017,3898.5814447023818,-111.4594447023801,111.4594447023801,12423.207813362927,2.9431173514447133,20,Saturday,11
2013-11-23 21:00:00,3628.975999999995,3636.99029615079,-8.014296150794962,8.014296150794962,64.22894279264695,0.22084180636066408,21,Saturday,11
2013-11-23 21:30:00,3485.0119999999947,3500.03706686111,-15.025066861115192,15.025066861115192,225.75263418098194,0.4311338629857003,21,Saturday,11
2013-11-23 22:00:00,3234.6279999999983,3233.9801376349187,0.647862365079618,0.647862365079618,0.41972564408655627,0.020028960519714117,22,Saturday,11
2013-11-23 22:30:00,2980.201999999999,3044.2501280595216,-64.0481280595227,64.0481280595227,4102.162707929018,2.149120363637187,22,Saturday,11
2013-11-23 23:00:00,2682.4740000000047,2710.581135810605,-28.107135810600084,28.107135810600084,790.0110834755177,1.047806458165113,23,Saturday,11
2013-11-23 23:30:00,2500.429999999993,2432.3994959841266,68.03050401586643,68.03050401586643,4628.149476652818,2.7207521912577683,23,Saturday,11
2013-11-24 00:00:00,2286.618000000004,2311.6067371507925,-24.988737150788438,24.988737150788438,624.4369843911943,1.0928251745935873,0,Sunday,11
2013-11-24 00:30:00,2155.052000000001,2132.096870214284,22.955129785716963,22.955129785716963,526.9379834791101,1.0651775356565387,0,Sunday,11
2013-11-24 01:00:00,2060.144,2045.4124721388885,14.731527861111317,14.731527861111317,217.01791312269899,0.7150727260381468,1,Sunday,11
2013-11-24 01:30:00,1937.538000000007,1989.159041119047,-51.62104111904,51.62104111904,2664.7318862136185,2.6642595458277367,1,Sunday,11
2013-11-24 02:00:00,1908.7019999999984,1882.2476617658729,26.454338234125544,26.454338234125544,699.8320114055166,1.3859857764137915,2,Sunday,11
2013-11-24 02:30:00,1835.2979999999968,1863.2939415476176,-27.99594154762076,27.99594154762076,783.7727431377982,1.5254166651748549,2,Sunday,11
2013-11-24 03:00:00,1805.4939999999967,1791.1804068582233,14.313593141773481,14.313593141773481,204.87894862822483,0.7927798786245486,3,Sunday,11
2013-11-24 03:30:00,1743.7919999999988,1819.0428338928564,-75.2508338928576,75.2508338928576,5662.688001570446,4.315356068433486,3,Sunday,11
2013-11-24 04:00:00,1743.764000000001,1732.2776611071424,11.486338892858612,11.486338892858612,131.9359811615964,0.6587094866540774,4,Sunday,11
2013-11-24 04:30:00,1754.2899999999947,1753.145148519841,1.1448514801536476,1.1448514801536476,1.3106849116099977,0.06526010409645219,4,Sunday,11
2013-11-24 05:00:00,1809.631999999997,1817.5258564880955,-7.893856488098436,7.893856488098436,62.312970254693774,0.4362133565331763,5,Sunday,11
2013-11-24 05:30:00,1952.1079999999952,1917.3884217619045,34.71957823809066,34.71957823809066,1205.4491130308986,1.7785685135295153,5,Sunday,11
2013-11-24 06:00:00,2083.353999999996,2102.1579837936515,-18.803983793655334,18.803983793655334,353.58980651205246,0.9025822684793544,6,Sunday,11
2013-11-24 06:30:00,2329.075999999992,2339.63738841847,-10.561388418478145,10.561388418478145,111.5429253259643,0.4534582992774037,6,Sunday,11
2013-11-24 07:00:00,2619.196000000006,2607.2013625595214,11.99463744048444,11.99463744048444,143.8713273286711,0.45795112089681,7,Sunday,11
2013-11-24 07:30:00,2919.1500000000124,2916.3801777748927,2.7698222251196967,2.7698222251196967,7.671915158767027,0.09488454601920714,7,Sunday,11
2013-11-24 08:00:00,3182.545999999997,3173.987367496032,8.558632503964873,8.558632503964873,73.25019033792402,0.2689240785196783,8,Sunday,11
2013-11-24 08:30:00,3291.024000000002,3330.9944525873,-39.97045258729804,39.97045258729804,1597.6370800334407,1.214529355826576,8,Sunday,11
2013-11-24 09:00:00,3335.777999999997,3376.2000547857133,-40.42205478571623,40.42205478571623,1633.942513099444,1.2117729293051354,9,Sunday,11
2013-11-24 09:30:00,3348.2860000000114,3366.3606210039698,-18.074621003958327,18.074621003958327,326.69192443673154,0.5398171184886317,9,Sunday,11
2013-11-24 10:00:00,3348.6360000000004,3341.4582673697714,7.177732630229002,7.177732630229002,51.519845711054145,0.2143479503364654,10,Sunday,11
2013-11-24 10:30:00,3352.895999999995,3332.826953417391,20.069046582604187,20.069046582604187,402.7666307347368,0.598558576902004,10,Sunday,11
2013-11-24 11:00:00,3371.315999999993,3341.4575447420666,29.85845525792638,29.85845525792638,891.5273503895914,0.8856617195755735,11,Sunday,11
2013-11-24 11:30:00,3372.5140000000065,3363.4921517253006,9.021848274705917,9.021848274705917,81.39374629181413,0.26751106962657234,11,Sunday,11
2013-11-24 12:00:00,3308.356000000004,3363.0892376984125,-54.73323769840863,54.73323769840863,2995.7273089504997,1.654393834835446,12,Sunday,11
2013-11-24 12:30:00,3289.4159999999943,3272.1937214047634,17.22227859523082,17.22227859523082,296.6068800117456,0.5235664505562948,12,Sunday,11
2013-11-24 13:00:00,3200.1059999999943,3268.578248666668,-68.47224866667375,68.47224866667375,4688.448837470805,2.1396868937052047,13,Sunday,11
2013-11-24 13:30:00,3191.7279999999905,3173.4267924945034,18.301207505487127,18.301207505487127,334.9341961588984,0.5733949605194171,13,Sunday,11
2013-11-24 14:00:00,3202.606,3202.145327950853,0.4606720491474334,0.4606720491474334,0.2122187368656953,0.014384287331861407,14,Sunday,11
2013-11-24 14:30:00,3183.799999999992,3230.228841690685,-46.428841690692934,46.428841690692934,2155.6373407394262,1.4582838649002152,14,Sunday,11
2013-11-24 15:00:00,3240.4739999999906,3270.708219317669,-30.234219317678253,30.234219317678253,914.1080177494689,0.9330184200730616,15,Sunday,11
2013-11-24 15:30:00,3290.822,3328.2545016428544,-37.43250164285428,37.43250164285428,1401.1921792422881,1.1374818097987152,15,Sunday,11
2013-11-24 16:00:00,3469.973999999997,3463.626185547621,6.347814452376042,6.347814452376042,40.29474832179415,0.18293550477254433,16,Sunday,11
2013-11-24 16:30:00,3659.7620000000015,3733.595967170636,-73.83396717063442,73.83396717063442,5451.454708154321,2.017452696941342,16,Sunday,11
2013-11-24 17:00:00,3841.567999999991,3955.580699972224,-114.0126999722329,114.0126999722329,12998.895754958394,2.967868848663701,17,Sunday,11
2013-11-24 17:30:00,3994.79,4093.785874690478,-98.9958746904781,98.9958746904781,9800.183205732843,2.478124624585475,17,Sunday,11
2013-11-24 18:00:00,4160.571999999989,4196.566588214288,-35.994588214298346,35.994588214298346,1295.6103807169054,0.8651355682415408,18,Sunday,11
2013-11-24 18:30:00,4215.710000000009,4299.271075464287,-83.56107546427756,83.56107546427756,6982.45333274669,1.9821352859726447,18,Sunday,11
2013-11-24 19:00:00,4328.84599999999,4198.227819016595,130.61818098339518,130.61818098339518,17061.10920341098,3.0173903387506846,19,Sunday,11
2013-11-24 19:30:00,4439.620000000008,4261.03412004762,178.5858799523885,178.5858799523885,31892.916518368915,4.022548775624674,19,Sunday,11
2013-11-24 20:00:00,4388.410000000014,4401.831715595235,-13.42171559522103,13.42171559522103,180.14244951899943,0.3058446133160071,20,Sunday,11
2013-11-24 20:30:00,4145.677999999999,4283.947157186506,-138.26915718650707,138.26915718650707,19118.359829067,3.335260413049617,20,Sunday,11
2013-11-24 21:00:00,3766.7900000000186,3918.2924177460354,-151.50241774601682,151.50241774601682,22952.98258288859,4.022056386101059,21,Sunday,11
2013-11-24 21:30:00,3454.919999999986,3510.473061126981,-55.55306112699509,55.55306112699509,3086.142600579653,1.6079405927487558,21,Sunday,11
2013-11-24 22:00:00,3110.289999999994,3126.701474809522,-16.411474809528045,16.411474809528045,269.3365054237736,0.5276509524683575,22,Sunday,11
2013-11-24 22:30:00,2809.830000000012,2820.188912666666,-10.35891266665385,10.35891266665385,107.30707163536158,0.36866688257488195,22,Sunday,11
2013-11-24 23:00:00,2492.626000000002,2541.1339712976182,-48.50797129761622,48.50797129761622,2353.0232794103595,1.946058947375827,23,Sunday,11
2013-11-24 23:30:00,2273.139999999993,2276.126828908729,-2.986828908735788,2.986828908735788,8.921146930059818,0.13139661035993372,23,Sunday,11
2013-11-25 00:00:00,2121.3339999999885,2112.835498357142,8.49850164284635,8.49850164284635,72.2245301734621,0.40062063036025425,0,Monday,11
2013-11-25 00:30:00,2016.261999999996,1993.4754165714296,22.786583428566473,22.786583428566473,519.2283843470202,1.1301400030634172,0,Monday,11
2013-11-25 01:00:00,1923.0439999999976,1925.621977892854,-2.5779778928563246,2.5779778928563246,6.645970016055935,0.1340571454868598,1,Monday,11
2013-11-25 01:30:00,1858.488,1860.056727896825,-1.5687278968248393,1.5687278968248393,2.4609072142764834,0.08440882571342076,1,Monday,11
2013-11-25 02:00:00,1805.7800000000047,1813.9123765476184,-8.132376547613603,8.132376547613603,66.13554831217574,0.450352564964369,2,Monday,11
2013-11-25 02:30:00,1768.4159999999931,1760.9065198015876,7.509480198405527,7.509480198405527,56.39229285024471,0.4246444387749011,2,Monday,11
2013-11-25 03:00:00,1733.407999999997,1736.45808906349,-3.050089063493033,3.050089063493033,9.303043295239807,0.1759590969634984,3,Monday,11
2013-11-25 03:30:00,1739.256000000005,1713.1728197777768,26.083180222228293,26.083180222228293,680.3322905052412,1.4996745862729934,3,Monday,11
2013-11-25 04:00:00,1740.4139999999986,1746.621256765873,-6.20725676587449,6.20725676587449,38.53003655749463,0.35665403552686287,4,Monday,11
2013-11-25 04:30:00,1834.4060000000013,1808.3705460238095,26.035453976191775,26.035453976191775,677.8448637464,1.4192852605253012,4,Monday,11
2013-11-25 05:00:00,2001.3520000000017,1993.808498055555,7.543501944446689,7.543501944446689,56.90442158587098,0.3769202991001424,5,Monday,11
2013-11-25 05:30:00,2266.4819999999936,2239.870702817461,26.61129718253278,26.61129718253278,708.1611377370771,1.174123473406489,5,Monday,11
2013-11-25 06:00:00,2550.911999999997,2579.9326231363625,-29.02062313636543,29.02062313636543,842.1965672229485,1.1376567728077434,6,Monday,11
2013-11-25 06:30:00,2914.73200000001,2894.1598286388885,20.57217136112149,20.57217136112149,423.21423451134723,0.7057997565855598,6,Monday,11
2013-11-25 07:00:00,3073.813999999996,3137.686321186506,-63.87232118650991,63.87232118650991,4079.6734137526823,2.077950103243397,7,Monday,11
2013-11-25 07:30:00,3012.7600000000007,3124.159929285713,-111.39992928571246,111.39992928571246,12409.944244861737,3.697603834547473,7,Monday,11
2013-11-25 08:00:00,2788.937999999999,2959.896680190477,-170.95868019047793,170.95868019047793,29226.870332470113,6.129884572209134,8,Monday,11
2013-11-25 08:30:00,2708.7259999999937,2713.3438913690466,-4.617891369052813,4.617891369052813,21.324920696372466,0.1704820409688106,8,Monday,11
2013-11-25 09:00:00,2745.8979999999947,2680.289094414501,65.60890558549363,65.60890558549363,4304.528492126217,2.3893424149583766,9,Monday,11
2013-11-25 09:30:00,2636.815999999997,2685.141981833332,-48.325981833334936,48.325981833334936,2335.4005201558184,1.8327400104267797,9,Monday,11
2013-11-25 10:00:00,2650.840000000001,2620.3875706590907,30.452429340910385,30.452429340910385,927.3504527631397,1.148784134120142,10,Monday,11
2013-11-25 10:30:00,2689.074000000008,2652.868213926777,36.20578607323068,36.20578607323068,1310.8589451805449,1.3464034858553753,10,Monday,11
2013-11-25 11:00:00,2750.201999999996,2709.718168208792,40.48383179120401,40.48383179120401,1638.9406364985007,1.4720312104785056,11,Monday,11
2013-11-25 11:30:00,2795.810000000013,2779.7750527391768,16.03494726083636,16.03494726083636,257.1195336578035,0.5735349419608732,11,Monday,11
2013-11-25 12:00:00,2851.1540000000064,2831.951083607142,19.202916392864154,19.202916392864154,368.7519979913308,0.6735138260810924,12,Monday,11
2013-11-25 12:30:00,2828.9899999999875,2924.1066446470613,-95.11664464707383,95.11664464707383,9047.176088917719,3.36221211976975,12,Monday,11
2013-11-25 13:00:00,2741.9600000000155,2825.191201473901,-83.23120147388545,83.23120147388545,6927.432898786511,3.0354637366659243,13,Monday,11
2013-11-25 13:30:00,2769.4799999999955,2727.7025062031985,41.77749379679699,41.77749379679699,1745.358987941411,1.5084959558038715,13,Monday,11
2013-11-25 14:00:00,2694.8939999999966,2757.4422412196686,-62.548241219672036,62.548241219672036,3912.28247967428,2.320990778103781,14,Monday,11
2013-11-25 14:30:00,2668.958000000001,2709.749140595238,-40.79114059523681,40.79114059523681,1663.9171510603765,1.5283545336883082,14,Monday,11
2013-11-25 15:00:00,2887.129999999998,2732.558296775984,154.57170322401362,154.57170322401362,23892.41143757254,5.353818609623181,15,Monday,11
2013-11-25 15:30:00,3065.0140000000024,3097.844606571427,-32.830606571424596,32.830606571424596,1077.8487278476678,1.0711405093557345,15,Monday,11
2013-11-25 16:00:00,3393.014,3292.679112384919,100.33488761508124,100.33488761508124,10067.089672730983,2.957102081367222,16,Monday,11
2013-11-25 16:30:00,3703.7520000000018,3697.178230571429,6.573769428572632,6.573769428572632,43.21444450003615,0.17748946010890115,16,Monday,11
2013-11-25 17:00:00,4184.936000000006,4047.204223329365,137.731776670641,137.731776670641,18970.042304851333,3.2911322101614173,17,Monday,11
2013-11-25 17:30:00,4463.3960000000025,4615.745226499998,-152.3492264999959,152.3492264999959,23210.28681514705,3.4133029312208865,17,Monday,11
2013-11-25 18:00:00,4589.530000000019,4583.55224476984,5.977755230178445,5.977755230178445,35.73355759192576,0.13024765564618646,18,Monday,11
2013-11-25 18:30:00,4573.606000000009,4582.905636369048,-9.299636369039035,9.299636369039035,86.48323659635354,0.2033326956681231,18,Monday,11
2013-11-25 19:00:00,4564.388000000005,4504.913975619051,59.47402438095469,59.47402438095469,3537.1595760663927,1.3030010678530093,19,Monday,11
2013-11-25 19:30:00,4539.744000000002,4499.8537901459085,39.89020985409388,39.89020985409388,1591.2288422036486,0.8786885307650356,19,Monday,11
2013-11-25 20:00:00,4435.587999999999,4389.86196632493,45.72603367506872,45.72603367506872,2090.8701556535184,1.0308900122163902,20,Monday,11
2013-11-25 20:30:00,4141.591999999991,4223.814306762266,-82.22230676227537,82.22230676227537,6760.507729309714,1.985282634365615,20,Monday,11
2013-11-25 21:00:00,3819.216000000009,3858.2514650952394,-39.03546509523039,39.03546509523039,1523.7675352009503,1.0220805813347635,21,Monday,11
2013-11-25 21:30:00,3456.458,3489.875932865077,-33.41793286507709,33.41793286507709,1116.7582369747995,0.9668259491386005,21,Monday,11
2013-11-25 22:00:00,3089.4660000000167,3092.784646785714,-3.318646785697183,3.318646785697183,11.013416488218246,0.10741813587516952,22,Monday,11
2013-11-25 22:30:00,2764.7339999999954,2770.507431666666,-5.773431666670604,5.773431666670604,33.332513209714904,0.2088241279873801,22,Monday,11
2013-11-25 23:00:00,2434.864000000003,2480.925305797621,-46.06130579761793,46.06130579761793,2121.6438917816713,1.8917403927947465,23,Monday,11
2013-11-25 23:30:00,2211.431999999992,2211.629126194443,-0.1971261944509024,0.1971261944509024,0.03885873653869498,0.008913961381173063,23,Monday,11
2013-11-26 00:00:00,2012.0000000000048,2049.954914940476,-37.954914940471326,37.954914940471326,1440.5755681384135,1.8864271839200415,0,Tuesday,11
2013-11-26 00:30:00,1925.4539999999963,1908.5538933015876,16.900106698408763,16.900106698408763,285.61360641760075,0.8777206154189502,0,Tuesday,11
2013-11-26 01:00:00,1848.798000000001,1854.0546822182523,-5.256682218251399,5.256682218251399,27.632707943680447,0.28432972224393344,1,Tuesday,11
2013-11-26 01:30:00,1800.0439999999971,1793.2397370992055,6.8042629007916275,6.8042629007916275,46.29799362308929,0.3780053654683796,1,Tuesday,11
2013-11-26 02:00:00,1722.0600000000022,1753.2815055833314,-31.22150558332919,31.22150558332919,974.7824108898558,1.8130323904700854,2,Tuesday,11
2013-11-26 02:30:00,1691.1859999999972,1686.7140706031737,4.471929396823498,4.471929396823498,19.998152530174174,0.2644256395703078,2,Tuesday,11
2013-11-26 03:00:00,1678.943999999993,1677.5485909166664,1.3954090833265127,1.3954090833265127,1.9471665098301385,0.08311230650495303,3,Tuesday,11
2013-11-26 03:30:00,1680.7820000000004,1667.2880915357132,13.493908464287188,13.493908464287188,182.0855656425614,0.8028351365190243,3,Tuesday,11
2013-11-26 04:00:00,1732.9139999999989,1723.134914571426,9.779085428572898,9.779085428572898,95.63051181932678,0.5643145262011217,4,Tuesday,11
2013-11-26 04:30:00,1807.9119999999969,1841.8675171969692,-33.95551719697232,33.95551719697232,1152.9771481138832,1.87816205639281,4,Tuesday,11
2013-11-26 05:00:00,2041.9360000000013,1950.7176925660149,91.21830743398641,91.21830743398641,8320.779611121261,4.467246154335217,5,Tuesday,11
2013-11-26 05:30:00,2320.6239999999984,2295.703692623016,24.920307376982237,24.920307376982237,621.0217197632753,1.0738623481004357,5,Tuesday,11
2013-11-26 06:00:00,2676.764,2617.565963807357,59.19803619264303,59.19803619264303,3504.4074890654742,2.211552314385692,6,Tuesday,11
2013-11-26 06:30:00,3004.161999999992,3055.348639626987,-51.18663962699475,51.18663962699475,2620.072076303829,1.7038575025912346,6,Tuesday,11
2013-11-26 07:00:00,3252.881999999992,3190.0141586190475,62.867841380944355,62.867841380944355,3952.3654798995794,1.9326812771242399,7,Tuesday,11
2013-11-26 07:30:00,3113.549999999997,3205.44257431746,-91.89257431746319,91.89257431746319,8444.245214690494,2.9513762206312175,7,Tuesday,11
2013-11-26 08:00:00,2906.9800000000137,2871.221480063492,35.75851993652168,35.75851993652168,1278.6717480506184,1.230091708113627,8,Tuesday,11
2013-11-26 08:30:00,2761.293999999992,2765.053503761904,-3.759503761911674,3.759503761911674,14.133868535828027,0.13615007173852856,8,Tuesday,11
2013-11-26 09:00:00,2750.795999999999,2675.9679802705627,74.82801972943616,74.82801972943616,5599.232536628888,2.7202315158752666,9,Tuesday,11
2013-11-26 09:30:00,2721.332000000004,2679.5742344428563,41.75776555714765,41.75776555714765,1743.7109843257065,1.5344605346627163,9,Tuesday,11
2013-11-26 10:00:00,2640.822,2662.3613721175225,-21.539372117522362,21.539372117522362,463.94455121709973,0.815631349538983,10,Tuesday,11
2013-11-26 10:30:00,2605.505999999998,2638.257547785772,-32.751547785774164,32.751547785774164,1072.6638823638486,1.2570129481864247,10,Tuesday,11
2013-11-26 11:00:00,2610.578000000002,2615.401224130413,-4.82322413041129,4.82322413041129,23.26349101218175,0.18475694388029343,11,Tuesday,11
2013-11-26 11:30:00,2609.070000000004,2631.873498581731,-22.803498581727126,22.803498581727126,519.9995475668311,0.8740086920522292,11,Tuesday,11
2013-11-26 12:00:00,2590.4239999999977,2613.684769607294,-23.260769607296425,23.260769607296425,541.0634027237251,0.8979522119659347,12,Tuesday,11
2013-11-26 12:30:00,2514.172000000005,2578.1016213650782,-63.92962136507322,63.92962136507322,4086.996487881626,2.5427703977720335,12,Tuesday,11
2013-11-26 13:00:00,2525.0039999999963,2498.8208003333325,26.183199666663768,26.183199666663768,685.5599447843816,1.0369567599363727,13,Tuesday,11
2013-11-26 13:30:00,2493.5060000000003,2524.025845464285,-30.519845464284572,30.519845464284572,931.4609671638116,1.223973211385277,13,Tuesday,11
2013-11-26 14:00:00,2459.014000000007,2509.451466833332,-50.437466833324834,50.437466833324834,2543.9380605627425,2.0511256476508346,14,Tuesday,11
2013-11-26 14:30:00,2492.634000000009,2504.9938741666656,-12.359874166656482,12.359874166656482,152.76648941558227,0.4958559566569515,14,Tuesday,11
2013-11-26 15:00:00,2658.2140000000018,2573.493188436507,84.72081156349486,84.72081156349486,7177.615911977205,3.1871328479759273,15,Tuesday,11
2013-11-26 15:30:00,2806.855999999997,2802.7990975357125,4.056902464284576,4.056902464284576,16.458457604718266,0.1445354683063392,15,Tuesday,11
2013-11-26 16:00:00,3038.7620000000056,3007.032831242063,31.729168757942716,31.729168757942716,1006.7401500700081,1.0441478719933532,16,Tuesday,11
2013-11-26 16:30:00,3280.6940000000022,3335.209014095237,-54.51501409523462,54.51501409523462,2971.8867618036293,1.66169152305075,16,Tuesday,11
2013-11-26 17:00:00,3653.06800000001,3693.506213214284,-40.438213214273674,40.438213214273674,1635.249087963058,1.106965794621769,17,Tuesday,11
2013-11-26 17:30:00,3867.857999999992,4074.456755494589,-206.59875549459684,206.59875549459684,42683.04577191621,5.341425551160287,17,Tuesday,11
2013-11-26 18:00:00,4080.466,4229.134177154763,-148.66817715476327,148.66817715476327,22102.226898520075,3.643411736668392,18,Tuesday,11
2013-11-26 18:30:00,4088.3180000000007,4306.512492071432,-218.1944920714309,218.1944920714309,47608.83637030971,5.337023491602925,18,Tuesday,11
2013-11-26 19:00:00,4154.677999999992,4131.812031396828,22.86596860316331,22.86596860316331,522.8525201608503,0.5503668058791404,19,Tuesday,11
2013-11-26 19:30:00,4276.209999999999,4118.949785682538,157.26021431746085,157.26021431746085,24730.775007173717,3.6775606043075735,19,Tuesday,11
2013-11-26 20:00:00,4219.181999999989,4162.798046889611,56.38395311037766,56.38395311037766,3179.1501683532665,1.3363716737125304,20,Tuesday,11
2013-11-26 20:30:00,4009.627999999996,4115.554108492784,-105.92610849278753,105.92610849278753,11220.340460425796,2.641793914367808,20,Tuesday,11
2013-11-26 21:00:00,3746.075999999988,3770.452232440477,-24.37623244048882,24.37623244048882,594.2007079927396,0.650713771970694,21,Tuesday,11
2013-11-26 21:30:00,3445.1119999999964,3506.4982487803027,-61.38624878030623,61.38624878030623,3768.2715393176486,1.7818360848734758,21,Tuesday,11
2013-11-26 22:00:00,3104.3519999999985,3126.8891407182523,-22.537140718253795,22.537140718253795,507.9227117543732,0.7259853495432801,22,Tuesday,11
2013-11-26 22:30:00,2738.2780000000043,2807.833536999997,-69.55553699999246,69.55553699999246,4837.97272735732,2.540119629927726,22,Tuesday,11
2013-11-26 23:00:00,2465.7039999999874,2480.099294154764,-14.395294154776366,14.395294154776366,207.2244938025386,0.5838208541972775,23,Tuesday,11
2013-11-26 23:30:00,2216.979999999994,2244.4991006176037,-27.519100617609638,27.519100617609638,757.3008988021231,1.2412877255369787,23,Tuesday,11
2013-11-27 00:00:00,2048.849999999998,2053.7304184841264,-4.880418484128313,4.880418484128313,23.818484580221302,0.2382028203200975,0,Wednesday,11
2013-11-27 00:30:00,1906.1940000000031,1948.7520313214277,-42.55803132142455,42.55803132142455,1811.186029955353,2.232618050493522,0,Wednesday,11
2013-11-27 01:00:00,1825.5179999999937,1835.9651150714276,-10.447115071433927,10.447115071433927,109.14221331578192,0.5722822273696542,1,Wednesday,11
2013-11-27 01:30:00,1772.647999999998,1757.797716095237,14.850283904761,14.850283904761,220.5309320520036,0.8377457851057297,1,Wednesday,11
2013-11-27 02:00:00,1711.9900000000025,1727.9679298928554,-15.977929892852899,15.977929892852899,255.29424366092223,0.9332957489735848,2,Wednesday,11
2013-11-27 02:30:00,1675.2879999999968,1687.0878515317445,-11.799851531747663,11.799851531747663,139.23649617128768,0.7043476424201502,2,Wednesday,11
2013-11-27 03:00:00,1659.391999999992,1652.693256682537,6.6987433174551825,6.6987433174551825,44.873162033150464,0.40368661036423065,3,Wednesday,11
2013-11-27 03:30:00,1691.6179999999997,1666.3994571587284,25.2185428412713,25.2185428412713,635.974903037036,1.490794188834081,3,Wednesday,11
2013-11-27 04:00:00,1737.9539999999963,1720.2171335714272,17.7368664285691,17.7368664285691,314.5964307049016,1.020560177574846,4,Wednesday,11
2013-11-27 04:30:00,1809.6520000000007,1811.822621440475,-2.1706214404741786,2.1706214404741786,4.711597437846198,0.11994689810384414,4,Wednesday,11
2013-11-27 05:00:00,2016.5179999999973,1964.61498645238,51.90301354761732,51.90301354761732,2693.922815324147,2.573892895953192,5,Wednesday,11
2013-11-27 05:30:00,2311.028,2255.732926757936,55.29507324206361,55.29507324206361,3057.545124845179,2.392661328294751,5,Wednesday,11
2013-11-27 06:00:00,2672.326000000008,2608.6405106883085,63.68548931169971,63.68548931169971,4055.841548870618,2.3831482128939174,6,Wednesday,11
2013-11-27 06:30:00,3006.5019999999936,3004.040042607147,2.4619573928466707,2.4619573928466707,6.061234204192376,0.08188776833831064,6,Wednesday,11
2013-11-27 07:00:00,3194.987999999992,3217.642999833332,-22.654999833339843,22.654999833339843,513.2490174486284,0.7090793403086303,7,Wednesday,11
2013-11-27 07:30:00,3024.3959999999947,3174.714525031747,-150.31852503175242,150.31852503175242,22595.658967721578,4.970199835992135,7,Wednesday,11
2013-11-27 08:00:00,2782.192000000012,2844.748356357144,-62.556356357132245,62.556356357132245,3913.29772068052,2.248455762834915,8,Wednesday,11
2013-11-27 08:30:00,2719.920000000005,2678.994503337299,40.92549666270588,40.92549666270588,1674.8962770891503,1.5046581025436707,8,Wednesday,11
2013-11-27 09:00:00,2619.158000000002,2664.3692448430743,-45.21124484307211,45.21124484307211,2044.0566602602144,1.7261747799511167,9,Wednesday,11
2013-11-27 09:30:00,2573.105999999995,2595.8162192956365,-22.71021929564131,22.71021929564131,515.7540604561189,0.8825994457920254,9,Wednesday,11
2013-11-27 10:00:00,2501.531999999999,2576.162058392857,-74.63005839285825,74.63005839285825,5569.645615721432,2.983374124051113,10,Wednesday,11
2013-11-27 10:30:00,2521.7019999999984,2490.0159159246014,31.686084075397048,31.686084075397048,1004.0079240331304,1.2565356285317246,10,Wednesday,11
2013-11-27 11:00:00,2545.4259999999977,2514.9106523809514,30.515347619046224,30.515347619046224,931.1864403112301,1.1988306719207806,11,Wednesday,11
2013-11-27 11:30:00,2561.9880000000007,2531.149826769839,30.83817323016183,30.83817323016183,950.9929281734696,1.2036814079598273,11,Wednesday,11
2013-11-27 12:00:00,2516.964000000005,2578.182906194444,-61.218906194439114,61.218906194439114,3747.754475643536,2.4322519588853475,12,Wednesday,11
2013-11-27 12:30:00,2488.7519999999995,2492.1535350952386,-3.401535095239069,3.401535095239069,11.570441004143063,0.1366763379894449,12,Wednesday,11
2013-11-27 13:00:00,2489.741999999993,2477.8478812936487,11.894118706344216,11.894118706344216,141.4700598006074,0.47772494926559655,13,Wednesday,11
2013-11-27 13:30:00,2477.352000000009,2472.671377912696,4.680622087313168,4.680622087313168,21.908223124243875,0.18893649700620466,13,Wednesday,11
2013-11-27 14:00:00,2416.81000000001,2504.5650862460298,-87.7550862460198,87.7550862460198,7700.9551620463735,3.631029590494058,14,Wednesday,11
2013-11-27 14:30:00,2547.268,2510.146684880952,37.12131511904818,37.12131511904818,1377.9920361676748,1.4572991581195296,14,Wednesday,11
2013-11-27 15:00:00,2662.737999999992,2666.9582448015926,-4.220244801600529,4.220244801600529,17.81046618543629,0.1584926793999463,15,Wednesday,11
2013-11-27 15:30:00,2850.964000000006,2818.411364107139,32.552635892866874,32.552635892866874,1059.6741035735647,1.1418115378821623,15,Wednesday,11
2013-11-27 16:00:00,3067.091999999995,3028.4362711190497,38.65572888094539,38.65572888094539,1494.2653753171555,1.2603380948776708,16,Wednesday,11
2013-11-27 16:30:00,3395.9699999999866,3340.658307269841,55.31169273014575,55.31169273014575,3059.383352674058,1.6287450339710292,16,Wednesday,11
2013-11-27 17:00:00,3677.1899999999946,3836.592631166669,-159.40263116667438,159.40263116667438,25409.19882285883,4.334903313853094,17,Wednesday,11
2013-11-27 17:30:00,3917.924000000005,4032.716121964286,-114.7921219642808,114.7921219642808,13177.231265062317,2.929922121110074,17,Wednesday,11
2013-11-27 18:00:00,4101.702000000015,4203.138196523812,-101.43619652379766,101.43619652379766,10289.301965214501,2.473026965971621,18,Wednesday,11
2013-11-27 18:30:00,4180.345999999998,4224.838327988095,-44.49232798809771,44.49232798809771,1979.567249800463,1.0643216611279962,18,Wednesday,11
2013-11-27 19:00:00,4175.1520000000055,4147.122133416666,28.029866583339754,28.029866583339754,785.6734206798266,0.6713496079505541,19,Wednesday,11
2013-11-27 19:30:00,4240.073999999996,4094.243560456349,145.83043954364712,145.83043954364712,21266.517097493317,3.4393371328813425,19,Wednesday,11
2013-11-27 20:00:00,4201.995999999993,4164.279737449135,37.71626255085812,37.71626255085812,1422.5164608052626,0.8975796871500635,20,Wednesday,11
2013-11-27 20:30:00,4080.418000000012,4085.575937547615,-5.157937547603069,5.157937547603069,26.604319744973562,0.12640708740141463,20,Wednesday,11
2013-11-27 21:00:00,3787.9039999999886,3836.1114701984143,-48.20747019842565,48.20747019842565,2323.9601829320977,1.2726687423552918,21,Wednesday,11
2013-11-27 21:30:00,3430.3740000000003,3523.889857698416,-93.51585769841586,93.51585769841586,8745.215641070365,2.7261125958398664,21,Wednesday,11
2013-11-27 22:00:00,3117.303999999999,3088.4058034206346,28.898196579364594,28.898196579364594,835.1057655395995,0.9270252942723777,22,Wednesday,11
2013-11-27 22:30:00,2780.818000000006,2820.264490976188,-39.44649097618185,39.44649097618185,1556.025650333996,1.4185211321338456,22,Wednesday,11
2013-11-27 23:00:00,2474.658000000003,2516.449860523809,-41.79186052380601,41.79186052380601,1746.559606041255,1.6887933817038945,23,Wednesday,11
2013-11-27 23:30:00,2250.582000000003,2253.5869790515862,-3.0049790515831774,3.0049790515831774,9.029899100453733,0.13352008731888787,23,Wednesday,11
2013-11-28 00:00:00,2085.6220000000003,2095.333048440476,-9.711048440475679,9.711048440475679,94.30446181326512,0.46561881493749474,0,Thursday,11
2013-11-28 00:30:00,1931.3659999999973,1971.3629769404763,-39.996976940479044,39.996976940479044,1599.7581643772123,2.0709164881477204,0,Thursday,11
2013-11-28 01:00:00,1870.9539999999952,1864.9504115714255,6.003588428569628,6.003588428569628,36.04307401965514,0.3208838073287555,1,Thursday,11
2013-11-28 01:30:00,1817.774,1804.950053333333,12.82394666666687,12.82394666666687,164.45360810951632,0.7054753047775395,1,Thursday,11
2013-11-28 02:00:00,1776.1900000000005,1758.752881416665,17.437118583335405,17.437118583335405,304.0531044893009,0.9817147142667957,2,Thursday,11
2013-11-28 02:30:00,1723.209999999995,1741.4776271944438,-18.267627194448778,18.267627194448778,333.7062033153645,1.0600929192871926,2,Thursday,11
2013-11-28 03:00:00,1698.4039999999943,1686.5993443174596,11.804655682534758,11.804655682534758,139.34989578320014,0.695044034430842,3,Thursday,11
2013-11-28 03:30:00,1713.6000000000051,1688.472843003968,25.12715699603723,25.12715699603723,631.3740187035027,1.466337359712719,3,Thursday,11
2013-11-28 04:00:00,1738.2519999999986,1734.8676706071428,3.3843293928557614,3.3843293928557614,11.453685439347447,0.19469728168618614,4,Thursday,11
2013-11-28 04:30:00,1852.4339999999968,1796.2503816904746,56.18361830952222,56.18361830952222,3156.59896635008,3.03296194679661,4,Thursday,11
2013-11-28 05:00:00,2018.890000000002,2031.3876688650776,-12.497668865075639,12.497668865075639,156.191727061081,0.6190366421684999,5,Thursday,11
2013-11-28 05:30:00,2293.3579999999934,2258.2768627103164,35.08113728967692,35.08113728967692,1230.6861935371603,1.529684300910587,5,Thursday,11
2013-11-28 06:00:00,2570.706,2576.5528254920623,-5.84682549206218,5.84682549206218,34.18536833462816,0.22744045768213791,6,Thursday,11
2013-11-28 06:30:00,2890.5140000000024,2903.122929678571,-12.60892967856853,12.60892967856853,158.98510763908627,0.4362175612561821,6,Thursday,11
2013-11-28 07:00:00,3053.174000000002,3117.720037599203,-64.5460375992011,64.5460375992011,4166.190969757482,2.114063515515364,7,Thursday,11
2013-11-28 07:30:00,2972.2900000000022,3070.7151330714287,-98.42513307142644,98.42513307142644,9687.506820128003,3.3114242914192884,7,Thursday,11
2013-11-28 08:00:00,2811.0559999999946,2869.916799095239,-58.8607990952446,58.8607990952446,3464.593670130748,2.093903468847462,8,Thursday,11
2013-11-28 08:30:00,2672.561999999991,2696.37028799206,-23.80828799206938,23.80828799206938,566.834577113315,0.8908413721391482,8,Thursday,11
2013-11-28 09:00:00,2662.288000000002,2630.9694923906923,31.318507609309563,31.318507609309563,980.848918874381,1.1763756441568134,9,Thursday,11
2013-11-28 09:30:00,2594.334,2642.823219857142,-48.48921985714196,48.48921985714196,2351.20444235425,1.8690430706740906,9,Thursday,11
2013-11-28 10:00:00,2559.484000000007,2597.466583790727,-37.98258379071967,37.98258379071967,1442.6766714190408,1.4839937968246555,10,Thursday,11
2013-11-28 10:30:00,2604.988000000001,2561.414918246033,43.57308175396838,43.57308175396838,1898.6134535380122,1.6726787898434985,10,Thursday,11
2013-11-28 11:00:00,2687.146000000004,2625.87240220523,61.27359779477365,61.27359779477365,3754.4537867156905,2.280248181333413,11,Thursday,11
2013-11-28 11:30:00,2716.0540000000065,2743.3267930714296,-27.272793071423166,27.272793071423166,743.8052419166675,1.0041329469672953,11,Thursday,11
2013-11-28 12:00:00,2734.6299999999987,2807.830342297619,-73.20034229762041,73.20034229762041,5358.290112488796,2.6767914598179803,12,Thursday,11
2013-11-28 12:30:00,2794.2240000000056,2761.984879345237,32.23912065476861,32.23912065476861,1039.360900592728,1.153777243870518,12,Thursday,11
2013-11-28 13:00:00,2899.059999999991,2810.100411900612,88.95958809937883,88.95958809937883,7913.808314811145,3.068566642269533,13,Thursday,11
2013-11-28 13:30:00,2978.786000000004,2977.566859694445,1.2191403055589944,1.2191403055589944,1.4863030846384784,0.040927421626091726,13,Thursday,11
2013-11-28 14:00:00,3107.786000000012,3043.722527439034,64.06347256097797,64.06347256097797,4104.128516571177,2.061386226753635,14,Thursday,11
2013-11-28 14:30:00,3327.713999999995,3167.685766134921,160.02823386507407,160.02823386507407,25609.03563397484,4.808953950522019,14,Thursday,11
2013-11-28 15:00:00,3719.122000000004,3447.765292873016,271.3567071269881,271.3567071269881,73634.462502802,7.296257211432909,15,Thursday,11
2013-11-28 15:30:00,3958.972000000001,3908.515323665584,50.4566763344169,50.4566763344169,2545.876186716106,1.274489345578016,15,Thursday,11
2013-11-28 16:00:00,4295.821999999996,4248.330202920633,47.491797079362186,47.491797079362186,2255.4707898273145,1.10553456543037,16,Thursday,11
2013-11-28 16:30:00,4530.027999999987,4568.659097619047,-38.63109761906071,38.63109761906071,1492.3617032533982,0.852778340863695,16,Thursday,11
2013-11-28 17:00:00,4829.832000000007,4786.794483915583,43.03751608442326,43.03751608442326,1852.2277907169907,0.8910768756433599,17,Thursday,11
2013-11-28 17:30:00,4974.098000000006,5002.186698408728,-28.08869840872194,28.08869840872194,788.9749782961384,0.5646993366178532,17,Thursday,11
2013-11-28 18:00:00,5051.299999999997,4987.290578404765,64.0094215952322,64.0094215952322,4097.206052956178,1.2671870923372641,18,Thursday,11
2013-11-28 18:30:00,4995.618000000008,4937.688701404763,57.92929859524429,57.92929859524429,3355.803635736972,1.1596022473144305,18,Thursday,11
2013-11-28 19:00:00,5033.857999999997,4806.91198417907,226.94601582092764,226.94601582092764,51504.49409699274,4.508391293932561,19,Thursday,11
2013-11-28 19:30:00,5179.301999999998,4911.542780583332,267.7592194166655,267.7592194166655,71694.99958262201,5.169793524622924,19,Thursday,11
2013-11-28 20:00:00,5073.548,5046.519868507932,27.028131492067587,27.028131492067587,730.5198919524956,0.5327264370430237,20,Thursday,11
2013-11-28 20:30:00,4762.287999999994,4976.376672156594,-214.0886721566003,214.0886721566003,45833.959545776284,4.495500317423065,20,Thursday,11
2013-11-28 21:00:00,4400.004000000014,4602.205239158734,-202.20123915872045,202.20123915872045,40885.34111732207,4.595478530444969,21,Thursday,11
2013-11-28 21:30:00,4075.31,4093.701527809527,-18.391527809526906,18.391527809526906,338.24829516860154,0.4512915044383594,21,Thursday,11
2013-11-28 22:00:00,3658.894000000003,3647.225610912335,11.668389087667947,11.668389087667947,136.15130390120842,0.31890481352200795,22,Thursday,11
2013-11-28 22:30:00,3269.922000000002,3303.1776884325386,-33.25568843253677,33.25568843253677,1105.94081312196,1.0170177891869212,22,Thursday,11
2013-11-28 23:00:00,2916.601999999996,2931.163154753966,-14.561154753969731,14.561154753969731,212.02722776905532,0.4992506606650393,23,Thursday,11
2013-11-28 23:30:00,2611.920000000007,2653.2283221071434,-41.30832210713652,41.30832210713652,1706.3774753069436,1.5815309085705693,23,Thursday,11
2013-11-29 00:00:00,2412.037999999992,2425.934204404762,-13.896204404770288,13.896204404770288,193.10449685915714,0.5761188009795175,0,Friday,11
2013-11-29 00:30:00,2250.6759999999967,2226.5995995793646,24.076400420632126,24.076400420632126,579.6730572146148,1.069740843223643,0,Friday,11
2013-11-29 01:00:00,2164.4500000000057,2119.8499769880923,44.600023011913436,44.600023011913436,1989.162052663208,2.0605707229048176,1,Friday,11
2013-11-29 01:30:00,2066.0399999999977,2061.081859781746,4.9581402182516285,4.9581402182516285,24.583154423844306,0.23998277953242117,1,Friday,11
2013-11-29 02:00:00,2003.6099999999976,2001.898801892857,1.7111981071407172,1.7111981071407172,2.9281989618819733,0.08540574798192858,2,Friday,11
2013-11-29 02:30:00,1969.2699999999984,1941.0663941746025,28.203605825395925,28.203605825395925,795.4433815543069,1.4321858264938758,2,Friday,11
2013-11-29 03:00:00,1930.2699999999977,1914.1862598690457,16.083740130952037,16.083740130952037,258.68669659999705,0.8332378439778919,3,Friday,11
2013-11-29 03:30:00,1951.1360000000057,1901.7627990714277,49.373200928577944,49.373200928577944,2437.71296993373,2.5304848523412926,3,Friday,11
2013-11-29 04:00:00,1954.359999999993,1960.1811354920617,-5.821135492068606,5.821135492068606,33.885618417020815,0.2978537982801852,4,Friday,11
2013-11-29 04:30:00,2034.2179999999992,1978.587461102452,55.63053889754724,55.63053889754724,3094.7568580315165,2.734738307179824,4,Friday,11
2013-11-29 05:00:00,2154.8700000000035,2164.5973617023787,-9.72736170237522,9.72736170237522,94.62156568883613,0.45141292525188076,5,Friday,11
2013-11-29 05:30:00,2394.475999999998,2391.4097821627006,3.066217837297245,3.066217837297245,9.401691825759793,0.1280538137486969,5,Friday,11
2013-11-29 06:00:00,2659.9899999999984,2691.008403710318,-31.01840371031949,31.01840371031949,962.1413687363619,1.1661097865149683,6,Friday,11
2013-11-29 06:30:00,3047.7100000000046,2966.8377401071407,80.8722598928639,80.8722598928639,6540.322420178922,2.6535418360954215,6,Friday,11
2013-11-29 07:00:00,3301.395999999997,3242.32212011905,59.07387988094706,59.07387988094706,3489.723284188562,1.7893606183852866,7,Friday,11
2013-11-29 07:30:00,3258.520000000003,3315.625916023809,-57.105916023806,57.105916023806,3261.0856449179832,1.7525108338695465,7,Friday,11
2013-11-29 08:00:00,3090.310000000004,3055.8117564484114,34.49824355159262,34.49824355159262,1190.128808145002,1.1163360165029586,8,Friday,11
2013-11-29 08:30:00,2987.812000000009,2909.959760170635,77.85223982937396,77.85223982937396,6060.971246450361,2.6056605914084865,8,Friday,11
2013-11-29 09:00:00,3016.776000000003,2887.3161089112523,129.45989108875074,129.45989108875074,16759.8634007112,4.291332571220091,9,Friday,11
2013-11-29 09:30:00,2924.5319999999965,2960.430930642021,-35.898930642024425,35.898930642024425,1288.73322124088,1.22751026974656,9,Friday,11
2013-11-29 10:00:00,2863.4219999999914,2861.6917009487715,1.7302990512198448,1.7302990512198448,2.993934806652295,0.060427664913514326,10,Friday,11
2013-11-29 10:30:00,2829.740000000001,2851.901704439033,-22.161704439031837,22.161704439031837,491.14114364300343,0.7831710488960762,10,Friday,11
2013-11-29 11:00:00,2828.719999999999,2825.851957842254,2.8680421577450943,2.8680421577450943,8.225665818603137,0.10139010427844025,11,Friday,11
2013-11-29 11:30:00,2910.5960000000086,2824.3114588645385,86.28454113547014,86.28454113547014,7445.0220389586375,2.964497344718054,11,Friday,11
2013-11-29 12:00:00,2910.571999999996,2914.3981054905366,-3.8261054905406127,3.8261054905406127,14.639083224745022,0.13145544898187084,12,Friday,11
2013-11-29 12:30:00,2868.6820000000034,2878.8609462614586,-10.178946261455167,10.178946261455167,103.61094699359211,0.3548300669595011,12,Friday,11
2013-11-29 13:00:00,2781.885999999991,2840.035404161101,-58.14940416110994,58.14940416110994,3381.35320429211,2.0902870987923348,13,Friday,11
2013-11-29 13:30:00,2742.286000000002,2755.4873059406264,-13.20130594062448,13.20130594062448,174.27447853796716,0.48139785349246833,13,Friday,11
2013-11-29 14:00:00,2778.8819999999987,2699.6451941172154,79.2368058827833,79.2368058827833,6278.471406505882,2.8513915266205383,14,Friday,11
2013-11-29 14:30:00,2884.160000000001,2763.422490330628,120.73750966937314,120.73750966937314,14577.546241161972,4.186227867710983,14,Friday,11
2013-11-29 15:00:00,3031.7740000000013,3056.6167926587286,-24.842792658727376,24.842792658727376,617.1643470845188,0.8194143976011194,15,Friday,11
2013-11-29 15:30:00,3196.449999999995,3234.594091234125,-38.144091234129974,38.144091234129974,1454.9716960776311,1.1933266978720154,15,Friday,11
2013-11-29 16:00:00,3411.0039999999963,3459.978189833331,-48.97418983333455,48.97418983333455,2398.4712698314893,1.435770518983109,16,Friday,11
2013-11-29 16:30:00,3656.80799999999,3770.531398714285,-113.72339871429494,113.72339871429494,12933.0114151305,3.109908934630838,16,Friday,11
2013-11-29 17:00:00,3866.849999999989,4009.5659624404775,-142.7159624404885,142.7159624404885,20367.845935314926,3.6907550704187884,17,Friday,11
2013-11-29 17:30:00,4097.222000000009,4217.83582840873,-120.61382840872102,120.61382840872102,14547.695603408398,2.943795293706828,17,Friday,11
2013-11-29 18:00:00,4123.694,4343.68211890801,-219.9881189080097,219.9881189080097,48394.77246068462,5.334734316077034,18,Friday,11
2013-11-29 18:30:00,4141.240000000006,4252.711168059523,-111.47116805951646,111.47116805951646,12425.821308552962,2.69173407142586,18,Friday,11
2013-11-29 19:00:00,4096.384000000009,4121.410619642857,-25.026619642847436,25.026619642847436,626.3316907477571,0.6109441801073185,19,Friday,11
2013-11-29 19:30:00,4072.671999999996,4023.389427619049,49.28257238094693,49.28257238094693,2428.7719404832733,1.2100795836479585,19,Friday,11
2013-11-29 20:00:00,4023.5879999999897,3927.227785880952,96.36021411903766,96.36021411903766,9285.290865066785,2.394882729519969,20,Friday,11
2013-11-29 20:30:00,3839.323999999997,3866.111104476191,-26.787104476194145,26.787104476194145,717.5489662185404,0.697703670651244,20,Friday,11
2013-11-29 21:00:00,3629.224000000008,3669.667265031746,-40.443265031738065,40.443265031738065,1635.657686427407,1.1143777576621883,21,Friday,11
2013-11-29 21:30:00,3398.4560000000106,3452.368084710316,-53.91208471030541,53.91208471030541,2906.512877811146,1.5863699488916507,21,Friday,11
2013-11-29 22:00:00,3147.353999999993,3143.507685634921,3.8463143650719758,3.8463143650719758,14.794134194959035,0.12220787255173661,22,Friday,11
2013-11-29 22:30:00,2810.823999999993,2883.545500619045,-72.72150061905222,72.72150061905222,5288.416652286813,2.587195093647002,22,Friday,11
2013-11-29 23:00:00,2609.542000000006,2541.8040677896806,67.7379322103252,67.7379322103252,4588.4274601306115,2.5957785776325903,23,Friday,11
2013-11-29 23:30:00,2419.357999999994,2390.4031256547623,28.954874345231474,28.954874345231474,838.3847483481437,1.1967999091176895,23,Friday,11
2013-11-30 00:00:00,2225.518,2227.77741540476,-2.259415404760148,2.259415404760148,5.104957971267463,0.1015231242686039,0,Saturday,11
2013-11-30 00:30:00,2083.13799999999,2085.09096220238,-1.9529622023901538,1.9529622023901538,3.8140613639646004,0.09375097580621942,0,Saturday,11
2013-11-30 01:00:00,1940.3779999999947,1970.228463690476,-29.85046369048132,29.85046369048132,891.0501825367436,1.5383839484101243,1,Saturday,11
2013-11-30 01:30:00,1866.8560000000043,1869.1230321190455,-2.2670321190412324,2.2670321190412324,5.1394346287645805,0.12143583217137408,1,Saturday,11
2013-11-30 02:00:00,1802.879999999992,1823.6117912976183,-20.731791297626387,20.731791297626387,429.8071704083372,1.1499263011196796,2,Saturday,11
2013-11-30 02:30:00,1780.8699999999924,1751.0863197976182,29.78368020237417,29.78368020237417,887.0676063972951,1.6724230405573848,2,Saturday,11
2013-11-30 03:00:00,1726.4520000000002,1746.5794611587282,-20.12746115872801,20.12746115872801,405.1146926961047,1.1658280194716104,3,Saturday,11
2013-11-30 03:30:00,1714.923999999998,1730.013940420634,-15.08994042063614,15.08994042063614,227.70630189834839,0.879918901399488,3,Saturday,11
2013-11-30 04:00:00,1713.8760000000052,1748.096901749999,-34.2209017499938,34.2209017499938,1171.0701165827288,1.996696479208163,4,Saturday,11
2013-11-30 04:30:00,1738.6080000000031,1799.4451500238076,-60.8371500238045,60.8371500238045,3701.1588230188954,3.499187282228334,4,Saturday,11
2013-11-30 05:00:00,1829.9359999999965,1826.9942936190475,2.941706380948972,2.941706380948972,8.653636431715897,0.16075460458447605,5,Saturday,11
2013-11-30 05:30:00,1977.1400000000008,1987.017119404762,-9.877119404761288,9.877119404761288,97.55748773591198,0.49956600972926973,5,Saturday,11
2013-11-30 06:00:00,2165.539999999994,2185.394560288239,-19.85456028824501,19.85456028824501,394.2035642395558,0.9168410783566715,6,Saturday,11
2013-11-30 06:30:00,2466.1560000000018,2468.353476571429,-2.19747657142716,2.19747657142716,4.828903281971265,0.08910533524347844,6,Saturday,11
2013-11-30 07:00:00,2753.903999999989,2763.9296802023805,-10.025680202391413,10.025680202391413,100.51426352062313,0.3640533657815034,7,Saturday,11
2013-11-30 07:30:00,3022.7819999999965,3022.865662142858,-0.08366214286161267,0.08366214286161267,0.006999354148196887,0.0027677200294831967,7,Saturday,11
2013-11-30 08:00:00,3177.091999999995,3152.087574041488,25.004425958507,25.004425958507,625.2213175144586,0.7870224078656531,8,Saturday,11
2013-11-30 08:30:00,3284.633999999992,3214.5379889281626,70.09601107182925,70.09601107182925,4913.45076818201,2.1340585000286008,8,Saturday,11
2013-11-30 09:00:00,3413.775999999996,3338.825462702377,74.95053729761912,74.95053729761912,5617.583041201795,2.1955317893622546,9,Saturday,11
2013-11-30 09:30:00,3387.7239999999897,3403.4528822781394,-15.72888227814974,15.72888227814974,247.39773771989297,0.4642905466369099,9,Saturday,11
2013-11-30 10:00:00,3277.451999999995,3339.508951845597,-62.056951845601816,62.056951845601816,3851.0652723673425,1.8934511274490644,10,Saturday,11
2013-11-30 10:30:00,3243.7920000000063,3244.628860529414,-0.8368605294076588,0.8368605294076588,0.7003355456804669,0.025798834493939722,10,Saturday,11
2013-11-30 11:00:00,3282.479999999999,3174.619133895976,107.86086610402299,107.86086610402299,11633.966436709976,3.2859565360344316,11,Saturday,11
2013-11-30 11:30:00,3301.3460000000027,3303.782570934175,-2.436570934172323,2.436570934172323,5.936877917253388,0.0738053792050976,11,Saturday,11
2013-11-30 12:00:00,3283.973999999997,3335.202616238093,-51.22861623809604,51.22861623809604,2624.371121670117,1.5599580337145205,12,Saturday,11
2013-11-30 12:30:00,3143.1200000000035,3301.328950829366,-158.2089508293625,158.2089508293625,25030.07212252764,5.033500179101094,12,Saturday,11
2013-11-30 13:00:00,3087.794000000001,3117.42669185568,-29.63269185567924,29.63269185567924,878.0964266136388,0.9596719164451784,13,Saturday,11
2013-11-30 13:30:00,3093.8139999999908,3067.178864602814,26.635135397176782,26.635135397176782,709.4304376259396,0.8609158597503554,13,Saturday,11
2013-11-30 14:00:00,3092.031999999999,3074.5811570768383,17.450842923160508,17.450842923160508,304.53191872882115,0.564381058254265,14,Saturday,11
2013-11-30 14:30:00,3061.0980000000022,3085.843886227634,-24.745886227631672,24.745886227631672,612.3588851908909,0.8083990198167995,14,Saturday,11
2013-11-30 15:00:00,3070.455999999996,3101.949481404762,-31.493481404766044,31.493481404766044,991.8393709923446,1.0256939491973207,15,Saturday,11
2013-11-30 15:30:00,3131.464000000005,3146.423593547619,-14.959593547614077,14.959593547614077,223.78943910981673,0.4777188416540651,15,Saturday,11
2013-11-30 16:00:00,3221.016000000009,3300.7376972222182,-79.72169722220906,79.72169722220906,6355.549007989575,2.4750481594071196,16,Saturday,11
2013-11-30 16:30:00,3373.6560000000086,3445.0390796745987,-71.38307967459014,71.38307967459014,5095.544063828884,2.115896809709999,16,Saturday,11
2013-11-30 17:00:00,3616.8360000000034,3649.256271269842,-32.420271269838395,32.420271269838395,1051.0739892099089,0.8963710621614683,17,Saturday,11
2013-11-30 17:30:00,3735.6160000000064,3963.518602452381,-227.9026024523746,227.9026024523746,51939.596204565096,6.100803788515045,17,Saturday,11
2013-11-30 18:00:00,3825.7260000000047,3957.5673032301593,-131.8413032301546,131.8413032301546,17382.129237425575,3.446177359020339,18,Saturday,11
2013-11-30 18:30:00,3776.542000000004,4096.061755976192,-319.5197559761882,319.5197559761882,102092.87445908286,8.46064351928796,18,Saturday,11
2013-11-30 19:00:00,3709.206000000013,3944.576168988095,-235.37016898808224,235.37016898808224,55399.11644947839,6.345567460747163,19,Saturday,11
2013-11-30 19:30:00,3812.659999999996,3888.350452249998,-75.69045225000173,75.69045225000173,5729.044561809791,1.985240022713848,19,Saturday,11
2013-11-30 20:00:00,3788.121999999992,3882.683611607144,-94.56161160715192,94.56161160715192,8941.898389741847,2.496266266164398,20,Saturday,11
2013-11-30 20:30:00,3714.1380000000063,3849.1613531190474,-135.02335311904108,135.02335311904108,18231.30588750926,3.6353886990478235,20,Saturday,11
2013-11-30 21:00:00,3626.049999999992,3625.838345023808,0.21165497618403606,0.21165497618403606,0.044797828943464874,0.005837067226983537,21,Saturday,11
2013-11-30 21:30:00,3379.0400000000086,3542.9547450912696,-163.914745091261,163.914745091261,26868.043658333077,4.850926449265489,21,Saturday,11
2013-11-30 22:00:00,3175.4620000000027,3210.585467301588,-35.12346730158515,35.12346730158515,1233.6579552855212,1.1060899894750786,22,Saturday,11
2013-11-30 22:30:00,2930.134000000004,2948.031220880954,-17.897220880950044,17.897220880950044,320.3105152615143,0.6107987170876833,22,Saturday,11
2013-11-30 23:00:00,2652.5399999999945,2685.38523604762,-32.84523604762535,32.84523604762535,1078.8095310242277,1.2382560130148994,23,Saturday,11
2013-11-30 23:30:00,2434.299999999999,2418.520979126985,15.779020873013906,15.779020873013906,248.9774997110085,0.648195410303328,23,Saturday,11
2013-12-01 00:00:00,2254.3439999999973,2230.8349997499986,23.509000249998735,23.509000249998735,552.6730927544406,1.0428310963188743,0,Sunday,12
2013-12-01 00:30:00,2097.5300000000016,2122.054870476188,-24.524870476186607,24.524870476186607,601.4692718737294,1.1692262077866151,0,Sunday,12
2013-12-01 01:00:00,2015.066000000004,1976.6087121746025,38.45728782540141,38.45728782540141,1478.9629868857674,1.9084877530265179,1,Sunday,12
2013-12-01 01:30:00,1955.9499999999969,1922.5473605714265,33.40263942857041,33.40263942857041,1115.7363207950866,1.707745056293385,1,Sunday,12
2013-12-01 02:00:00,1889.312,1883.1700365158715,6.141963484128382,6.141963484128382,37.723715440366455,0.32508995253978074,2,Sunday,12
2013-12-01 02:30:00,1794.2620000000034,1828.799871023809,-34.537871023805565,34.537871023805565,1192.864534857028,1.9249067875151733,2,Sunday,12
2013-12-01 03:00:00,1760.0200000000032,1748.4892652142846,11.53073478571855,11.53073478571855,132.95784469857983,0.6551479406892268,3,Sunday,12
2013-12-01 03:30:00,1731.406,1736.0752562698406,-4.669256269840616,4.669256269840616,21.801954113445905,0.2696800328658106,3,Sunday,12
2013-12-01 04:00:00,1683.8380000000025,1718.6429511666656,-34.80495116666316,34.80495116666316,1211.3846257138073,2.067001170341987,4,Sunday,12
2013-12-01 04:30:00,1730.273999999998,1725.898077761903,4.375922238094972,4.375922238094972,19.14869543385411,0.2529034267459938,4,Sunday,12
2013-12-01 05:00:00,1814.6139999999964,1787.2014028690471,27.41259713094928,27.41259713094928,751.4504814637287,1.5106572048352616,5,Sunday,12
2013-12-01 05:30:00,1885.840000000003,1931.1632469761903,-45.32324697618719,45.32324697618719,2054.1967164644616,2.403345298444572,5,Sunday,12
2013-12-01 06:00:00,2033.5300000000004,2061.673950166664,-28.143950166663444,28.143950166663444,792.0819309836353,1.3839948349256437,6,Sunday,12
2013-12-01 06:30:00,2285.954000000001,2240.063469226191,45.89053077381004,45.89053077381004,2105.9408147020063,2.00750018477231,6,Sunday,12
2013-12-01 07:00:00,2572.025999999999,2568.72210804762,3.3038919523787627,3.3038919523787627,10.915702032993153,0.12845484269516574,7,Sunday,12
2013-12-01 07:30:00,2861.99,2874.6645982738096,-12.674598273809806,12.674598273809806,160.64544140246252,0.4428596282240611,7,Sunday,12
2013-12-01 08:00:00,3143.058000000004,3061.6955555595223,81.3624444404818,81.3624444404818,6619.847365330487,2.588639612774619,8,Sunday,12
2013-12-01 08:30:00,3259.56,3293.8770198650773,-34.31701986507733,34.31701986507733,1177.6578524201118,1.0528114182612784,8,Sunday,12
2013-12-01 09:00:00,3272.345999999998,3300.195351824671,-27.849351824672794,27.849351824672794,775.5863970544059,0.8510515643722519,9,Sunday,12
2013-12-01 09:30:00,3284.4579999999896,3291.854824186505,-7.39682418651546,7.39682418651546,54.71300804622009,0.225206843458357,9,Sunday,12
2013-12-01 10:00:00,3289.954,3292.93393542227,-2.979935422270046,2.979935422270046,8.880015120899756,0.0905768111733491,10,Sunday,12
2013-12-01 10:30:00,3244.783999999992,3289.931511874649,-45.147511874657084,45.147511874657084,2038.2978284723024,1.3913872810842631,10,Sunday,12
2013-12-01 11:00:00,3241.730000000008,3183.9056788012617,57.824321198746475,57.824321198746475,3343.652122095801,1.7837488377732362,11,Sunday,12
2013-12-01 11:30:00,3355.6679999999947,3205.6947919575505,149.97320804244418,149.97320804244418,22491.963130542244,4.469250475388042,11,Sunday,12
2013-12-01 12:00:00,3329.117999999995,3381.924472675397,-52.80647267540189,52.80647267540189,2788.5235564179666,1.5862000888944752,12,Sunday,12
2013-12-01 12:30:00,3232.8380000000025,3316.2220079173885,-83.38400791738604,83.38400791738604,6952.892776366698,2.5792819781685927,12,Sunday,12
2013-12-01 13:00:00,3215.9619999999986,3193.7227247649325,22.23927523506609,22.23927523506609,494.5853629810238,0.6915279233730404,13,Sunday,12
2013-12-01 13:30:00,3154.1880000000083,3207.216045423302,-53.02804542329386,53.02804542329386,2811.973601414917,1.681194824889757,13,Sunday,12
2013-12-01 14:00:00,3104.900000000009,3147.440957950414,-42.540957950404845,42.540957950404845,1809.733103338113,1.3701232873974918,14,Sunday,12
2013-12-01 14:30:00,3124.607999999992,3116.7203291514707,7.8876708485213385,7.8876708485213385,62.21535141461333,0.2524371328666303,14,Sunday,12
2013-12-01 15:00:00,3130.936000000003,3155.83352232143,-24.897522321427004,24.897522321427004,619.886617745956,0.7952101966129931,15,Sunday,12
2013-12-01 15:30:00,3255.500000000009,3174.50521740916,80.9947825908489,80.9947825908489,6560.15480693888,2.487936802053407,15,Sunday,12
2013-12-01 16:00:00,3453.409999999992,3448.900051345237,4.509948654755135,4.509948654755135,20.339636868527652,0.13059406947785362,16,Sunday,12
2013-12-01 16:30:00,3580.2040000000006,3739.0894065555576,-158.88540655555698,158.88540655555698,25244.57241632463,4.437886962741703,16,Sunday,12
2013-12-01 17:00:00,3781.4780000000073,3907.083633809525,-125.60563380951771,125.60563380951771,15776.77524469066,3.32160160153034,17,Sunday,12
2013-12-01 17:30:00,3974.5900000000015,4011.684853333334,-37.094853333332594,37.094853333332594,1376.0281438214563,0.9333001223606103,17,Sunday,12
2013-12-01 18:00:00,4147.279999999992,4172.0640758412665,-24.7840758412749,24.7840758412749,614.2504153060661,0.5975983256803241,18,Sunday,12
2013-12-01 18:30:00,4122.2260000000015,4279.065511904764,-156.83951190476273,156.83951190476273,24598.63249452421,3.8047286079114215,18,Sunday,12
2013-12-01 19:00:00,4237.5240000000085,4150.410196668195,87.11380333181387,87.11380333181387,7588.814730933946,2.055771326175703,19,Sunday,12
2013-12-01 19:30:00,4387.38600000001,4179.907823389612,207.4781766103988,207.4781766103988,43047.19376957584,4.728970202539697,19,Sunday,12
2013-12-01 20:00:00,4358.063999999998,4384.670266321428,-26.606266321430667,26.606266321430667,707.8934075668957,0.6105065534014802,20,Sunday,12
2013-12-01 20:30:00,4113.289999999998,4268.563153323294,-155.27315332329545,155.27315332329545,24109.752142959616,3.774913835963317,20,Sunday,12
2013-12-01 21:00:00,3768.633999999992,3881.977466817465,-113.3434668174732,113.3434668174732,12846.741470203648,3.007547743226682,21,Sunday,12
2013-12-01 21:30:00,3445.4920000000043,3506.353310214896,-60.861310214891546,60.861310214891546,3704.099081073262,1.7664040495491344,21,Sunday,12
2013-12-01 22:00:00,3128.931999999994,3110.759371285712,18.172628714281927,18.172628714281927,330.244434387144,0.5807933414430855,22,Sunday,12
2013-12-01 22:30:00,2839.5479999999925,2816.90934738095,22.63865261904266,22.63865261904266,512.5085924056871,0.7972625438641192,22,Sunday,12
2013-12-01 23:00:00,2442.3299999999977,2561.360737095239,-119.03073709524142,119.03073709524142,14168.316373436483,4.873654956342572,23,Sunday,12
2013-12-01 23:30:00,2269.3340000000007,2237.0885964880954,32.24540351190535,32.24540351190535,1039.766047645598,1.4209192437915856,23,Sunday,12
2013-12-02 00:00:00,2092.519999999997,2110.3882415,-17.868241500003023,17.868241500003023,319.2740543024303,0.853910189627963,0,Monday,12
2013-12-02 00:30:00,1999.9280000000035,1971.378525376984,28.549474623019478,28.549474623019478,815.0725012504331,1.4275251220553655,0,Monday,12
2013-12-02 01:00:00,1864.092000000002,1908.740519349206,-44.64851934920398,44.64851934920398,1993.4902800762422,2.3951886145750283,1,Monday,12
2013-12-02 01:30:00,1832.2100000000016,1819.6384757499989,12.571524250002767,12.571524250002767,158.04322196840764,0.6861399211882238,1,Monday,12
2013-12-02 02:00:00,1788.6560000000015,1789.9359926666657,-1.2799926666641568,1.2799926666641568,1.6383812267140192,0.0715617014486942,2,Monday,12
2013-12-02 02:30:00,1752.2499999999966,1737.7656352182528,14.484364781743807,14.484364781743807,209.7968231306203,0.826615196561212,2,Monday,12
2013-12-02 03:00:00,1716.2940000000012,1720.4307591190477,-4.136759119046474,4.136759119046474,17.112776009014155,0.24102858362532706,3,Monday,12
2013-12-02 03:30:00,1721.0660000000028,1707.3123843474016,13.753615652601184,13.753615652601184,189.1619435194763,0.7991335400618663,3,Monday,12
2013-12-02 04:00:00,1746.2260000000017,1721.0930645595245,25.13293544047724,25.13293544047724,631.6644438551969,1.4392716315343612,4,Monday,12
2013-12-02 04:30:00,1809.615999999994,1800.6517969999995,8.96420299999454,8.96420299999454,80.35693542511112,0.4953649282496712,4,Monday,12
2013-12-02 05:00:00,2017.944000000001,1926.0247642380957,91.91923576190538,91.91923576190538,8449.145903052746,4.555093489309185,5,Monday,12
2013-12-02 05:30:00,2245.740000000005,2246.427263615079,-0.6872636150742437,0.6872636150742437,0.47233127660491825,0.03060299122223598,5,Monday,12
2013-12-02 06:00:00,2525.513999999993,2549.469876476191,-23.955876476198227,23.955876476198227,573.8840177428676,0.9485544913312022,6,Monday,12
2013-12-02 06:30:00,2928.244000000001,2891.876760511906,36.36723948809504,36.36723948809504,1322.576107984459,1.2419470333788791,6,Monday,12
2013-12-02 07:00:00,3077.2919999999976,3139.3184543214275,-62.02645432142981,62.02645432142981,3847.281035688419,2.015618092837139,7,Monday,12
2013-12-02 07:30:00,2979.336000000003,3068.8329894642866,-89.49698946428362,89.49698946428362,8009.711123170093,3.0039240107286833,7,Monday,12
2013-12-02 08:00:00,2861.612000000006,2896.7928177619046,-35.18081776189865,35.18081776189865,1237.6899383959237,1.22940558544969,8,Monday,12
2013-12-02 08:30:00,2721.9360000000006,2774.315788464286,-52.37978846428541,52.37978846428541,2743.642239563287,1.9243578270865074,8,Monday,12
2013-12-02 09:00:00,2621.4999999999864,2668.547076093074,-47.047076093087526,47.047076093087526,2213.4273689087677,1.7946624487159173,9,Monday,12
2013-12-02 09:30:00,2638.7180000000017,2599.296165619049,39.42183438095253,39.42183438095253,1554.081025959251,1.4939767864907316,9,Monday,12
2013-12-02 10:00:00,2592.780000000004,2618.7468704765524,-25.966870476548593,25.966870476548593,674.278362345851,1.0015068951684505,10,Monday,12
2013-12-02 10:30:00,2613.382000000001,2591.095777098844,22.28622290115709,22.28622290115709,496.6757312000587,0.8527732608993664,10,Monday,12
2013-12-02 11:00:00,2658.4139999999907,2614.490831972584,43.92316802740652,43.92316802740652,1929.2446895637863,1.652232046152581,11,Monday,12
2013-12-02 11:30:00,2690.8640000000137,2685.6230641381394,5.240935861874277,5.240935861874277,27.467408708279873,0.19476777205664242,11,Monday,12
2013-12-02 12:00:00,2693.335999999989,2731.6345592307684,-38.298559230779574,38.298559230779574,1466.7796391535314,1.421974801167761,12,Monday,12
2013-12-02 12:30:00,2635.3560000000016,2708.9430927109283,-73.58709271092675,73.58709271092675,5415.0602136465295,2.7923017881047842,12,Monday,12
2013-12-02 13:00:00,2617.6059999999843,2608.000084599205,9.605915400779395,9.605915400779395,92.27361068693077,0.36697331075721296,13,Monday,12
2013-12-02 13:30:00,2535.913999999995,2613.1016095078057,-77.18760950781052,77.18760950781052,5957.927061530241,3.0437786734018055,13,Monday,12
2013-12-02 14:00:00,2522.348000000006,2535.9173606190457,-13.569360619039799,13.569360619039799,184.12754760954815,0.5379654440640137,14,Monday,12
2013-12-02 14:30:00,2643.934,2529.872059154761,114.0619408452394,114.0619408452394,13010.126349382894,4.314099400561414,14,Monday,12
2013-12-02 15:00:00,2849.892000000005,2764.4195350238087,85.47246497619608,85.47246497619608,7305.542269107065,2.9991475107195615,15,Monday,12
2013-12-02 15:30:00,3034.0259999999985,3025.6639383120487,8.36206168794979,8.36206168794979,69.9240756730777,0.2756094274719398,15,Monday,12
2013-12-02 16:00:00,3255.330000000003,3258.347038773808,-3.0170387738048703,3.0170387738048703,9.102522962641995,0.09267996712483427,16,Monday,12
2013-12-02 16:30:00,3554.082000000008,3549.943921619048,4.138078380959996,4.138078380959996,17.123692686968504,0.11643170813053798,16,Monday,12
2013-12-02 17:00:00,3889.41599999998,3939.8820535873033,-50.46605358732313,50.46605358732313,2546.82256467857,1.2975226508895779,17,Monday,12
2013-12-02 17:30:00,4155.703999999996,4252.047731357143,-96.34373135714668,96.34373135714668,9282.114571818049,2.3183492221088597,17,Monday,12
2013-12-02 18:00:00,4251.753999999991,4351.710677731687,-99.95667773169589,99.95667773169589,9991.33742315811,2.35095157743595,18,Monday,12
2013-12-02 18:30:00,4177.111999999997,4278.265103821427,-101.1531038214298,101.1531038214298,10231.950412708955,2.421603821526209,18,Monday,12
2013-12-02 19:00:00,4273.895999999992,4144.302079916665,129.59392008332634,129.59392008332634,16794.584122563574,3.0322197845555108,19,Monday,12
2013-12-02 19:30:00,4393.341999999999,4225.051659286438,168.2903407135609,168.2903407135609,28321.638777486416,3.830576829975016,19,Monday,12
2013-12-02 20:00:00,4338.790000000002,4393.7103562817465,-54.920356281744716,54.920356281744716,3016.2455341137766,1.265798904343024,20,Monday,12
2013-12-02 20:30:00,4123.468000000004,4252.631010228059,-129.1630102280542,129.1630102280542,16683.08321117243,3.1323878402367633,20,Monday,12
2013-12-02 21:00:00,3875.31400000001,3882.379078904763,-7.065078904753136,7.065078904753136,49.91533993038777,0.18230984391853455,21,Monday,12
2013-12-02 21:30:00,3513.2400000000152,3564.075594349205,-50.835594349189705,50.835594349189705,2584.2576528353684,1.446971864979036,21,Monday,12
2013-12-02 22:00:00,3149.7800000000007,3147.0417729761907,2.738227023809941,2.738227023809941,7.497887233923047,0.08693391360063053,22,Monday,12
2013-12-02 22:30:00,2808.307999999995,2826.209640841268,-17.901640841273093,17.901640841273093,320.4687448099368,0.6374529019350129,22,Monday,12
2013-12-02 23:00:00,2462.382,2514.2361845952355,-51.85418459523544,51.85418459523544,2688.856460036752,2.105854599133499,23,Monday,12
2013-12-02 23:30:00,2235.660000000007,2242.845395439032,-7.185395439024887,7.185395439024887,51.62990761515965,0.32139929322995736,23,Monday,12
2013-12-03 00:00:00,2051.351999999996,2082.229159440474,-30.877159440477953,30.877159440477953,953.3989751126968,1.5052101950556516,0,Tuesday,12
2013-12-03 00:30:00,1955.1200000000017,1941.333322765873,13.786677234128774,13.786677234128774,190.07246915804464,0.7051575982102767,0,Tuesday,12
2013-12-03 01:00:00,1880.686,1867.06253270238,13.623467297619982,13.623467297619982,185.5988612093211,0.7243881912036343,1,Tuesday,12
2013-12-03 01:30:00,1825.5180000000016,1805.7285422103168,19.789457789684775,19.789457789684775,391.6226396097154,1.0840461605793401,1,Tuesday,12
2013-12-03 02:00:00,1774.2339999999965,1765.8461755714277,8.38782442856882,8.38782442856882,70.35559864449584,0.4727575071027179,2,Tuesday,12
2013-12-03 02:30:00,1737.0339999999983,1734.1816010992036,2.8523989007946966,2.8523989007946966,8.136179489254793,0.16421088480678556,2,Tuesday,12
2013-12-03 03:00:00,1717.8159999999984,1698.1964132936484,19.619586706349992,19.619586706349992,384.9281825279853,1.1421238774321587,3,Tuesday,12
2013-12-03 03:30:00,1746.849999999993,1697.2224235378785,49.627576462114575,49.627576462114575,2462.8963455030284,2.840975267602529,3,Tuesday,12
2013-12-03 04:00:00,1764.515999999997,1753.7613045753976,10.754695424599277,10.754695424599277,115.66347367589661,0.609498322746821,4,Tuesday,12
2013-12-03 04:30:00,1845.0740000000008,1832.3835721904743,12.690427809526454,12.690427809526454,161.0469579888024,0.6878004789795125,4,Tuesday,12
2013-12-03 05:00:00,1998.358000000002,2023.600144170633,-25.242144170631036,25.242144170631036,637.1658423309224,1.2631442499607684,5,Tuesday,12
2013-12-03 05:30:00,2214.0419999999967,2257.7825337857157,-43.74053378571898,43.74053378571898,1913.2342958596237,1.9755963882220413,5,Tuesday,12
2013-12-03 06:00:00,2531.0500000000097,2494.7856008730164,36.26439912699334,36.26439912699334,1315.1066440418754,1.4327808272058316,6,Tuesday,12
2013-12-03 06:30:00,2950.027999999996,2841.2489054444445,108.77909455555164,108.77909455555164,11832.891412325644,3.6873919351122018,6,Tuesday,12
2013-12-03 07:00:00,2994.918000000009,3167.235800432538,-172.31780043252866,172.31780043252866,29693.424345904772,5.753673403830359,7,Tuesday,12
2013-12-03 07:30:00,2963.9579999999883,3060.217989809523,-96.25998980953455,96.25998980953455,9265.985638131695,3.247684002591633,7,Tuesday,12
2013-12-03 08:00:00,2894.9100000000094,2875.2563103095254,19.653689690484043,19.653689690484043,386.26751844983875,0.6789050329883823,8,Tuesday,12
2013-12-03 08:30:00,2783.775999999993,2840.0185289444426,-56.24252894444953,56.24252894444953,3163.2220620672433,2.0203683394227725,8,Tuesday,12
2013-12-03 09:00:00,2670.839999999996,2700.731927321428,-29.891927321431922,29.891927321431922,893.5273189897682,1.119195733231192,9,Tuesday,12
2013-12-03 09:30:00,2686.765999999992,2645.110581422811,41.65541857718108,41.65541857718108,1735.1738968401628,1.5503925007678825,9,Tuesday,12
2013-12-03 10:00:00,2629.828000000009,2664.879114255602,-35.05111425559289,35.05111425559289,1228.5806105586273,1.3328291529177108,10,Tuesday,12
2013-12-03 10:30:00,2612.1299999999965,2614.3209526155933,-2.1909526155968706,2.1909526155968706,4.800273363790769,0.08387609405339219,10,Tuesday,12
2013-12-03 11:00:00,2632.373999999997,2627.5512914785345,4.822708521462573,4.822708521462573,23.258517482987717,0.18320757314357985,11,Tuesday,12
2013-12-03 11:30:00,2659.0359999999964,2630.786225354436,28.249774645560592,28.249774645560592,798.049767524958,1.0624066257681593,11,Tuesday,12
2013-12-03 12:00:00,2639.1800000000017,2679.7698260703555,-40.589826070353865,40.589826070353865,1647.5339804215782,1.537971114905154,12,Tuesday,12
2013-12-03 12:30:00,2663.1420000000016,2617.272104071428,45.86989592857344,45.86989592857344,2104.0473524981585,1.722397676450351,12,Tuesday,12
2013-12-03 13:00:00,2658.4560000000065,2683.103716857141,-24.647716857134583,24.647716857134583,607.5099462694762,0.9271440586992797,13,Tuesday,12
2013-12-03 13:30:00,2656.4379999999965,2685.872330547618,-29.434330547621357,29.434330547621357,866.3798147866357,1.1080375505704028,13,Tuesday,12
2013-12-03 14:00:00,2710.666000000004,2675.0845071428557,35.58149285714808,35.58149285714808,1266.0426339432797,1.3126476245006957,14,Tuesday,12
2013-12-03 14:30:00,2772.443999999998,2752.40382411111,20.040175888887916,20.040175888887916,401.60864965756457,0.7228342894892712,14,Tuesday,12
2013-12-03 15:00:00,2921.4620000000023,2855.945476792568,65.51652320743415,65.51652320743415,4292.4148131902575,2.2425937153190456,15,Tuesday,12
2013-12-03 15:30:00,3101.3599999999974,3077.3512095555534,24.008790444444003,24.008790444444003,576.4220186052256,0.7741374895027995,15,Tuesday,12
2013-12-03 16:00:00,3401.380000000004,3307.879385714285,93.50061428571917,93.50061428571917,8742.36487180683,2.7489023362787766,16,Tuesday,12
2013-12-03 16:30:00,3687.916000000007,3726.7073851904775,-38.791385190470464,38.791385190470464,1504.7715649954512,1.0518511048101526,16,Tuesday,12
2013-12-03 17:00:00,3992.6599999999953,4037.3017794166662,-44.64177941667094,44.64177941667094,1992.8884694867054,1.1180961919289645,17,Tuesday,12
2013-12-03 17:30:00,4219.780000000005,4276.210009515154,-56.43000951514841,56.43000951514841,3184.3459738797405,1.337273732638866,17,Tuesday,12
2013-12-03 18:00:00,4281.398000000002,4424.238978376981,-142.84097837697936,142.84097837697936,20403.545103692686,3.3363162774630926,18,Tuesday,12
2013-12-03 18:30:00,4279.778000000004,4275.691033063489,4.086966936514727,4.086966936514727,16.703298740164577,0.09549483493103436,18,Tuesday,12
2013-12-03 19:00:00,4315.873999999985,4262.16202647691,53.71197352307536,53.71197352307536,2884.9760997435483,1.2445213535676793,19,Tuesday,12
2013-12-03 19:30:00,4501.152000000009,4309.39913778758,191.75286221242914,191.75286221242914,36769.16016665883,4.260084134293371,19,Tuesday,12
2013-12-03 20:00:00,4510.5099999999975,4474.803962789678,35.706037210319664,35.706037210319664,1274.9210932647325,0.7916186242868254,20,Tuesday,12
2013-12-03 20:30:00,4298.244000000011,4315.84735549603,-17.603355496019503,17.603355496019503,309.8781247192401,0.4095476081864934,20,Tuesday,12
2013-12-03 21:00:00,3954.4220000000105,4036.822793936508,-82.4007939364974,82.4007939364974,6789.890841365105,2.083763289211348,21,Tuesday,12
2013-12-03 21:30:00,3632.5039999999976,3645.1084223968273,-12.604422396829705,12.604422396829705,158.87146395770228,0.3469899110043571,21,Tuesday,12
2013-12-03 22:00:00,3213.6240000000003,3269.0167672619045,-55.39276726190428,55.39276726190428,3068.358664931495,1.7236853864019026,22,Tuesday,12
2013-12-03 22:30:00,2865.465999999998,2845.0618533372995,20.404146662698622,20.404146662698622,416.3292010329153,0.7120707997477072,22,Tuesday,12
2013-12-03 23:00:00,2548.6520000000023,2564.080345051588,-15.428345051585893,15.428345051585893,238.03383103079491,0.6053531455681622,23,Tuesday,12
2013-12-03 23:30:00,2333.438000000004,2327.971759488093,5.46624051191111,5.46624051191111,29.879785334058234,0.23425694241334458,23,Tuesday,12
2013-12-04 00:00:00,2147.452,2150.7666956190487,-3.314695619048507,3.314695619048507,10.987207046939366,0.154354817665238,0,Wednesday,12
2013-12-04 00:30:00,1999.587999999996,2003.945304273808,-4.357304273811906,4.357304273811906,18.9861005345795,0.2179101031718491,0,Wednesday,12
2013-12-04 01:00:00,1905.029999999996,1900.5715950793635,4.458404920632574,4.458404920632574,19.877374436320753,0.23403331814368192,1,Wednesday,12
2013-12-04 01:30:00,1833.2660000000008,1826.5948715079344,6.671128492066373,6.671128492066373,44.503955357659756,0.36389310073204706,1,Wednesday,12
2013-12-04 02:00:00,1789.888,1783.308373757936,6.579626242064023,6.579626242064023,43.29148148525754,0.3675998856947487,2,Wednesday,12
2013-12-04 02:30:00,1767.4279999999978,1739.8464210079346,27.581578992063214,27.581578992063214,760.7434996954229,1.5605489441189824,2,Wednesday,12
2013-12-04 03:00:00,1735.703999999995,1729.3688440952362,6.335155904758722,6.335155904758722,40.134200337599296,0.3649905689425582,3,Wednesday,12
2013-12-04 03:30:00,1739.222000000004,1715.3423067738083,23.87969322619574,23.87969322619574,570.2397485772187,1.373010071525986,3,Wednesday,12
2013-12-04 04:00:00,1783.3720000000048,1737.7286122380951,45.64338776190971,45.64338776190971,2083.318846384049,2.5593868111593983,4,Wednesday,12
2013-12-04 04:30:00,1859.807999999995,1864.1345931230155,-4.32659312302053,4.32659312302053,18.71940805216854,0.23263654759096325,4,Wednesday,12
2013-12-04 05:00:00,2033.3680000000063,2022.4754405833332,10.892559416673066,10.892559416673066,118.64785064575308,0.535690510358825,5,Wednesday,12
2013-12-04 05:30:00,2285.191999999999,2278.009704722222,7.18229527777703,7.18229527777703,51.58536545717822,0.31429723532101606,5,Wednesday,12
2013-12-04 06:00:00,2561.0479999999984,2561.256034473666,-0.20803447366779437,0.20803447366779437,0.04327834223423623,0.008123021265817529,6,Wednesday,12
2013-12-04 06:30:00,2885.185999999993,2903.0585597380937,-17.87255973810079,17.87255973810079,319.4283915919814,0.6194595335656292,6,Wednesday,12
2013-12-04 07:00:00,3072.437999999995,3107.0296150674576,-34.5916150674625,34.5916150674625,1196.5798329754987,1.1258686120749242,7,Wednesday,12
2013-12-04 07:30:00,3041.506,3096.003713511905,-54.497713511905204,54.497713511905204,2970.000778025695,1.7918002960344384,7,Wednesday,12
2013-12-04 08:00:00,2778.392000000005,2857.6118354523805,-79.21983545237572,79.21983545237572,6275.782329101485,2.851283600455788,8,Wednesday,12
2013-12-04 08:30:00,2682.379999999987,2694.7804842023816,-12.400484202394637,12.400484202394637,153.77200845383894,0.46229408966644164,8,Wednesday,12
2013-12-04 09:00:00,2642.368000000001,2633.3434268329856,9.024573167015205,9.024573167015205,81.44292084681085,0.34153354744741093,9,Wednesday,12
2013-12-04 09:30:00,2599.8059999999987,2616.2580777063504,-16.4520777063517,16.4520777063517,270.6708608558347,0.63281943754079,9,Wednesday,12
2013-12-04 10:00:00,2598.141999999993,2586.8136296626985,11.328370337294473,11.328370337294473,128.3319744988933,0.43601813670286316,10,Wednesday,12
2013-12-04 10:30:00,2705.4420000000014,2584.183003821429,121.25899617857249,121.25899617857249,14703.744154235057,4.482040131652145,10,Wednesday,12
2013-12-04 11:00:00,2732.302000000002,2757.523726969168,-25.221726969165957,25.221726969165957,636.1355113071534,0.9230944079082744,11,Wednesday,12
2013-12-04 11:30:00,2813.206000000005,2783.2050537579366,30.000946242068494,30.000946242068494,900.0567754194836,1.066432612544849,11,Wednesday,12
2013-12-04 12:00:00,2915.3360000000075,2866.538398492063,48.797601507944364,48.797601507944364,2381.2059129281342,1.6738242695848518,12,Wednesday,12
2013-12-04 12:30:00,2980.0860000000025,2965.6200595436494,14.46594045635311,14.46594045635311,209.2634332867536,0.4854202347299071,12,Wednesday,12
2013-12-04 13:00:00,3062.6539999999995,3028.796805531385,33.85719446861458,33.85719446861458,1146.3096172855858,1.1054854537474552,13,Wednesday,12
2013-12-04 13:30:00,3248.4219999999978,3126.7158824960297,121.70611750396802,121.70611750396802,14812.37903788967,3.746622744950259,13,Wednesday,12
2013-12-04 14:00:00,3362.239999999997,3320.859190722221,41.38080927777628,41.38080927777628,1712.3713764836955,1.2307512038931283,14,Wednesday,12
2013-12-04 14:30:00,3583.054000000007,3446.858056563493,136.19594343651397,136.19594343651397,18549.335008562113,3.8011133361795193,14,Wednesday,12
2013-12-04 15:00:00,3864.776000000001,3775.448755595237,89.32724440476431,89.32724440476431,7979.356592948498,2.3113175098573446,15,Wednesday,12
2013-12-04 15:30:00,4120.715999999992,4134.382264936506,-13.666264936513471,13.666264936513471,186.76679731497754,0.3316478237401825,15,Wednesday,12
2013-12-04 16:00:00,4396.389999999998,4417.210503067457,-20.820503067458958,20.820503067458958,433.49334798206786,0.4735818038767937,16,Wednesday,12
2013-12-04 16:30:00,4796.525999999998,4669.282364972223,127.24363502777487,127.24363502777487,16190.942655081577,2.652829048102208,16,Wednesday,12
2013-12-04 17:00:00,5169.819999999994,5083.026201420631,86.79379857936328,86.79379857936328,7533.163471835084,1.678855329186768,17,Wednesday,12
2013-12-04 17:30:00,5376.874000000006,5380.800590880951,-3.9265908809447865,3.9265908809447865,15.418115946318755,0.07302739251365722,17,Wednesday,12
2013-12-04 18:00:00,5604.523999999998,5368.854100309524,235.66989969047336,235.66989969047336,55540.301620117774,4.2049940314373435,18,Wednesday,12
2013-12-04 18:30:00,5554.572000000003,5581.704425908728,-27.132425908725054,27.132425908725054,736.1685356924546,0.48847014511154124,18,Wednesday,12
2013-12-04 19:00:00,5450.022000000001,5309.282569321068,140.73943067893288,140.73943067893288,19807.58734783015,2.5823644506193344,19,Wednesday,12
2013-12-04 19:30:00,5488.932000000015,5236.991661900793,251.94033809922257,251.94033809922257,63473.93396155058,4.589970108925049,19,Wednesday,12
2013-12-04 20:00:00,5444.202000000009,5321.272646218251,122.92935378175844,122.92935378175844,15111.626021200727,2.2579866393965218,20,Wednesday,12
2013-12-04 20:30:00,5194.736000000001,5285.327534492062,-90.59153449206133,90.59153449206133,8206.826121626338,1.743910267856948,20,Wednesday,12
2013-12-04 21:00:00,4839.541999999992,5001.828669714287,-162.28666971429448,162.28666971429448,26336.963166956502,3.3533476869153063,21,Wednesday,12
2013-12-04 21:30:00,4403.148000000003,4627.491016136364,-224.34301613636126,224.34301613636126,50329.788889159645,5.095059628619367,21,Wednesday,12
2013-12-04 22:00:00,3921.087999999984,3961.495471134919,-40.40747113493535,40.40747113493535,1632.7637235206334,1.0305168140815895,22,Wednesday,12
2013-12-04 22:30:00,3465.2299999999886,3486.185563714285,-20.955563714296204,20.955563714296204,439.1356505839277,0.6047380322315191,22,Wednesday,12
2013-12-04 23:00:00,3023.7540000000013,3094.2346199365047,-70.48061993650344,70.48061993650344,4967.517786633847,2.330897947931724,23,Wednesday,12
2013-12-04 23:30:00,2763.231999999996,2728.671145297621,34.560854702374854,34.560854702374854,1194.4526777586661,1.2507402455666012,23,Wednesday,12
2013-12-05 00:00:00,2597.531999999987,2499.269370476192,98.26262952379511,98.26262952379511,9655.544360930611,3.782922771453657,0,Thursday,12
2013-12-05 00:30:00,2433.284000000001,2385.297038497253,47.98696150274782,47.98696150274782,2302.748474266201,1.9721068935129562,0,Thursday,12
2013-12-05 01:00:00,2301.688,2279.2873202103165,22.400679789683636,22.400679789683636,501.7904550399409,0.9732283345824297,1,Thursday,12
2013-12-05 01:30:00,2233.577999999991,2192.553356535714,41.02464346427678,41.02464346427678,1683.0213713710273,1.8367231170918117,1,Thursday,12
2013-12-05 02:00:00,2177.2140000000063,2124.234745904761,52.979254095245324,52.979254095245324,2806.801364488568,2.433350791205879,2,Thursday,12
2013-12-05 02:30:00,2128.9379999999987,2096.4901644444435,32.44783555555523,32.44783555555523,1052.8620322403542,1.524132480868642,2,Thursday,12
2013-12-05 03:00:00,2069.803999999998,2062.493187821427,7.310812178570814,7.310812178570814,53.447974710339324,0.3532127765996597,3,Thursday,12
2013-12-05 03:30:00,2074.472000000004,2023.3609146904769,51.11108530952697,51.11108530952697,2612.3430415177436,2.4638117703939546,3,Thursday,12
2013-12-05 04:00:00,2057.592000000001,2052.5291441309514,5.062855869049599,5.062855869049599,25.632509550769974,0.24605732667358723,4,Thursday,12
2013-12-05 04:30:00,2160.1519999999973,2084.698342817459,75.45365718253834,75.45365718253834,5693.254382220019,3.4929790673313006,4,Thursday,12
2013-12-05 05:00:00,2295.098000000004,2327.604832007935,-32.506832007930825,32.506832007930825,1056.694127191836,1.416359214636184,5,Thursday,12
2013-12-05 05:30:00,2467.993999999997,2506.485374337302,-38.49137433730493,38.49137433730493,1481.5858983745368,1.5596218766052503,5,Thursday,12
2013-12-05 06:00:00,2686.095999999994,2744.9914105238104,-58.89541052381628,58.89541052381628,3468.6693807688494,2.192602592156662,6,Thursday,12
2013-12-05 06:30:00,3060.9639999999954,3041.65312327381,19.310876726185597,19.310876726185597,372.9099599339366,0.6308756563679163,6,Thursday,12
2013-12-05 07:00:00,3278.041999999992,3226.8212034246044,51.220796575387794,51.220796575387794,2623.570001817258,1.5625424132878076,7,Thursday,12
2013-12-05 07:30:00,3226.124000000008,3299.71094992857,-73.58694992856181,73.58694992856181,5415.039199788663,2.2809709090091275,7,Thursday,12
2013-12-05 08:00:00,3054.416000000002,3061.429521011902,-7.0135210119001385,7.0135210119001385,49.189476984364745,0.22961905031600588,8,Thursday,12
2013-12-05 08:30:00,2921.007999999999,2912.359747333332,8.648252666666849,8.648252666666849,74.79227418651027,0.2960708312564311,8,Thursday,12
2013-12-05 09:00:00,2880.337999999997,2856.3542812216115,23.983718778385537,23.983718778385537,575.218766440683,0.8326702900279606,9,Thursday,12
2013-12-05 09:30:00,2867.4580000000046,2848.8120893250352,18.6459106749694,18.6459106749694,347.66998489893786,0.6502592426800801,9,Thursday,12
2013-12-05 10:00:00,2818.903999999998,2849.9042272337665,-31.000227233768328,31.000227233768328,961.0140885452715,1.0997262494135434,10,Thursday,12
2013-12-05 10:30:00,2795.0300000000047,2808.349371948411,-13.319371948406115,13.319371948406115,177.4056690999877,0.4765377097349972,10,Thursday,12
2013-12-05 11:00:00,2799.794000000012,2787.112502993297,12.68149700671529,12.68149700671529,160.82036633132887,0.4529439311147619,11,Thursday,12
2013-12-05 11:30:00,2837.2420000000047,2808.867048367604,28.374951632400553,28.374951632400553,805.1378801410708,1.0000892286382517,11,Thursday,12
2013-12-05 12:00:00,2798.610000000001,2845.6991014761898,-47.089101476188716,47.089101476188716,2217.383477834798,1.6825889093581705,12,Thursday,12
2013-12-05 12:30:00,2835.306000000001,2801.280546033549,34.025453966452005,34.025453966452005,1157.7315176231446,1.2000628491757854,12,Thursday,12
2013-12-05 13:00:00,2773.676000000001,2825.814336630951,-52.13833663095011,52.13833663095011,2718.4061466422736,1.879755841379818,13,Thursday,12
2013-12-05 13:30:00,2741.4239999999995,2754.448336897665,-13.024336897665307,13.024336897665307,169.63335162388597,0.47509385259869724,13,Thursday,12
2013-12-05 14:00:00,2698.0979999999977,2719.226758666992,-21.128758666994145,21.128758666994145,446.4244428080802,0.7830982665193837,14,Thursday,12
2013-12-05 14:30:00,2697.3599999999983,2689.4772558495115,7.882744150486815,7.882744150486815,62.137655342034094,0.292239232081992,14,Thursday,12
2013-12-05 15:00:00,2898.43800000001,2802.688871730159,95.7491282698511,95.7491282698511,9167.8955644364,3.303473397390276,15,Thursday,12
2013-12-05 15:30:00,2983.120000000007,3161.333794134922,-178.21379413491468,178.21379413491468,31760.15641996175,5.97407392712711,15,Thursday,12
2013-12-05 16:00:00,3058.9039999999995,3265.443941424602,-206.5399414246026,206.5399414246026,42658.74740367827,6.752089683906479,16,Thursday,12
2013-12-05 16:30:00,3304.36,3342.722687523808,-38.362687523807836,38.362687523807836,1471.6957940493214,1.1609717925349488,16,Thursday,12
2013-12-05 17:00:00,3565.620000000008,3653.271576880953,-87.65157688094496,87.65157688094496,7682.798929716205,2.4582422378420796,17,Thursday,12
2013-12-05 17:30:00,3701.437999999997,4026.158300821429,-324.7203008214319,324.7203008214319,105443.27376556124,8.772814803906812,17,Thursday,12
2013-12-05 18:00:00,3788.647999999997,4085.589264706349,-296.94126470635183,296.94126470635183,88174.11468540771,7.837657779407115,18,Thursday,12
2013-12-05 18:30:00,3891.172,4120.8842231746,-229.71222317460024,229.71222317460024,52767.70547581735,5.903419925271878,18,Thursday,12
2013-12-05 19:00:00,3900.46,4123.573795801588,-223.1137958015879,223.1137958015879,49779.76587699267,5.720191869717621,19,Thursday,12
2013-12-05 19:30:00,4098.306000000002,4058.576667952383,39.72933204761921,39.72933204761921,1578.4198249499827,0.9694086299953978,19,Thursday,12
2013-12-05 20:00:00,4117.974000000007,4147.948510000003,-29.974509999995462,29.974509999995462,898.471249739828,0.727894590883658,20,Thursday,12
2013-12-05 20:30:00,3951.0860000000175,4116.143900690475,-165.05790069045725,165.05790069045725,27244.110580340846,4.177532473108824,20,Thursday,12
2013-12-05 21:00:00,3759.895999999993,3833.7488998492063,-73.85289984921337,73.85289984921337,5454.250816137941,1.9642271980186026,21,Thursday,12
2013-12-05 21:30:00,3470.4780000000114,3587.1636656428564,-116.68566564284492,116.68566564284492,13615.5445665138,3.3622361427689365,21,Thursday,12
2013-12-05 22:00:00,3100.2500000000005,3217.145310476187,-116.89531047618675,116.89531047618675,13664.513611324095,3.7705123933936533,22,Thursday,12
2013-12-05 22:30:00,2782.082,2820.9219066984137,-38.83990669841387,38.83990669841387,1508.5383523414946,1.3960733974920174,22,Thursday,12
2013-12-05 23:00:00,2458.342000000001,2530.1459227142864,-71.80392271428536,71.80392271428536,5155.803317159066,2.920827236986771,23,Thursday,12
2013-12-05 23:30:00,2223.8699999999976,2238.894696956348,-15.024696956350454,15.024696956350454,225.74151863016658,0.6756103979257092,23,Thursday,12
2013-12-06 00:00:00,2048.871999999993,2067.605170369048,-18.733170369055188,18.733170369055188,350.9316720760473,0.914316285695507,0,Friday,12
2013-12-06 00:30:00,1933.244000000004,1948.0862025793635,-14.842202579359537,14.842202579359537,220.2909774067469,0.7677356080949692,0,Friday,12
2013-12-06 01:00:00,1858.694000000001,1871.689881214284,-12.995881214282917,12.995881214282917,168.89292853575162,0.6991942306954727,1,Friday,12
2013-12-06 01:30:00,1798.9140000000025,1824.7997592261895,-25.88575922618702,25.88575922618702,670.0725307161264,1.4389659108877346,1,Friday,12
2013-12-06 02:00:00,1730.2979999999975,1768.8108224246023,-38.51282242460479,38.51282242460479,1483.2374911091417,2.225791304422987,2,Friday,12
2013-12-06 02:30:00,1721.9639999999986,1749.1676266984125,-27.203626698413927,27.203626698413927,740.037305546659,1.5798022896189436,2,Friday,12
2013-12-06 03:00:00,1667.3060000000012,1742.8197864206354,-75.51378642063423,75.51378642063423,5702.331939581163,4.529089826380652,3,Friday,12
2013-12-06 03:30:00,1712.054,1732.3550139047616,-20.301013904761476,20.301013904761476,412.13116556131877,1.1857694853527678,3,Friday,12
2013-12-06 04:00:00,1722.9300000000032,1775.3212419087288,-52.39124190872553,52.39124190872553,2744.842228738599,3.0408224309011644,4,Friday,12
2013-12-06 04:30:00,1863.611999999994,1829.0617948333336,34.55020516666036,34.55020516666036,1193.7166770583244,1.853937684811027,4,Friday,12
2013-12-06 05:00:00,2044.4139999999948,2024.9262881428551,19.48771185713963,19.48771185713963,379.7709134269005,0.9532174920118761,5,Friday,12
2013-12-06 05:30:00,2215.8879999999904,2281.8155141388893,-65.92751413889891,65.92751413889891,4346.437120534716,2.9752186996318946,5,Friday,12
2013-12-06 06:00:00,2479.92199999999,2502.609715555556,-22.687715555565774,22.687715555565774,514.7324371302611,0.9148560138409944,6,Friday,12
2013-12-06 06:30:00,2865.568000000013,2800.300968468256,65.26703153175686,65.26703153175686,4259.785404967344,2.2776298287723957,6,Friday,12
2013-12-06 07:00:00,3091.7399999999952,3089.2879773928544,2.4520226071408615,2.4520226071408615,6.012414865929868,0.07930882309446673,7,Friday,12
2013-12-06 07:30:00,3052.240000000002,3203.208740126984,-150.96874012698208,150.96874012698208,22791.56049552825,4.9461621670308356,7,Friday,12
2013-12-06 08:00:00,2928.304000000011,2902.155153809524,26.148846190486893,26.148846190486893,683.7621570937409,0.8929689742078281,8,Friday,12
2013-12-06 08:30:00,2743.5939999999923,2853.58308783333,-109.98908783333763,109.98908783333763,12097.59944240966,4.008941841735255,8,Friday,12
2013-12-06 09:00:00,2722.927999999996,2665.53300775,57.394992249995994,57.394992249995994,3294.1851353771003,2.107840980370986,9,Friday,12
2013-12-06 09:30:00,2590.6199999999903,2667.011553948412,-76.39155394842146,76.39155394842146,5835.669514654586,2.9487749630753157,9,Friday,12
2013-12-06 10:00:00,2556.4819999999945,2598.4967203888896,-42.01472038889506,42.01472038889506,1765.236729357034,1.6434584866584292,10,Friday,12
2013-12-06 10:30:00,2607.9759999999906,2568.1860121309523,39.789987869038214,39.789987869038214,1583.2431346182082,1.5257037591234872,10,Friday,12
2013-12-06 11:00:00,2571.801999999997,2615.794226758981,-43.99222675898409,43.99222675898409,1935.3160152138757,1.710560407021386,11,Friday,12
2013-12-06 11:30:00,2582.71,2598.6386531904755,-15.928653190475416,15.928653190475416,253.72199246244264,0.6167418405657397,11,Friday,12
2013-12-06 12:00:00,2651.434000000003,2605.254693353176,46.17930664682672,46.17930664682672,2132.528362381654,1.741672870108276,12,Friday,12
2013-12-06 12:30:00,2589.3339999999885,2664.1468339642843,-74.8128339642958,74.8128339642958,5596.960125769292,2.8892693628669046,12,Friday,12
2013-12-06 13:00:00,2528.379999999997,2598.743261829365,-70.36326182936818,70.36326182936818,4950.988615268222,2.7829385547017567,13,Friday,12
2013-12-06 13:30:00,2563.6460000000097,2534.8576352738087,28.788364726201053,28.788364726201053,828.769943608777,1.1229461761179564,13,Friday,12
2013-12-06 14:00:00,2494.726000000004,2601.139095087301,-106.41309508729682,106.41309508729682,11323.746806058076,4.2655223494402446,14,Friday,12
2013-12-06 14:30:00,2526.918,2523.3780040595234,3.5399959404767287,3.5399959404767287,12.531571258591718,0.14009144501233237,14,Friday,12
2013-12-06 15:00:00,2657.873999999995,2623.690463880956,34.18353611903876,34.18353611903876,1168.5141416016277,1.2861232744305724,15,Friday,12
2013-12-06 15:30:00,2781.059999999999,2805.1431932976147,-24.083193297615708,24.083193297615708,580.0001994103221,0.8659717265221073,15,Friday,12
2013-12-06 16:00:00,2906.492000000007,2987.6835395833327,-81.19153958332572,81.19153958332572,6592.066099910748,2.7934547758371786,16,Friday,12
2013-12-06 16:30:00,3097.039999999997,3175.790810333336,-78.75081033333936,78.75081033333936,6201.690128157589,2.542776662017263,16,Friday,12
2013-12-06 17:00:00,3313.049999999998,3371.125206678573,-58.07520667857489,58.07520667857489,3372.729630759189,1.7529227352009453,17,Friday,12
2013-12-06 17:30:00,3481.3099999999954,3657.534138928573,-176.22413892857776,176.22413892857776,31054.947141118675,5.062006512737389,17,Friday,12
2013-12-06 18:00:00,3558.250000000005,3782.0837961904745,-223.83379619046946,223.83379619046946,50101.56831703662,6.290558454028501,18,Friday,12
2013-12-06 18:30:00,3704.462000000012,3920.893779440477,-216.4317794404651,216.4317794404651,46842.71515176613,5.842461859251476,18,Friday,12
2013-12-06 19:00:00,3763.376,3940.530797563493,-177.1547975634926,177.1547975634926,31383.82229976204,4.707337177138095,19,Friday,12
2013-12-06 19:30:00,3907.0980000000127,3982.366709408732,-75.26870940871913,75.26870940871913,5665.378616054204,1.926460749352048,19,Friday,12
2013-12-06 20:00:00,3934.370000000009,4059.061043071431,-124.69104307142197,124.69104307142197,15547.85622223921,3.1692759723010724,20,Friday,12
2013-12-06 20:30:00,3760.351999999994,4014.231517547621,-253.87951754762707,253.87951754762707,64454.809430215886,6.751482774687781,20,Friday,12
2013-12-06 21:00:00,3624.4880000000026,3652.132721567459,-27.6447215674566,27.6447215674566,764.2306305422001,0.7627207364862728,21,Friday,12
2013-12-06 21:30:00,3359.663999999997,3514.835123094875,-155.1711230948781,155.1711230948781,24078.077442525817,4.618650052352803,21,Friday,12
2013-12-06 22:00:00,3132.728000000002,3107.24641409524,25.481585904761687,25.481585904761687,649.3112202217495,0.8133992451550748,22,Friday,12
2013-12-06 22:30:00,2841.460000000003,2860.275746142854,-18.815746142850912,18.815746142850912,354.032302912209,0.662185853147709,22,Friday,12
2013-12-06 23:00:00,2595.0799999999945,2593.51265832179,1.5673416782046843,1.5673416782046843,2.456559936237476,0.060396661305419784,23,Friday,12
2013-12-06 23:30:00,2395.775999999994,2351.975883892856,43.80011610713791,43.80011610713791,1918.450170998762,1.8282225094139861,23,Friday,12
2013-12-07 00:00:00,2217.2719999999936,2193.5982506190458,23.67374938094781,23.67374938094781,560.4464097519268,1.0676971242566486,0,Saturday,12
2013-12-07 00:30:00,2075.8759999999947,2066.672372797619,9.203627202375628,9.203627202375628,84.70675368030864,0.4433611257308072,0,Saturday,12
2013-12-07 01:00:00,1943.1579999999965,1975.0565846785687,-31.898584678572206,31.898584678572206,1017.5197044960415,1.6415847130584476,1,Saturday,12
2013-12-07 01:30:00,1853.606,1867.3280363809504,-13.722036380950385,13.722036380950385,188.29428244012595,0.7402887334714273,1,Saturday,12
2013-12-07 02:00:00,1799.569999999998,1787.3909145595233,12.179085440474637,12.179085440474637,148.33012216638127,0.6767775324368961,2,Saturday,12
2013-12-07 02:30:00,1749.3839999999952,1738.0010397420615,11.382960257933746,11.382960257933746,129.5717842336991,0.650683912619172,2,Saturday,12
2013-12-07 03:00:00,1725.404000000004,1705.2194201071418,20.184579892862303,20.184579892862303,407.41726545134117,1.1698465920365464,3,Saturday,12
2013-12-07 03:30:00,1695.976000000002,1702.4849283809513,-6.508928380949328,6.508928380949328,42.36614866832764,0.3837865854793535,3,Saturday,12
2013-12-07 04:00:00,1694.365999999998,1705.006421273809,-10.640421273811171,10.640421273811171,113.21856488417335,0.6279883610631459,4,Saturday,12
2013-12-07 04:30:00,1726.1179999999988,1753.7835264523808,-27.665526452381982,27.665526452381982,765.3813538874472,1.6027598607037297,4,Saturday,12
2013-12-07 05:00:00,1852.5820000000035,1802.748337785716,49.833662214287415,49.833662214287415,2483.393889687697,2.6899571632611847,5,Saturday,12
2013-12-07 05:30:00,1952.1020000000003,1999.592683924601,-47.49068392460072,47.49068392460072,2255.3650596263287,2.4327972577560346,5,Saturday,12
2013-12-07 06:00:00,2131.987999999993,2088.231173944444,43.75682605554903,43.75682605554903,1914.6598264555741,2.052395513274426,6,Saturday,12
2013-12-07 06:30:00,2394.9839999999976,2399.6018332954573,-4.617833295459604,4.617833295459604,21.32438434465531,0.19281269918544797,6,Saturday,12
2013-12-07 07:00:00,2683.468000000003,2712.5572058650787,-29.089205865075655,29.089205865075655,846.1818978607519,1.084015381032143,7,Saturday,12
2013-12-07 07:30:00,2897.156000000002,2969.2372123134937,-72.0812123134915,72.0812123134915,5195.701168582639,2.487999000174359,7,Saturday,12
2013-12-07 08:00:00,2984.3340000000007,3074.7995108253963,-90.46551082539554,90.46551082539554,8184.008648899758,3.03134672008547,8,Saturday,12
2013-12-07 08:30:00,3111.6319999999937,3044.9923244841257,66.63967551586802,66.63967551586802,4440.84635286018,2.141630999934059,8,Saturday,12
2013-12-07 09:00:00,3095.268,3153.695015503968,-58.42701550396805,58.42701550396805,3413.716140700923,1.8876238020090037,9,Saturday,12
2013-12-07 09:30:00,3105.894000000005,3086.2471146984126,19.646885301592192,19.646885301592192,386.0001020539193,0.6325677985659576,9,Saturday,12
2013-12-07 10:00:00,3043.927999999996,3096.29372093254,-52.365720932544264,52.365720932544264,2742.1687287851046,1.7203337573209465,10,Saturday,12
2013-12-07 10:30:00,3112.1360000000054,3004.8502198174624,107.28578018254302,107.28578018254302,11510.238629376941,3.4473358549415205,10,Saturday,12
2013-12-07 11:00:00,3113.3499999999976,3112.162537642857,1.1874623571407028,1.1874623571407028,1.410066849626154,0.03814098502065954,11,Saturday,12
2013-12-07 11:30:00,3146.5780000000004,3110.008550579365,36.569449420635465,36.569449420635465,1337.3246309284154,1.1621974545247395,11,Saturday,12
2013-12-07 12:00:00,3133.1239999999984,3148.1800445863337,-15.056044586335247,15.056044586335247,226.68447858571488,0.4805441657060255,12,Saturday,12
2013-12-07 12:30:00,3154.170000000003,3140.6177267188946,13.552273281108228,13.552273281108228,183.66411108583998,0.4296621070236612,12,Saturday,12
2013-12-07 13:00:00,3105.598000000002,3153.819196672035,-48.22119667203333,48.22119667203333,2325.283808482918,1.5527185640908225,13,Saturday,12
2013-12-07 13:30:00,3043.442000000007,3116.573152064892,-73.1311520648851,73.1311520648851,5348.1654023373485,2.40290933965178,13,Saturday,12
2013-12-07 14:00:00,3076.2939999999994,3004.191042412698,72.10295758730126,72.10295758730126,5198.836492836164,2.343825316673285,14,Saturday,12
2013-12-07 14:30:00,3071.099999999996,3078.119112900792,-7.0191129007962445,7.0191129007962445,49.26794591412427,0.2285537071666912,14,Saturday,12
2013-12-07 15:00:00,3182.689999999992,3120.536670440477,62.15332955951499,62.15332955951499,3863.036375333679,1.9528552752393462,15,Saturday,12
2013-12-07 15:30:00,3237.985999999999,3265.9417982222217,-27.95579822222271,27.95579822222271,781.5266542416305,0.8633699534903091,15,Saturday,12
2013-12-07 16:00:00,3439.027999999996,3380.219871944445,58.80812805555115,58.80812805555115,3458.3959253981025,1.7100217868406775,16,Saturday,12
2013-12-07 16:30:00,3539.727999999987,3712.704306301588,-172.9763063016012,172.9763063016012,29920.802541745357,4.886711812365296,16,Saturday,12
2013-12-07 17:00:00,3748.855999999996,3788.196119261907,-39.340119261910786,39.340119261910786,1547.6449835413641,1.0493899808877916,17,Saturday,12
2013-12-07 17:30:00,3838.634000000017,3947.054411416668,-108.42041141665095,108.42041141665095,11754.985611755856,2.824452954270985,17,Saturday,12
2013-12-07 18:00:00,3847.043999999999,4023.700467349208,-176.65646734920892,176.65646734920892,31207.50745630212,4.592005377354899,18,Saturday,12
2013-12-07 18:30:00,3799.271999999995,4027.594893980158,-228.32289398016292,228.32289398016292,52131.34391547672,6.009648532144138,18,Saturday,12
2013-12-07 19:00:00,3791.6479999999938,3876.49141286508,-84.84341286508607,84.84341286508607,7198.404706595452,2.2376394872384306,19,Saturday,12
2013-12-07 19:30:00,3869.5220000000095,3879.830566559523,-10.308566559513565,10.308566559513565,106.26654451192134,0.26640413362460635,19,Saturday,12
2013-12-07 20:00:00,3890.074000000011,3920.663660186508,-30.589660186496985,30.589660186496985,935.7273103253588,0.7863516268969922,20,Saturday,12
2013-12-07 20:30:00,3732.607999999999,3926.551115519841,-193.9431155198422,193.9431155198422,37613.93205754286,5.1959143719308925,20,Saturday,12
2013-12-07 21:00:00,3597.3839999999927,3640.403264246029,-43.01926424603607,43.01926424603607,1850.6570962702776,1.195848545666411,21,Saturday,12
2013-12-07 21:30:00,3444.492,3498.665427282105,-54.17342728210497,54.17342728210497,2934.760223489515,1.5727552069247066,21,Saturday,12
2013-12-07 22:00:00,3190.391999999996,3192.826361023809,-2.434361023812926,2.434361023812926,5.926113594259516,0.07630288139554414,22,Saturday,12
2013-12-07 22:30:00,2953.59599999999,2957.280044507938,-3.684044507947874,3.684044507947874,13.572183936540894,0.12473081992079779,22,Saturday,12
2013-12-07 23:00:00,2683.488000000001,2676.3824462857133,7.1055537142879075,7.1055537142879075,50.48889358663068,0.26478798169725015,23,Saturday,12
2013-12-07 23:30:00,2463.871999999993,2429.350993250001,34.52100674999201,34.52100674999201,1191.699907032994,1.401087668109062,23,Saturday,12
2013-12-08 00:00:00,2300.7319999999954,2270.375118119047,30.35688188094855,30.35688188094855,921.5402775338623,1.3194445020518952,0,Sunday,12
2013-12-08 00:30:00,2137.675999999996,2144.137083488094,-6.461083488098211,6.461083488098211,41.745599840175345,0.30224802486898034,0,Sunday,12
2013-12-08 01:00:00,1999.353999999996,2022.375682793648,-23.021682793651962,23.021682793651962,529.9978786515308,1.1514560599899772,1,Sunday,12
2013-12-08 01:30:00,1935.348,1908.5575999325383,26.790400067461633,26.790400067461633,717.7255357746483,1.3842678457549562,1,Sunday,12
2013-12-08 02:00:00,1873.8160000000023,1867.0904742554096,6.725525744592687,6.725525744592687,45.23269654117902,0.35892135324880775,2,Sunday,12
2013-12-08 02:30:00,1815.9380000000049,1823.544799571428,-7.606799571423153,7.606799571423153,57.86339971980346,0.41889092972464553,2,Sunday,12
2013-12-08 03:00:00,1732.9199999999994,1769.1241365119035,-36.20413651190415,36.20413651190415,1310.7395005725914,2.089198376838179,3,Sunday,12
2013-12-08 03:30:00,1731.8060000000053,1706.9613867023795,24.844613297625756,24.844613297625756,617.2548099085625,1.4346071845013635,3,Sunday,12
2013-12-08 04:00:00,1710.592000000005,1713.8140026071424,-3.222002607137256,3.222002607137256,10.381300800399273,0.18835599647006687,4,Sunday,12
2013-12-08 04:30:00,1737.255999999998,1735.6197993809512,1.6362006190468037,1.6362006190468037,2.6771524657691437,0.09418304608225878,4,Sunday,12
2013-12-08 05:00:00,1803.924000000001,1805.7014389404749,-1.777438940473985,1.777438940473985,3.1592891871132824,0.09853180846166379,5,Sunday,12
2013-12-08 05:30:00,1842.903999999992,1906.6264844523807,-63.7224844523887,63.7224844523887,4060.5550247849196,3.457721316595383,5,Sunday,12
2013-12-08 06:00:00,2029.1380000000047,2004.0636052182535,25.074394781751153,25.074394781751153,628.7252736711094,1.235716584172742,6,Sunday,12
2013-12-08 06:30:00,2250.0579999999977,2244.787552202382,5.270447797615816,5.270447797615816,27.777619987393404,0.23423608625270198,6,Sunday,12
2013-12-08 07:00:00,2502.226000000008,2567.816231297621,-65.59023129761317,65.59023129761317,4302.0784416743945,2.6212752684055305,7,Sunday,12
2013-12-08 07:30:00,2816.275999999997,2816.928108742065,-0.6521087420678668,0.6521087420678668,0.42524581148133567,0.023155001216779447,7,Sunday,12
2013-12-08 08:00:00,3097.7460000000024,3019.1521280277766,78.59387197222577,78.59387197222577,6176.996711586616,2.5371309323690747,8,Sunday,12
2013-12-08 08:30:00,3214.4319999999907,3207.8293511388897,6.602648861100988,6.602648861100988,43.594971982998175,0.2054063940721411,8,Sunday,12
2013-12-08 09:00:00,3211.629999999999,3249.933754503244,-38.30375450324482,38.30375450324482,1467.1776090448477,1.1926577626701964,9,Sunday,12
2013-12-08 09:30:00,3239.5479999999948,3216.3830620736926,23.164937926302173,23.164937926302173,536.6143491294329,0.7150669762047733,9,Sunday,12
2013-12-08 10:00:00,3232.2119999999986,3191.5138615795418,40.69813842045687,40.69813842045687,1656.3384708906676,1.2591419876065335,10,Sunday,12
2013-12-08 10:30:00,3266.14999999999,3196.281185894253,69.86881410573687,69.86881410573687,4881.651184542016,2.1391795877634854,10,Sunday,12
2013-12-08 11:00:00,3250.644000000005,3260.6102449698856,-9.96624496988079,9.96624496988079,99.32603879967415,0.306592938810918,11,Sunday,12
2013-12-08 11:30:00,3327.0880000000025,3215.613437175306,111.47456282469648,111.47456282469648,12426.578156957201,3.350514408536726,11,Sunday,12
2013-12-08 12:00:00,3384.47,3355.553310829366,28.916689170633617,28.916689170633617,836.1749125910395,0.8543934255772283,12,Sunday,12
2013-12-08 12:30:00,3370.0439999999894,3393.6534052686493,-23.609405268659884,23.609405268659884,557.4040171398251,0.7005666771312172,12,Sunday,12
2013-12-08 13:00:00,3431.176,3355.312222000792,75.86377799920774,75.86377799920774,5755.312812313076,2.2110138914240407,13,Sunday,12
2013-12-08 13:30:00,3452.6420000000003,3436.0785211400544,16.563478859945917,16.563478859945917,274.34883194387527,0.47973345802854495,13,Sunday,12
2013-12-08 14:00:00,3551.239999999997,3485.8022244642843,65.43777553571272,65.43777553571272,4282.102467062322,1.8426739824881668,14,Sunday,12
2013-12-08 14:30:00,3626.386000000005,3674.9346823333326,-48.54868233332763,48.54868233332763,2356.9745563023585,1.3387621266276553,14,Sunday,12
2013-12-08 15:00:00,3696.961999999996,3778.35664868254,-81.3946486825439,81.3946486825439,6625.088834154746,2.2016631137280824,15,Sunday,12
2013-12-08 15:30:00,3911.194000000005,3787.7883427308784,123.40565726912655,123.40565726912655,15228.956246025127,3.1551914139039483,15,Sunday,12
2013-12-08 16:00:00,4107.996000000006,4141.6800847619015,-33.684084761895974,33.684084761895974,1134.6175662465926,0.819963913350839,16,Sunday,12
2013-12-08 16:30:00,4332.020000000009,4286.843024904761,45.17697509524805,45.17697509524805,2040.9590787566628,1.0428616464200988,16,Sunday,12
2013-12-08 17:00:00,4594.308000000013,4499.316119107142,94.99188089287054,94.99188089287054,9023.457435565304,2.0675993183928956,17,Sunday,12
2013-12-08 17:30:00,4726.042000000006,4800.142046047613,-74.10004604760707,74.10004604760707,5490.8168242574875,1.5679091732068182,17,Sunday,12
2013-12-08 18:00:00,4841.257999999996,4888.407123527778,-47.14912352778174,47.14912352778174,2223.0398494380215,0.9739023106758983,18,Sunday,12
2013-12-08 18:30:00,4833.743999999999,4886.539930535714,-52.79593053571534,52.79593053571534,2787.41028113208,1.09223679482644,18,Sunday,12
2013-12-08 19:00:00,4788.077999999995,4858.658115742064,-70.58011574206921,70.58011574206921,4981.552738163886,1.4740803249669132,19,Sunday,12
2013-12-08 19:30:00,4781.024000000012,4651.4682746085855,129.55572539142668,129.55572539142668,16784.68598169876,2.709790316706763,19,Sunday,12
2013-12-08 20:00:00,4824.274000000006,4603.50163573557,220.77236426443596,220.77236426443596,48740.4368229088,4.5762816180099986,20,Sunday,12
2013-12-08 20:30:00,4554.699999999993,4679.384144483402,-124.684144483409,124.684144483409,15546.135885559612,2.7374831379324474,20,Sunday,12
2013-12-08 21:00:00,4227.137999999997,4291.690408806393,-64.55240880639576,64.55240880639576,4167.013482708041,1.527094899821009,21,Sunday,12
2013-12-08 21:30:00,3890.1900000000032,3956.23329279762,-66.04329279761669,66.04329279761669,4361.716523551728,1.6976881025763941,21,Sunday,12
2013-12-08 22:00:00,3490.7960000000035,3535.2867818769864,-44.490781876982965,44.490781876982965,1979.4296720252757,1.2745168115519476,22,Sunday,12
2013-12-08 22:30:00,3061.815999999997,3144.197290198409,-82.38129019841199,82.38129019841199,6786.6769747549715,2.6906022503772946,22,Sunday,12
2013-12-08 23:00:00,2749.070000000004,2767.078256325397,-18.008256325393177,18.008256325393177,324.29729588106335,0.6550672163820184,23,Sunday,12
2013-12-08 23:30:00,2485.992000000007,2497.2160200634926,-11.224020063485568,11.224020063485568,125.97862638552658,0.4514905946393044,23,Sunday,12
2013-12-09 00:00:00,2312.809999999999,2282.7424890396837,30.067510960315303,30.067510960315303,904.0552153486809,1.300042414219729,0,Monday,12
2013-12-09 00:30:00,2173.554,2175.757769047619,-2.203769047619062,2.203769047619062,4.8565980152438275,0.10139012178299052,0,Monday,12
2013-12-09 01:00:00,2087.736,2052.7587289166668,34.97727108333311,34.97727108333311,1223.4094924369704,1.675368489278966,1,Monday,12
2013-12-09 01:30:00,1974.3980000000004,1999.8486032619032,-25.45060326190287,25.45060326190287,647.7332063947811,1.2890310495605681,1,Monday,12
2013-12-09 02:00:00,1921.9279999999976,1902.581267833332,19.34673216666556,19.34673216666556,374.2960455286919,1.0066314745747804,2,Monday,12
2013-12-09 02:30:00,1853.37,1866.54768011508,-13.177680115080193,13.177680115080193,173.65125321537994,0.7110118387089568,2,Monday,12
2013-12-09 03:00:00,1838.3539999999973,1814.92667563492,23.42732436507731,23.42732436507731,548.8395269065451,1.2743641521207203,3,Monday,12
2013-12-09 03:30:00,1853.420000000001,1835.253510507935,18.16648949206592,18.16648949206592,330.0213404653415,0.9801604327171344,3,Monday,12
2013-12-09 04:00:00,1871.459999999994,1871.8857851230164,-0.42578512302247873,0.42578512302247873,0.18129297098726735,0.022751494716557134,4,Monday,12
2013-12-09 04:30:00,1946.555999999996,1938.7207024841264,7.83529751586957,7.83529751586957,61.39188716219185,0.4025210431073951,4,Monday,12
2013-12-09 05:00:00,2090.750000000007,2063.4633770912683,27.286622908738536,27.286622908738536,744.5597897636947,1.3051117019604663,5,Monday,12
2013-12-09 05:30:00,2254.358000000005,2340.0839078293634,-85.72590782935822,85.72590782935822,7348.931273167621,3.802674989037146,5,Monday,12
2013-12-09 06:00:00,2503.9819999999954,2534.612081317461,-30.630081317465738,30.630081317465738,938.2018815145636,1.2232548523697773,6,Monday,12
2013-12-09 06:30:00,2836.254000000006,2819.708358972228,16.545641027777947,16.545641027777947,273.75823702008887,0.5833624572333054,6,Monday,12
2013-12-09 07:00:00,3037.085999999997,3145.5976171666653,-108.5116171666682,108.5116171666682,11774.771060125562,3.5728858901811904,7,Monday,12
2013-12-09 07:30:00,2990.9319999999907,3100.337397551588,-109.40539755159716,109.40539755159716,11969.541013423022,3.6579032071473874,7,Monday,12
2013-12-09 08:00:00,2834.368000000007,2918.06179497619,-83.69379497618274,83.69379497618274,7004.651317515312,2.9528203457060807,8,Monday,12
2013-12-09 08:30:00,2801.044000000003,2788.052959648992,12.99104035101118,12.99104035101118,168.76712940160067,0.46379279836415155,8,Monday,12
2013-12-09 09:00:00,2804.594000000011,2733.1616038870857,71.43239611292529,71.43239611292529,5102.587214433864,2.5469781406123313,9,Monday,12
2013-12-09 09:30:00,2828.6379999999976,2750.663079260101,77.97492073989679,77.97492073989679,6080.088264393186,2.7566242389410327,9,Monday,12
2013-12-09 10:00:00,2907.4819999999936,2774.1887676093065,133.29323239068708,133.29323239068708,17767.08580115771,4.584490373136871,10,Monday,12
2013-12-09 10:30:00,3041.9420000000023,2928.258079568376,113.68392043162612,113.68392043162612,12924.033764704298,3.7372152536644694,10,Monday,12
2013-12-09 11:00:00,3167.1559999999945,3107.5946897619056,59.561310238088936,59.561310238088936,3547.549677277878,1.880592880113548,11,Monday,12
2013-12-09 11:30:00,3342.121999999984,3223.3784923584626,118.74350764152132,118.74350764152132,14100.020607012031,3.5529375540905415,11,Monday,12
2013-12-09 12:00:00,3519.5699999999924,3398.7478178957404,120.82218210425208,120.82218210425208,14597.999688433052,3.432867711233257,12,Monday,12
2013-12-09 12:30:00,3707.855999999991,3593.979863940475,113.87613605951628,113.87613605951628,12967.774363845465,3.071212475875993,12,Monday,12
2013-12-09 13:00:00,3830.727999999997,3852.729952782469,-22.001952782472017,22.001952782472017,484.08592624212815,0.5743543468101112,13,Monday,12
2013-12-09 13:30:00,4105.256000000006,3977.722195333335,127.53380466667068,127.53380466667068,16264.871332756511,3.1065980944104457,13,Monday,12
2013-12-09 14:00:00,4402.429999999991,4352.957386571428,49.47261342856291,49.47261342856291,2447.539479452023,1.1237569576021198,14,Monday,12
2013-12-09 14:30:00,4643.068000000001,4682.394490357144,-39.326490357142575,39.326490357142575,1546.572843810428,0.8469936334583634,14,Monday,12
2013-12-09 15:00:00,5053.969999999998,4848.398999976189,205.57100002380957,205.57100002380957,42259.43605078912,4.067515240965214,15,Monday,12
2013-12-09 15:30:00,5370.462000000001,5400.799829833334,-30.337829833332762,30.337829833332762,920.3839189962554,0.5649016757465699,15,Monday,12
2013-12-09 16:00:00,5643.412000000016,5575.716660138885,67.69533986113038,67.69533986113038,4582.659038913947,1.1995463003787459,16,Monday,12
2013-12-09 16:30:00,5955.868000000014,5848.600183968253,107.26781603176096,107.26781603176096,11506.384356223713,1.8010442144077186,16,Monday,12
2013-12-09 17:00:00,6265.382000000017,6134.459760321429,130.92223967858808,130.92223967858808,17140.632842457664,2.089613046396656,17,Monday,12
2013-12-09 17:30:00,6545.6480000000165,6391.393607428576,154.2543925714408,154.2543925714408,23794.41762758417,2.356594680487561,17,Monday,12
2013-12-09 18:00:00,6629.762000000002,7130.727136130956,-500.9651361309534,500.9651361309534,250966.06761870466,7.55630648778875,18,Monday,12
2013-12-09 18:30:00,6623.92,7162.912218930741,-538.9922189307408,538.9922189307408,290512.61206788366,8.137058100501529,18,Monday,12
2013-12-09 19:00:00,6450.225999999989,6474.979057103178,-24.75305710318935,24.75305710318935,612.7138359537527,0.38375488088617965,19,Monday,12
2013-12-09 19:30:00,6300.512,6243.213420369046,57.29857963095401,57.29857963095401,3283.1272277247776,0.9094273549666125,19,Monday,12
2013-12-09 20:00:00,6168.406000000022,6015.987011686511,152.41898831351045,152.41898831351045,23231.547998514037,2.4709623250076262,20,Monday,12
2013-12-09 20:30:00,5813.715999999972,5837.111706809524,-23.395706809551484,23.395706809551484,547.3590971184937,0.40242259528245955,20,Monday,12
2013-12-09 21:00:00,5378.003999999993,5529.691603837302,-151.68760383730933,151.68760383730933,23009.1291579045,2.8205186131752513,21,Monday,12
2013-12-09 21:30:00,4881.167999999997,4979.34244754762,-98.17444754762346,98.17444754762346,9638.22215128107,2.011290075400468,21,Monday,12
2013-12-09 22:00:00,4354.314000000005,4378.254176313492,-23.940176313487427,23.940176313487427,573.1320419208645,0.5498036272415678,22,Monday,12
2013-12-09 22:30:00,3858.4820000000095,3816.06177154762,42.42022845238944,42.42022845238944,1799.4757819529104,1.0994020045289659,22,Monday,12
2013-12-09 23:00:00,3403.615999999986,3411.52163347619,-7.905633476204002,7.905633476204002,62.49904066007738,0.23227160397071922,23,Monday,12
2013-12-09 23:30:00,3073.2559999999985,3049.3259691309504,23.930030869048096,23.930030869048096,572.6463773935948,0.77865400308494,23,Monday,12
2013-12-10 00:00:00,2916.5780000000063,2790.2789679920625,126.29903200794388,126.29903200794388,15951.445486143632,4.330384169665396,0,Tuesday,12
2013-12-10 00:30:00,2760.911999999993,2676.3114082261886,84.60059177380435,84.60059177380435,7157.260128477893,3.0642263054311245,0,Tuesday,12
2013-12-10 01:00:00,2625.504000000005,2595.673213873018,29.830786126986823,29.830786126986823,889.8758009540295,1.1361927510674814,1,Tuesday,12
2013-12-10 01:30:00,2522.598000000002,2491.719654706348,30.878345293653638,30.878345293653638,953.4722080741018,1.22406920538483,1,Tuesday,12
2013-12-10 02:00:00,2436.652000000005,2408.0624172380944,28.589582761910606,28.589582761910606,817.364242500136,1.1733141524481356,2,Tuesday,12
2013-12-10 02:30:00,2342.825999999999,2344.296498317458,-1.470498317458805,1.470498317458805,2.1623653016491766,0.0627660064152782,2,Tuesday,12
2013-12-10 03:00:00,2281.6200000000053,2270.1758245966803,11.444175403325062,11.444175403325062,130.96915066207035,0.501581131096547,3,Tuesday,12
2013-12-10 03:30:00,2268.861999999999,2225.531696261903,43.33030373809606,43.33030373809606,1877.5152220356617,1.9097813678441475,3,Tuesday,12
2013-12-10 04:00:00,2274.988000000006,2276.4804092023774,-1.4924092023711637,1.4924092023711637,2.227285227322133,0.06560075052576803,4,Tuesday,12
2013-12-10 04:30:00,2338.869999999994,2287.4795986785675,51.39040132142645,51.39040132142645,2640.9733479772694,2.1972320531464593,4,Tuesday,12
2013-12-10 05:00:00,2453.978000000008,2484.9047820119017,-30.92678201189392,30.92678201189392,956.4658456112053,1.2602713639606313,5,Tuesday,12
2013-12-10 05:30:00,2573.119999999989,2625.748467083332,-52.62846708334291,52.62846708334291,2769.7555475425083,2.045317244564697,5,Tuesday,12
2013-12-10 06:00:00,2815.1540000000086,2832.131444097404,-16.977444097395164,16.977444097395164,288.2336080801779,0.6030733699611145,6,Tuesday,12
2013-12-10 06:30:00,3090.7800000000097,3106.168371218253,-15.388371218243265,15.388371218243265,236.8019687504577,0.4978798626315434,6,Tuesday,12
2013-12-10 07:00:00,3317.689999999991,3251.0608793928564,66.62912060713461,66.62912060713461,4439.43971288009,2.0082985633719486,7,Tuesday,12
2013-12-10 07:30:00,3339.947999999994,3412.407024964288,-72.45902496429426,72.45902496429426,5250.310298776219,2.1694656612706065,7,Tuesday,12
2013-12-10 08:00:00,3217.7399999999952,3245.32850338095,-27.58850338095499,27.58850338095499,761.1255188009649,0.8573875882126906,8,Tuesday,12
2013-12-10 08:30:00,3104.699999999996,3092.832278011904,11.867721988092399,11.867721988092399,140.8428251866518,0.38225020092416057,8,Tuesday,12
2013-12-10 09:00:00,3237.7900000000054,2976.6707158214285,261.1192841785769,261.1192841785769,68183.2805699324,8.064738113916482,9,Tuesday,12
2013-12-10 09:30:00,3381.799999999984,3270.24847115476,111.55152884522386,111.55152884522386,12443.74358770681,3.2985844474902235,9,Tuesday,12
2013-12-10 10:00:00,3567.4900000000016,3398.9113183730155,168.57868162698605,168.57868162698605,28418.771899092724,4.725414272415227,10,Tuesday,12
2013-12-10 10:30:00,3790.785999999992,3693.964190654761,96.82180934523103,96.82180934523103,9374.462764884267,2.5541354575339055,10,Tuesday,12
2013-12-10 11:00:00,3897.2160000000017,3964.19239025,-66.97639024999808,66.97639024999808,4485.836850920037,1.7185701344241133,11,Tuesday,12
2013-12-10 11:30:00,4121.538,4149.681228210315,-28.1432282103151,28.1432282103151,792.0412940978757,0.6828331610751885,11,Tuesday,12
2013-12-10 12:00:00,4314.35399999999,4330.916740940475,-16.562740940485128,16.562740940485128,274.32438746162217,0.38389851506123895,12,Tuesday,12
2013-12-10 12:30:00,4500.298000000003,4436.924478547618,63.37352145238583,63.37352145238583,4016.203221276007,1.4082072221080866,12,Tuesday,12
2013-12-10 13:00:00,4577.900000000001,4624.343566198413,-46.443566198412555,46.443566198412555,2157.004841226329,1.014516835195451,13,Tuesday,12
2013-12-10 13:30:00,4745.818000000005,4689.192154249997,56.62584575000801,56.62584575000801,3206.4864069037003,1.1931735635460095,13,Tuesday,12
2013-12-10 14:00:00,4867.423999999992,4949.723176515873,-82.2991765158813,82.2991765158813,6773.154455192188,1.6908158507638011,14,Tuesday,12
2013-12-10 14:30:00,5008.395999999978,5038.340542309524,-29.944542309545795,29.944542309545795,896.6756141281783,0.5978868745511722,14,Tuesday,12
2013-12-10 15:00:00,5429.5499999999865,5247.247581698413,182.3024183015732,182.3024183015732,33234.17171860177,3.3575971913247624,15,Tuesday,12
2013-12-10 15:30:00,5712.083999999998,5694.0360420238085,18.047957976189537,18.047957976189537,325.72878711030353,0.31596100435829627,15,Tuesday,12
2013-12-10 16:00:00,6050.213999999989,5891.285470742058,158.92852925793068,158.92852925793068,25258.277412088926,2.6268249231833942,16,Tuesday,12
2013-12-10 16:30:00,6404.545999999996,6211.539515349207,193.00648465078848,193.00648465078848,37251.50311725505,3.0135857350511435,16,Tuesday,12
2013-12-10 17:00:00,6791.58600000002,6554.609018416672,236.97698158334788,236.97698158334788,56158.0898003544,3.4892730738202706,17,Tuesday,12
2013-12-10 17:30:00,6963.943999999998,7351.723524022009,-387.7795240220112,387.7795240220112,150372.95925073753,5.568389464677075,17,Tuesday,12
2013-12-10 18:00:00,7062.511999999972,7729.769241383124,-667.2572413831513,667.2572413831513,445232.226178253,9.447874090453281,18,Tuesday,12
2013-12-10 18:30:00,6902.93,7655.156348561691,-752.2263485616904,752.2263485616904,565844.4794704538,10.897203775232986,18,Tuesday,12
2013-12-10 19:00:00,6709.513999999998,6683.299917940474,26.214082059524117,26.214082059524117,687.1780982234642,0.39070016188242734,19,Tuesday,12
2013-12-10 19:30:00,6638.706000000002,6496.010717079366,142.6952829206357,142.6952829206357,20361.943767800265,2.149444227845542,19,Tuesday,12
2013-12-10 20:00:00,6483.628000000008,6431.300219841265,52.327780158742826,52.327780158742826,2738.1965763417193,0.8070756088835257,20,Tuesday,12
2013-12-10 20:30:00,6155.996000000031,6230.052571321426,-74.05657132139459,74.05657132139459,5484.375755880803,1.2029990162663233,20,Tuesday,12
2013-12-10 21:00:00,5681.040000000007,5753.011483563491,-71.97148356348407,71.97148356348407,5179.894446328858,1.2668716214545925,21,Tuesday,12
2013-12-10 21:30:00,5166.530000000021,5300.353708456347,-133.82370845632613,133.82370845632613,17908.784945003776,2.590204807797992,21,Tuesday,12
2013-12-10 22:00:00,4541.007999999993,4643.518888185065,-102.51088818507196,102.51088818507196,10508.482196492327,2.257447865871897,22,Tuesday,12
2013-12-10 22:30:00,3987.069999999996,4030.1352875714256,-43.06528757142951,43.06528757142951,1854.6189936099208,1.0801236891107895,22,Tuesday,12
2013-12-10 23:00:00,3467.858000000001,3508.0854747301573,-40.227474730156246,40.227474730156246,1618.2497231653592,1.1600092832565876,23,Tuesday,12
2013-12-10 23:30:00,3104.483999999992,3102.720844595236,1.7631554047561622,1.7631554047561622,3.108716981320866,0.05679383126974295,23,Tuesday,12
2013-12-11 00:00:00,2859.6579999999976,2842.2099387619023,17.448061238095306,17.448061238095306,304.4348409683239,0.6101450326610847,0,Wednesday,12
2013-12-11 00:30:00,2688.316000000006,2662.484714535713,25.83128546429316,25.83128546429316,667.255308737803,0.9608723626349396,0,Wednesday,12
2013-12-11 01:00:00,2513.5599999999986,2533.6249881190465,-20.06498811904794,20.06498811904794,402.6037482175349,0.7982697098556609,1,Wednesday,12
2013-12-11 01:30:00,2411.7079999999924,2421.6258470238085,-9.917847023816194,9.917847023816194,98.36368958781972,0.41123747252222187,1,Wednesday,12
2013-12-11 02:00:00,2346.690000000006,2332.026734269839,14.66326573016704,14.66326573016704,215.01136187349115,0.6248488607428763,2,Wednesday,12
2013-12-11 02:30:00,2271.750000000002,2293.312589035713,-21.56258903571097,21.56258903571097,464.945245922963,0.9491620572559021,2,Wednesday,12
2013-12-11 03:00:00,2198.722000000002,2226.046313698412,-27.32431369841015,27.32431369841015,746.6181190891247,1.2427361757607431,3,Wednesday,12
2013-12-11 03:30:00,2204.289999999993,2163.615123313492,40.67487668650119,40.67487668650119,1654.4455934620783,1.8452597746440493,3,Wednesday,12
2013-12-11 04:00:00,2159.749999999998,2211.415478214647,-51.66547821464883,51.66547821464883,2669.321639148353,2.392197162386798,4,Wednesday,12
2013-12-11 04:30:00,2215.4400000000046,2205.5641085873017,9.875891412702913,9.875891412702913,97.53323119549914,0.44577562076620864,4,Wednesday,12
2013-12-11 05:00:00,2348.7700000000004,2348.652116075395,0.11788392460539399,0.11788392460539399,0.013896619680370214,0.005018964164451776,5,Wednesday,12
2013-12-11 05:30:00,2515.3680000000018,2551.056957963201,-35.6889579631993,35.6889579631993,1273.7017204990068,1.4188364471202335,5,Wednesday,12
2013-12-11 06:00:00,2730.306000000004,2837.699602136364,-107.39360213635973,107.39360213635973,11533.38577982273,3.933390694536055,6,Wednesday,12
2013-12-11 06:30:00,2992.500000000007,3086.868127055554,-94.36812705554712,94.36812705554712,8905.343403971885,3.1534879550725785,6,Wednesday,12
2013-12-11 07:00:00,3249.942000000004,3367.3506450793666,-117.40864507936249,117.40864507936249,13784.789939371709,3.6126381664461196,7,Wednesday,12
2013-12-11 07:30:00,3119.5899999999933,3498.1583604126995,-378.56836041270617,378.56836041270617,143314.0035055646,12.135195984494981,7,Wednesday,12
2013-12-11 08:00:00,3104.028,3049.300062119048,54.727937880951686,54.727937880951686,2995.1471847013063,1.763126424147968,8,Wednesday,12
2013-12-11 08:30:00,2993.983999999989,3014.8849185357144,-20.900918535725395,20.900918535725395,436.8483956370294,0.6980972021134874,8,Wednesday,12
2013-12-11 09:00:00,2912.737999999992,2911.574487249999,1.1635127499930604,1.1635127499930604,1.3537619193964139,0.03994567139210817,9,Wednesday,12
2013-12-11 09:30:00,2930.490000000001,2868.202357111305,62.287642888696155,62.287642888696155,3879.7504566297407,2.1255026595789825,9,Wednesday,12
2013-12-11 10:00:00,2920.5539999999937,2885.507536356059,35.04646364393466,35.04646364393466,1228.2546139456338,1.1999936876337411,10,Wednesday,12
2013-12-11 10:30:00,2975.866000000007,2897.706827880785,78.1591721192217,78.1591721192217,6108.856186362122,2.6264345276037804,10,Wednesday,12
2013-12-11 11:00:00,3018.1820000000016,3008.6411780833337,9.540821916667937,9.540821916667937,91.02728284557125,0.3161115504852899,11,Wednesday,12
2013-12-11 11:30:00,3074.909999999994,3039.570647511905,35.339352488088934,35.339352488088934,1248.8698342773976,1.1492808728739705,11,Wednesday,12
2013-12-11 12:00:00,3171.116000000001,3118.987025321428,52.12897467857283,52.12897467857283,2717.4300010392876,1.6438684260863625,12,Wednesday,12
2013-12-11 12:30:00,3234.5040000000035,3217.585451398917,16.918548601086513,16.918548601086513,286.2372867673264,0.523064698670538,12,Wednesday,12
2013-12-11 13:00:00,3310.24,3230.809283204979,79.430716795021,79.430716795021,6309.238770570831,2.399545555458849,13,Wednesday,12
2013-12-11 13:30:00,3360.7480000000032,3381.7345183928574,-20.986518392854123,20.986518392854123,440.4339542536044,0.624459745058365,13,Wednesday,12
2013-12-11 14:00:00,3511.4280000000003,3398.325253826192,113.10274617380855,113.10274617380855,12792.231192056966,3.2209900409123735,14,Wednesday,12
2013-12-11 14:30:00,3682.203999999988,3633.072686249997,49.13131374999102,49.13131374999102,2413.885990800057,1.3342909233163396,14,Wednesday,12
2013-12-11 15:00:00,3952.4759999999874,3942.367702520561,10.108297479426255,10.108297479426255,102.1776779325752,0.2557459546731286,15,Wednesday,12
2013-12-11 15:30:00,4224.155999999998,4287.503002603174,-63.3470026031755,63.3470026031755,4012.842738806723,1.4996369121589148,15,Wednesday,12
2013-12-11 16:00:00,4410.14400000002,4570.292102106057,-160.1481021060372,160.1481021060372,25647.414608165713,3.6313576632880116,16,Wednesday,12
2013-12-11 16:30:00,4715.961999999983,4737.63846829762,-21.676468297637257,21.676468297637257,469.869277858473,0.4596404359839485,16,Wednesday,12
2013-12-11 17:00:00,4891.863999999997,5107.182463785717,-215.31846378572027,215.31846378572027,46362.04084704253,4.401562753701256,17,Wednesday,12
2013-12-11 17:30:00,5105.187999999996,5322.12633915476,-216.93833915476444,216.93833915476444,47062.2429952276,4.249370231904577,17,Wednesday,12
2013-12-11 18:00:00,5165.998,5483.251064876983,-317.25306487698344,317.25306487698344,100649.50717383946,6.1411766879697485,18,Wednesday,12
2013-12-11 18:30:00,5106.908000000007,5296.208319428572,-189.30031942856567,189.30031942856567,35834.610935756995,3.7067501397825344,18,Wednesday,12
2013-12-11 19:00:00,5030.212,5076.17116452381,-45.959164523809704,45.959164523809704,2112.2448037266086,0.9136625757286114,19,Wednesday,12
2013-12-11 19:30:00,5084.761999999991,4988.646065841272,96.11593415871903,96.11593415871903,9238.27279920321,1.8902740021798308,19,Wednesday,12
2013-12-11 20:00:00,5115.437999999979,5045.2027515198415,70.23524848013767,70.23524848013767,4932.990129066681,1.3730055662904712,20,Wednesday,12
2013-12-11 20:30:00,4922.813999999991,5017.835868166667,-95.02186816667563,95.02186816667563,9029.155429885084,1.9302347837370213,20,Wednesday,12
2013-12-11 21:00:00,4636.727999999986,4699.2424525158685,-62.51445251588211,62.51445251588211,3908.0567733604794,1.3482449804233136,21,Wednesday,12
2013-12-11 21:30:00,4337.278000000013,4415.845160464286,-78.567160464273,78.567160464273,6172.798703418823,1.8114393512307203,21,Wednesday,12
2013-12-11 22:00:00,3892.091999999994,4016.092132404759,-124.00013240476483,124.00013240476483,15376.032836399208,3.185950702212718,22,Wednesday,12
2013-12-11 22:30:00,3458.6859999999947,3569.762581932539,-111.07658193254429,111.07658193254429,12338.007053817224,3.21152547333133,22,Wednesday,12
2013-12-11 23:00:00,3048.125999999996,3106.089807662697,-57.963807662700674,57.963807662700674,3359.8029987585574,1.9016211161448298,23,Wednesday,12
2013-12-11 23:30:00,2760.5759999999964,2755.9012072261894,4.674792773806985,4.674792773806985,21.853687478038,0.1693412090015631,23,Wednesday,12
2013-12-12 00:00:00,2563.5020000000054,2511.0899031626977,52.41209683730767,52.41209683730767,2747.027894883317,2.0445506513085445,0,Thursday,12
2013-12-12 00:30:00,2424.449999999995,2366.0297891309506,58.42021086904424,58.42021086904424,3412.921037983595,2.409627374004181,0,Thursday,12
2013-12-12 01:00:00,2303.005999999998,2285.508482968253,17.497517031745247,17.497517031745247,306.163102276215,0.7597686255157504,1,Thursday,12
2013-12-12 01:30:00,2197.882,2208.4392994880955,-10.557299488095396,10.557299488095396,111.45657248133931,0.4803396855743573,1,Thursday,12
2013-12-12 02:00:00,2124.053999999999,2119.461812130952,4.592187869047393,4.592187869047393,21.088189424626037,0.2161992053425852,2,Thursday,12
2013-12-12 02:30:00,2061.9640000000004,2055.6859688809527,6.278031119047682,6.278031119047682,39.41367473173109,0.30446851249816587,2,Thursday,12
2013-12-12 03:00:00,2045.7620000000013,2023.0277267936503,22.734273206350963,22.734273206350963,516.8471782210073,1.111286318073703,3,Thursday,12
2013-12-12 03:30:00,2021.8900000000049,2004.585863650793,17.30413634921183,17.30413634921183,299.4331347921142,0.855839652464367,3,Thursday,12
2013-12-12 04:00:00,2045.444,2042.563467690476,2.8805323095239146,2.8805323095239146,8.297466386211177,0.14082675006130282,4,Thursday,12
2013-12-12 04:30:00,2124.694,2105.4736501031725,19.22034989682743,19.22034989682743,369.42185015647414,0.9046173188622658,4,Thursday,12
2013-12-12 05:00:00,2216.0560000000096,2273.2189258571407,-57.162925857131086,57.162925857131086,3267.6000925478656,2.5794892302870887,5,Thursday,12
2013-12-12 05:30:00,2401.4580000000005,2443.542939988094,-42.08493998809354,42.08493998809354,1771.1421738014344,1.7524745378887965,5,Thursday,12
2013-12-12 06:00:00,2639.5280000000034,2722.071528694444,-82.54352869444074,82.54352869444074,6813.434129329961,3.127207921054091,6,Thursday,12
2013-12-12 06:30:00,2897.640000000012,2943.055818934702,-45.41581893468992,45.41581893468992,2062.5966095085396,1.5673382109126646,6,Thursday,12
2013-12-12 07:00:00,3071.592,3197.4132297063493,-125.82122970634919,125.82122970634919,15830.981844817887,4.096287192646328,7,Thursday,12
2013-12-12 07:30:00,3081.56,3162.934512142858,-81.37451214285784,81.37451214285784,6621.811226488117,2.640692121615605,7,Thursday,12
2013-12-12 08:00:00,2924.3360000000057,2977.39217854762,-53.05617854761431,53.05617854761431,2814.958082076329,1.8142983072948597,8,Thursday,12
2013-12-12 08:30:00,2877.1760000000017,2854.8003040932667,22.375695906735018,22.375695906735018,500.67176731067826,0.7776964602351405,8,Thursday,12
2013-12-12 09:00:00,2786.897999999997,2838.24540620802,-51.34740620802313,51.34740620802313,2636.5561242917324,1.8424573202185077,9,Thursday,12
2013-12-12 09:30:00,2819.4480000000044,2777.164273861264,42.28372613874035,42.28372613874035,1787.9134961759937,1.4997164742439046,9,Thursday,12
2013-12-12 10:00:00,2840.5280000000093,2809.882436941473,30.64556305853648,30.64556305853648,939.1505351747359,1.0788685434023666,10,Thursday,12
2013-12-12 10:30:00,2921.8039999999955,2875.42974739286,46.37425260713553,46.37425260713553,2150.5713048704165,1.5871787637752428,10,Thursday,12
2013-12-12 11:00:00,2989.1139999999946,2935.9992445978232,53.11475540217134,53.11475540217134,2821.1772414324896,1.776939768846937,11,Thursday,12
2013-12-12 11:30:00,3011.1639999999934,3047.801482666664,-36.63748266667062,36.63748266667062,1342.3051361505902,1.2167215955912964,11,Thursday,12
2013-12-12 12:00:00,3118.5739999999964,3056.7687595202,61.80524047979634,61.80524047979634,3819.887750765456,1.9818429987486719,12,Thursday,12
2013-12-12 12:30:00,3182.8059999999923,3167.728031404761,15.077968595231141,15.077968595231141,227.34513695877655,0.47373193952855364,12,Thursday,12
2013-12-12 13:00:00,3178.971999999998,3209.767447032935,-30.795447032936863,30.795447032936863,948.3595579584198,0.9687234437087487,13,Thursday,12
2013-12-12 13:30:00,3142.3119999999994,3201.217103228165,-58.905103228165444,58.905103228165444,3469.811186320827,1.8745784386835378,13,Thursday,12
2013-12-12 14:00:00,3173.948000000002,3153.1160152094485,20.831984790553634,20.831984790553634,433.9715903138579,0.6563429769660253,14,Thursday,12
2013-12-12 14:30:00,3309.968000000008,3194.0694755475856,115.89852445242241,115.89852445242241,13432.467970248754,3.5014998468994905,14,Thursday,12
2013-12-12 15:00:00,3556.4239999999963,3451.2626808015875,105.16131919840882,105.16131919840882,11058.903055549627,2.95693986989203,15,Thursday,12
2013-12-12 15:30:00,3754.090000000005,3830.6498233051934,-76.55982330518827,76.55982330518827,5861.406544521649,2.039371014152249,15,Thursday,12
2013-12-12 16:00:00,3999.196,4008.080720825397,-8.884720825396926,8.884720825396926,78.93826414524183,0.222162675332665,16,Thursday,12
2013-12-12 16:30:00,4189.464000000015,4348.486587190474,-159.02258719045858,159.02258719045858,25288.183236747,3.7957740462851093,16,Thursday,12
2013-12-12 17:00:00,4341.664000000013,4591.960770111111,-250.29677011109743,250.29677011109743,62648.47312804755,5.764996326548914,17,Thursday,12
2013-12-12 17:30:00,4565.027999999998,4678.124918452382,-113.09691845238376,113.09691845238376,12790.912963425142,2.4774638502191837,17,Thursday,12
2013-12-12 18:00:00,4608.012000000013,4758.844772760824,-150.83277276081026,150.83277276081026,22750.525338714226,3.2732721347255564,18,Thursday,12
2013-12-12 18:30:00,4518.561999999998,4579.545129829365,-60.98312982936659,60.98312982936659,3718.942123785381,1.349613656498829,18,Thursday,12
2013-12-12 19:00:00,4383.342000000007,4434.298075595237,-50.95607559522978,50.95607559522978,2596.521640066772,1.1624937227172714,19,Thursday,12
2013-12-12 19:30:00,4553.486000000001,4312.075602309524,241.4103976904771,241.4103976904771,58278.980113074314,5.301661138092378,19,Thursday,12
2013-12-12 20:00:00,4624.604000000008,4490.903007722223,133.7009922777852,133.7009922777852,17875.955336064377,2.8910798044067114,20,Thursday,12
2013-12-12 20:30:00,4506.398,4517.156795174604,-10.75879517460362,10.75879517460362,115.75167360907413,0.2387448950271063,20,Thursday,12
2013-12-12 21:00:00,4326.36599999999,4284.230583984129,42.135416015860756,42.135416015860756,1775.3932828296552,0.9739216704241124,21,Thursday,12
2013-12-12 21:30:00,3994.012,4092.2074827499982,-98.19548274999806,98.19548274999806,9642.352832505167,2.458567544363864,21,Thursday,12
2013-12-12 22:00:00,3661.028000000005,3691.8545542615407,-30.826554261535875,30.826554261535875,950.2764476394157,0.8420190793825078,22,Thursday,12
2013-12-12 22:30:00,3261.9480000000017,3332.250168436507,-70.30216843650533,70.30216843650533,4942.394886874766,2.155220390898484,22,Thursday,12
2013-12-12 23:00:00,2872.218,2918.989732035716,-46.77173203571601,46.77173203571601,2187.5949176208237,1.6284185962108733,23,Thursday,12
2013-12-12 23:30:00,2563.976000000005,2609.532324039684,-45.55632403967911,45.55632403967911,2075.378660008245,1.7767843396224856,23,Thursday,12
2013-12-13 00:00:00,2388.6280000000006,2344.007879023808,44.62012097619254,44.62012097619254,1990.9551959300575,1.8680230230991401,0,Friday,12
2013-12-13 00:30:00,2241.6159999999904,2217.3507171269857,24.265282873004708,24.265282873004708,588.8039529069356,1.0824906171710413,0,Friday,12
2013-12-13 01:00:00,2136.7800000000016,2115.4756009166654,21.304399083336193,21.304399083336193,453.877420302056,0.9970328757914327,1,Friday,12
2013-12-13 01:30:00,2035.5119999999995,2048.067168869047,-12.555168869047293,12.555168869047293,157.63226533029427,0.6168064285077807,1,Friday,12
2013-12-13 02:00:00,2014.8060000000023,1952.5688257301576,62.23717426984467,62.23717426984467,3873.465861095016,3.088990913757682,2,Friday,12
2013-12-13 02:30:00,1964.9099999999987,1947.6021578968248,17.307842103173925,17.307842103173925,299.5613982684,0.8808465580191428,2,Friday,12
2013-12-13 03:00:00,1938.846000000004,1920.9775332738084,17.86846672619572,17.86846672619572,319.2821031451636,0.9216031972727943,3,Friday,12
2013-12-13 03:30:00,1899.9179999999992,1917.9710783690475,-18.053078369048308,18.053078369048308,325.9136385989999,0.9502030281858646,3,Friday,12
2013-12-13 04:00:00,1903.309999999998,1906.3046657619052,-2.9946657619072994,2.9946657619072994,8.968023025539827,0.15733988482734304,4,Friday,12
2013-12-13 04:30:00,2017.7980000000048,1922.040509,95.75749100000485,95.75749100000485,9169.49708261601,4.745643072299835,4,Friday,12
2013-12-13 05:00:00,2140.035999999999,2149.033036035714,-8.9970360357147,8.9970360357147,80.94665742794889,0.42041517225479874,5,Friday,12
2013-12-13 05:30:00,2259.2819999999865,2378.37619640476,-119.09419640477336,119.09419640477336,14183.42761729873,5.271329404862875,5,Friday,12
2013-12-13 06:00:00,2502.695999999996,2516.630609571429,-13.934609571433157,13.934609571433157,194.17334390827654,0.5567839470488297,6,Friday,12
2013-12-13 06:30:00,2820.8920000000103,2819.510813916668,1.3811860833420724,1.3811860833420724,1.9076749968178142,0.04896274239999501,6,Friday,12
2013-12-13 07:00:00,3060.4680000000017,3028.518275928567,31.949724071434503,31.949724071434503,1020.7848682408013,1.0439489670022521,7,Friday,12
2013-12-13 07:30:00,3041.904000000003,3110.508027309523,-68.60402730952,68.60402730952,4706.512563085367,2.2552988953471225,7,Friday,12
2013-12-13 08:00:00,2929.552000000003,2949.8396683968267,-20.287668396823847,20.287668396823847,411.58948897948505,0.692517777353801,8,Friday,12
2013-12-13 08:30:00,2850.8940000000043,2868.047127858056,-17.153127858051448,17.153127858051448,294.22979531466063,0.6016753992976035,8,Friday,12
2013-12-13 09:00:00,2875.229999999992,2805.1897433654403,70.0402566345515,70.0402566345515,4905.637549433835,2.4359879604258334,9,Friday,12
2013-12-13 09:30:00,2874.562000000002,2833.6451397063483,40.916860293653826,40.916860293653826,1674.1894562903851,1.4234119943717962,9,Friday,12
2013-12-13 10:00:00,2891.391999999998,2840.485985972221,50.90601402777702,50.90601402777702,2591.4222641962306,1.7606057576342833,10,Friday,12
2013-12-13 10:30:00,3002.154000000008,2883.7039707083454,118.45002929166276,118.45002929166276,14030.409439195766,3.945501439688385,10,Friday,12
2013-12-13 11:00:00,3141.1819999999952,3065.7764729999976,75.40552699999762,75.40552699999762,5685.99350214737,2.400546259337973,11,Friday,12
2013-12-13 11:30:00,3325.228000000017,3201.875501682541,123.35249831747569,123.35249831747569,15215.838841162844,3.709595201215528,11,Friday,12
2013-12-13 12:00:00,3430.0480000000016,3400.853173432539,29.19482656746277,29.19482656746277,852.33789830423,0.8511492132898069,12,Friday,12
2013-12-13 12:30:00,3595.808000000003,3492.319186381312,103.48881361869098,103.48881361869098,10709.93454420416,2.878040585556595,12,Friday,12
2013-12-13 13:00:00,3660.697999999991,3705.413010158371,-44.715010158379755,44.715010158379755,1999.4321334640047,1.2214886384612953,13,Friday,12
2013-12-13 13:30:00,3809.0639999999976,3799.176254488096,9.887745511901358,9.887745511901358,97.76751130812544,0.25958465155485344,13,Friday,12
2013-12-13 14:00:00,3906.0019999999968,3908.958525222223,-2.956525222226446,2.956525222226446,8.741041389661136,0.07569185121324691,14,Friday,12
2013-12-13 14:30:00,4033.932000000004,4089.5590960844106,-55.62709608440673,55.62709608440673,3094.3738187838185,1.3789795188517475,14,Friday,12
2013-12-13 15:00:00,4259.448000000011,4186.281664690474,73.16633530953732,73.16633530953732,5353.312622627647,1.717742188883093,15,Friday,12
2013-12-13 15:30:00,4435.961999999997,4524.377993440474,-88.415993440477,88.415993440477,7817.3878960664715,1.9931639053823513,15,Friday,12
2013-12-13 16:00:00,4566.901999999999,4636.166915297623,-69.2649152976237,69.2649152976237,4797.628491186986,1.5166718116049722,16,Friday,12
2013-12-13 16:30:00,4770.788000000007,4742.9324086904735,27.855591309533338,27.855591309533338,775.9339672037493,0.5838782043874785,16,Friday,12
2013-12-13 17:00:00,4930.21,4949.497698178569,-19.28769817856937,19.28769817856937,372.01530102758824,0.3912145360657938,17,Friday,12
2013-12-13 17:30:00,4980.397999999995,5056.423029630952,-76.02502963095776,76.02502963095776,5779.805130388006,1.526485024509243,17,Friday,12
2013-12-13 18:00:00,4971.8440000000055,5034.060543142857,-62.21654314285115,62.21654314285115,3870.8982406462587,1.2513776205136582,18,Friday,12
2013-12-13 18:30:00,4871.417999999982,4826.634039964288,44.78396003569469,44.78396003569469,2005.6030764786992,0.9193208227192751,18,Friday,12
2013-12-13 19:00:00,4783.286000000016,4749.533737701231,33.752262298785354,33.752262298785354,1139.2152102860073,0.7056291908697334,19,Friday,12
2013-12-13 19:30:00,4828.6619999999975,4630.775416863928,197.88658313606993,197.88658313606993,39159.099785268714,4.0981659750893735,19,Friday,12
2013-12-13 20:00:00,4866.929999999997,4655.158865767971,211.77113423202536,211.77113423202536,44847.013293918506,4.351226219239345,20,Friday,12
2013-12-13 20:30:00,4677.775999999994,4672.916309835431,4.85969016456329,4.85969016456329,23.616588495553174,0.1038889028581808,20,Friday,12
2013-12-13 21:00:00,4469.820000000009,4409.065102698415,60.7548973015937,60.7548973015937,3691.1575461271977,1.3592246958847019,21,Friday,12
2013-12-13 21:30:00,4290.63599999999,4183.820638357143,106.81536164284717,106.81536164284717,11409.521482892225,2.489499497110624,21,Friday,12
2013-12-13 22:00:00,3905.215999999992,3954.290990095239,-49.0749900952469,49.0749900952469,2408.3546528485817,1.2566523873518647,22,Friday,12
2013-12-13 22:30:00,3560.0000000000064,3542.382105123019,17.61789487698752,17.61789487698752,310.3902198965831,0.4948846875558284,22,Friday,12
2013-12-13 23:00:00,3204.054000000004,3182.8346628726563,21.2193371273479,21.2193371273479,450.26026812404496,0.6622652779056742,23,Friday,12
2013-12-13 23:30:00,2919.154000000008,2883.4250255238085,35.72897447619971,35.72897447619971,1276.5596171209304,1.2239496263711886,23,Friday,12
2013-12-14 00:00:00,2717.478,2665.555415285716,51.92258471428386,51.92258471428386,2695.954803411984,1.9106901588268186,0,Saturday,12
2013-12-14 00:30:00,2524.695999999996,2496.100137214284,28.595862785711688,28.595862785711688,817.7233684592507,1.1326457833224965,0,Saturday,12
2013-12-14 01:00:00,2391.3240000000046,2361.9582822539683,29.365717746036353,29.365717746036353,862.3453787398744,1.228010831908863,1,Saturday,12
2013-12-14 01:30:00,2267.0320000000083,2259.767250420635,7.264749579373529,7.264749579373529,52.776586451007866,0.32045200858979944,1,Saturday,12
2013-12-14 02:00:00,2168.3619999999964,2177.808129123017,-9.446129123020455,9.446129123020455,89.22935540877519,0.4356343231905222,2,Saturday,12
2013-12-14 02:30:00,2120.215999999998,2104.001807809524,16.214192190474023,16.214192190474023,262.9000283896288,0.7647424691858772,2,Saturday,12
2013-12-14 03:00:00,2044.3879999999967,2069.7901374761896,-25.40213747619282,25.40213747619282,645.2685883593997,1.2425301594507923,3,Saturday,12
2013-12-14 03:30:00,2034.581999999996,1988.646905821428,45.93509417856808,45.93509417856808,2110.032877193919,2.2577165323672466,3,Saturday,12
2013-12-14 04:00:00,2016.6539999999984,2030.8286514960307,-14.174651496032311,14.174651496032311,200.92074503397103,0.7028796955765502,4,Saturday,12
2013-12-14 04:30:00,2033.313999999997,2039.6677908412687,-6.3537908412718025,6.3537908412718025,40.37065805462944,0.3124844879478434,4,Saturday,12
2013-12-14 05:00:00,2100.9000000000065,2100.831515503966,0.0684844960405826,0.0684844960405826,0.004690126197932573,0.003259769434079794,5,Saturday,12
2013-12-14 05:30:00,2171.442000000001,2270.6213408928534,-99.17934089285245,99.17934089285245,9836.541659940634,4.567441400362174,5,Saturday,12
2013-12-14 06:00:00,2281.5599999999927,2419.1830037932887,-137.623003793296,137.623003793296,18940.091173089564,6.031969520560337,6,Saturday,12
2013-12-14 06:30:00,2497.480000000008,2523.9906192857143,-26.51061928570607,26.51061928570607,702.8129349116507,1.061494758144449,6,Saturday,12
2013-12-14 07:00:00,2801.7020000000016,2818.3408920238103,-16.638892023808694,16.638892023808694,276.8527277799646,0.5938851463791897,7,Saturday,12
2013-12-14 07:30:00,3002.9419999999946,3118.8528447142844,-115.91084471428985,115.91084471428985,13435.323922380216,3.859909539188238,7,Saturday,12
2013-12-14 08:00:00,3178.657999999989,3134.1037788549806,44.55422114500834,44.55422114500834,1985.0786218383084,1.4016676580182108,8,Saturday,12
2013-12-14 08:30:00,3306.065999999997,3255.0915687738075,50.97443122618961,50.97443122618961,2598.3926388335344,1.5418455416857877,8,Saturday,12
2013-12-14 09:00:00,3336.2479999999937,3342.514041726188,-6.266041726194544,6.266041726194544,39.2632789144111,0.18781702457954433,9,Saturday,12
2013-12-14 09:30:00,3364.33799999999,3253.453041148805,110.88495885118527,110.88495885118527,12295.474099429051,3.2958923524088717,9,Saturday,12
2013-12-14 10:00:00,3331.686,3349.1370959700057,-17.451095970005554,17.451095970005554,304.5407505543441,0.5237917369765804,10,Saturday,12
2013-12-14 10:30:00,3309.724,3291.3004973472257,18.42350265277446,18.42350265277446,339.42544999678756,0.556647703940705,10,Saturday,12
2013-12-14 11:00:00,3343.9039999999995,3279.3657287638903,64.53827123610927,64.53827123610927,4165.188454145608,1.930027633452075,11,Saturday,12
2013-12-14 11:30:00,3357.8379999999925,3320.5931058353185,37.24489416467395,37.24489416467395,1387.1821413377638,1.1091927056836581,11,Saturday,12
2013-12-14 12:00:00,3443.981999999994,3340.9670464405485,103.01495355944553,103.01495355944553,10612.08065685472,2.9911583033664435,12,Saturday,12
2013-12-14 12:30:00,3501.2779999999875,3443.8905292772206,57.38747072276692,57.38747072276692,3293.3217959564304,1.6390435356109148,12,Saturday,12
2013-12-14 13:00:00,3520.6399999999844,3548.3505000013797,-27.710500001395303,27.710500001395303,767.8718103273291,0.7870870069474706,13,Saturday,12
2013-12-14 13:30:00,3603.578000000002,3553.9123905783026,49.66560942169917,49.66560942169917,2466.672759228774,1.3782304537795256,13,Saturday,12
2013-12-14 14:00:00,3631.649999999997,3685.35469495238,-53.704694952383306,53.704694952383306,2884.194259928545,1.4787960005061984,14,Saturday,12
2013-12-14 14:30:00,3681.163999999993,3679.162607654759,2.001392345233853,2.001392345233853,4.005571319560663,0.05436846457353862,14,Saturday,12
2013-12-14 15:00:00,3710.142000000004,3756.412073216449,-46.27007321644487,46.27007321644487,2140.919675455169,1.247124051220811,15,Saturday,12
2013-12-14 15:30:00,3804.250000000004,3718.1411060562777,86.10889394372634,86.10889394372634,7414.741616211912,2.2634919877433464,15,Saturday,12
2013-12-14 16:00:00,3905.432000000005,4047.5608922831866,-142.1288922831818,142.1288922831818,20200.6220216443,3.6392617329704278,16,Saturday,12
2013-12-14 16:30:00,4033.25199999999,4172.357528349205,-139.10552834921464,139.10552834921464,19350.348017314158,3.448966946504086,16,Saturday,12
2013-12-14 17:00:00,4165.433999999994,4276.982729880953,-111.5487298809594,111.5487298809594,12443.119138055245,2.677961765351691,17,Saturday,12
2013-12-14 17:30:00,4218.687999999999,4449.55249674495,-230.86449674495088,230.86449674495088,53298.415857299435,5.472424050912296,17,Saturday,12
2013-12-14 18:00:00,4220.841999999997,4484.998473436506,-264.15647343650926,264.15647343650926,69778.64245841322,6.258383361341398,18,Saturday,12
2013-12-14 18:30:00,4015.321999999988,4453.391040626983,-438.0690406269955,438.0690406269955,191904.48435585623,10.909935507712627,18,Saturday,12
2013-12-14 19:00:00,3947.514000000004,3912.383208619047,35.13079138095736,35.13079138095736,1234.172503052348,0.8899472270638513,19,Saturday,12
2013-12-14 19:30:00,4017.8060000000014,3877.613868357141,140.1921316428602,140.1921316428602,19653.833774569044,3.4892708020959735,19,Saturday,12
2013-12-14 20:00:00,4032.8539999999966,3901.705176595237,131.1488234047597,131.1488234047597,17200.013880452843,3.2520101993466612,20,Saturday,12
2013-12-14 20:30:00,3936.009999999994,3950.0473573571417,-14.037357357147812,14.037357357147812,197.0474015722718,0.35663927066109674,20,Saturday,12
2013-12-14 21:00:00,3696.807999999997,3881.230488253968,-184.4224882539711,184.4224882539711,34011.654173786104,4.988695335380449,21,Saturday,12
2013-12-14 21:30:00,3525.4640000000068,3568.4955016865038,-43.031501686496995,43.031501686496995,1851.7101373949938,1.2205911530084241,21,Saturday,12
2013-12-14 22:00:00,3392.095999999992,3295.709327928568,96.38667207142362,96.38667207142362,9290.390553004154,2.841507789621044,22,Saturday,12
2013-12-14 22:30:00,3113.5159999999923,3150.8925996428598,-37.376599642867404,37.376599642867404,1397.0102008631957,1.2004627451044894,22,Saturday,12
2013-12-14 23:00:00,2888.139999999993,2859.0240170952397,29.11598290475331,29.11598290475331,847.7404605098869,1.008122283017907,23,Saturday,12
2013-12-14 23:30:00,2625.60600000001,2658.908321190477,-33.302321190466955,33.302321190466955,1109.0445966730244,1.2683670432832201,23,Saturday,12
2013-12-15 00:00:00,2470.416000000003,2408.267745948414,62.14825405158899,62.14825405158899,3862.4054816608477,2.515699948979804,0,Sunday,12
2013-12-15 00:30:00,2280.916,2299.0302818373,-18.11428183730004,18.11428183730004,328.12720648113816,0.7941669854260324,0,Sunday,12
2013-12-15 01:00:00,2186.726000000002,2137.4815093214274,49.24449067857449,49.24449067857449,2425.01986219221,2.2519735293116034,1,Sunday,12
2013-12-15 01:30:00,2071.1739999999977,2073.072518198412,-1.898518198414422,1.898518198414422,3.6043713497107426,0.09166386785535276,1,Sunday,12
2013-12-15 02:00:00,2005.728000000004,1996.9700423452368,8.757957654767097,8.757957654767097,76.70182228269358,0.43664732480012647,2,Sunday,12
2013-12-15 02:30:00,1922.449999999997,1943.404754071429,-20.954754071431807,20.954754071431807,439.1017181941879,1.090002552546586,2,Sunday,12
2013-12-15 03:00:00,1878.5239999999897,1881.1016913690464,-2.5776913690567653,2.5776913690567653,6.644492794109741,0.13721897452770257,3,Sunday,12
2013-12-15 03:30:00,1853.1719999999927,1858.8028266785725,-5.630826678579751,5.630826678579751,31.706209084205476,0.3038480334572168,3,Sunday,12
2013-12-15 04:00:00,1843.218000000001,1880.965368775972,-37.747368775970926,37.747368775970926,1424.8638495091448,2.047905824268801,4,Sunday,12
2013-12-15 04:30:00,1892.252000000002,1911.394583369047,-19.14258336904504,19.14258336904504,366.4384980408398,1.011629707303521,4,Sunday,12
2013-12-15 05:00:00,1928.2359999999944,1991.5472446031736,-63.31124460317915,63.31124460317915,4008.313693203581,3.2833763399905056,5,Sunday,12
2013-12-15 05:30:00,1964.5380000000043,2063.518765059524,-98.98076505951963,98.98076505951963,9797.19185176782,5.038373656275389,5,Sunday,12
2013-12-15 06:00:00,2072.124000000006,2098.4697932777785,-26.345793277772373,26.345793277772373,694.1008234351159,1.2714390296030689,6,Sunday,12
2013-12-15 06:30:00,2277.341999999992,2283.561559801588,-6.219559801596006,6.219559801596006,38.68292412562895,0.27310609480684184,6,Sunday,12
2013-12-15 07:00:00,2591.486000000004,2552.229394404762,39.256605595242036,39.256605595242036,1541.0810828603883,1.5148299313691826,7,Sunday,12
2013-12-15 07:30:00,2833.472000000017,2882.881851214284,-49.40985121426684,49.40985121426684,2441.333397015986,1.7437917584598168,7,Sunday,12
2013-12-15 08:00:00,3017.1660000000006,3060.293512730516,-43.127512730515264,43.127512730515264,1859.982354320756,1.4294047039677384,8,Sunday,12
2013-12-15 08:30:00,3245.4480000000067,3225.4640750476187,19.98392495238795,19.98392495238795,399.3572565026738,0.6157524308627934,8,Sunday,12
2013-12-15 09:00:00,3280.185999999996,3323.174075297618,-42.98807529762189,42.98807529762189,1847.9746177940094,1.31053773467791,9,Sunday,12
2013-12-15 09:30:00,3342.013999999992,3335.331557723444,6.682442276548045,6.682442276548045,44.655034779396615,0.1999525518608857,9,Sunday,12
2013-12-15 10:00:00,3314.739999999992,3353.494343365081,-38.75434336508897,38.75434336508897,1501.8991296592155,1.169151829859629,10,Sunday,12
2013-12-15 10:30:00,3322.4060000000027,3299.8590907301605,22.546909269842217,22.546909269842217,508.36311762249693,0.6786319694174101,10,Sunday,12
2013-12-15 11:00:00,3345.730000000008,3314.90949759596,30.820502404048057,30.820502404048057,949.903368437932,0.9211891695996982,11,Sunday,12
2013-12-15 11:30:00,3400.0019999999995,3335.082607345961,64.91939265403835,64.91939265403835,4214.527542569208,1.909392778417141,11,Sunday,12
2013-12-15 12:00:00,3434.4299999999967,3397.986477898556,36.44352210144052,36.44352210144052,1328.1303031581838,1.0611228675920183,12,Sunday,12
2013-12-15 12:30:00,3415.836000000017,3426.175574376861,-10.339574376843757,10.339574376843757,106.90679829428396,0.30269528094568077,12,Sunday,12
2013-12-15 13:00:00,3535.9499999999985,3364.5898915321754,171.360108467823,171.360108467823,29364.286774104068,4.846225440626227,13,Sunday,12
2013-12-15 13:30:00,3575.639999999997,3628.484852440477,-52.844852440479826,52.844852440479826,2792.5784294560867,1.4779131131903622,13,Sunday,12
2013-12-15 14:00:00,3580.223999999992,3633.136639746033,-52.912639746040895,52.912639746040895,2799.7474448943067,1.4779142239714893,14,Sunday,12
2013-12-15 14:30:00,3630.118000000004,3629.469245031744,0.6487549682601639,0.6487549682601639,0.4208830088422462,0.017871456747691482,14,Sunday,12
2013-12-15 15:00:00,3742.949999999997,3753.037596773808,-10.087596773811129,10.087596773811129,101.75960867100468,0.269509258040079,15,Sunday,12
2013-12-15 15:30:00,3856.0099999999975,3843.0265995245295,12.983400475467988,12.983400475467988,168.5686879063824,0.33670557066677725,15,Sunday,12
2013-12-15 16:00:00,3976.627999999997,4082.8917802619017,-106.26378026190469,106.26378026190469,11291.990995550364,2.672208219172243,16,Sunday,12
2013-12-15 16:30:00,4224.215999999999,4189.614887904763,34.6011120952362,34.6011120952362,1197.236958227101,0.8191132294190498,16,Sunday,12
2013-12-15 17:00:00,4314.351999999999,4453.681951417388,-139.32995141738866,139.32995141738866,19412.835361971884,3.2294525670920846,17,Sunday,12
2013-12-15 17:30:00,4498.719999999979,4501.187994309523,-2.4679943095434282,2.4679943095434282,6.090995911938743,0.05485992259005761,17,Sunday,12
2013-12-15 18:00:00,4488.782000000007,4630.9210910873,-142.1390910872924,142.1390910872924,20203.521215121607,3.1665403017409215,18,Sunday,12
2013-12-15 18:30:00,4452.053999999999,4507.633312658728,-55.57931265872867,55.57931265872867,3089.0599956167166,1.2483970917407712,18,Sunday,12
2013-12-15 19:00:00,4434.737999999992,4438.084681246029,-3.3466812460364963,3.3466812460364963,11.200275362572395,0.07546514012860517,19,Sunday,12
2013-12-15 19:30:00,4503.14,4351.1287825086565,152.0112174913438,152.0112174913438,23107.410243200633,3.375671586744889,19,Sunday,12
2013-12-15 20:00:00,4536.186000000018,4403.761027936762,132.42497206325606,132.42497206325606,17536.37322595415,2.9193020758684836,20,Sunday,12
2013-12-15 20:30:00,4347.217999999999,4428.998904531199,-81.78090453119967,81.78090453119967,6688.116345941195,1.8812239121939522,20,Sunday,12
2013-12-15 21:00:00,4084.955999999995,4101.779017607141,-16.823017607146085,16.823017607146085,283.01392141034717,0.411828612282387,21,Sunday,12
2013-12-15 21:30:00,3772.101999999999,3797.960868492065,-25.858868492065994,25.858868492065994,668.6810796899634,0.6855294075310265,21,Sunday,12
2013-12-15 22:00:00,3433.8959999999947,3407.6311354444456,26.26486455554914,26.26486455554914,689.8431101213414,0.7648707053314713,22,Sunday,12
2013-12-15 22:30:00,3086.221999999994,3080.0657326904743,6.156267309519535,6.156267309519535,37.8996271862589,0.19947584164455917,22,Sunday,12
2013-12-15 23:00:00,2732.8459999999977,2791.3442653293628,-58.49826532936504,58.49826532936504,3422.047046544792,2.1405620854363945,23,Sunday,12
2013-12-15 23:30:00,2482.874,2489.636665357143,-6.762665357143305,6.762665357143305,45.73364273270619,0.2723724746863234,23,Sunday,12
2013-12-16 00:00:00,2301.4999999999973,2280.461805896826,21.038194103171463,21.038194103171463,442.6056111227185,0.9141079340939166,0,Monday,12
2013-12-16 00:30:00,2148.177999999997,2159.7429802121205,-11.564980212123373,11.564980212123373,133.74876730680518,0.5383622871160298,0,Monday,12
2013-12-16 01:00:00,2035.832000000004,2042.1833472500005,-6.351347249996479,6.351347249996479,40.33961189003784,0.3119779652739748,1,Monday,12
2013-12-16 01:30:00,1999.4300000000007,1940.7245442460303,58.705455753970455,58.705455753970455,3446.3305352813827,2.9361095789285163,1,Monday,12
2013-12-16 02:00:00,1952.750000000004,1925.0387706349204,27.711229365083682,27.711229365083682,767.9122329242762,1.4190874082746703,2,Monday,12
2013-12-16 02:30:00,1895.6579999999965,1903.923076464285,-8.26507646428854,8.26507646428854,68.31148896053637,0.43600040008738683,2,Monday,12
2013-12-16 03:00:00,1886.857999999999,1851.1491066111105,35.708893388888555,35.708893388888555,1275.1250670590086,1.8925056039664125,3,Monday,12
2013-12-16 03:30:00,1869.4959999999903,1887.2860219642853,-17.790021964294965,17.790021964294965,316.4848814900973,0.9515945454975596,3,Monday,12
2013-12-16 04:00:00,1877.89,1901.4328131071425,-23.542813107142365,23.542813107142365,554.2640489978344,1.2536843535639661,4,Monday,12
2013-12-16 04:30:00,1956.248,1949.4767317023825,6.771268297617553,6.771268297617553,45.85007435832051,0.3461354745215102,4,Monday,12
2013-12-16 05:00:00,2111.833999999997,2082.1074868412707,29.726513158726448,29.726513158726448,883.6655845759367,1.4076159943786533,5,Monday,12
2013-12-16 05:30:00,2261.769999999997,2360.963279678571,-99.19327967857407,99.19327967857407,9839.306733391815,4.385648393893907,5,Monday,12
2013-12-16 06:00:00,2445.041999999994,2538.5804607063483,-93.53846070635427,93.53846070635427,8749.443631314181,3.8256381978859464,6,Monday,12
2013-12-16 06:30:00,2837.8060000000023,2746.579065507937,91.22693449206554,91.22693449206554,8322.353576819618,3.214699471777333,6,Monday,12
2013-12-16 07:00:00,3055.2619999999874,3043.2576534444424,12.004346555544998,12.004346555544998,144.10433622562508,0.3929072713091397,7,Monday,12
2013-12-16 07:30:00,3039.621999999997,3095.3717776587305,-55.749777658733365,55.749777658733365,3108.0377089982057,1.8341023212338052,7,Monday,12
2013-12-16 08:00:00,2872.389999999997,2954.873433654764,-82.48343365476694,82.48343365476694,6803.51682748034,2.871595906362542,8,Monday,12
2013-12-16 08:30:00,2848.6639999999984,2806.015831722225,42.64816827777349,42.64816827777349,1818.8662574492853,1.497128769057127,8,Monday,12
2013-12-16 09:00:00,2822.261999999998,2795.876105098123,26.385894901874963,26.385894901874963,696.2154497727911,0.9349201067043025,9,Monday,12
2013-12-16 09:30:00,2805.464000000004,2763.820391272005,41.64360872799898,41.64360872799898,1734.190147890673,1.4843750883275963,9,Monday,12
2013-12-16 10:00:00,2743.0000000000005,2763.297979880951,-20.297979880950606,20.297979880950606,412.00798724747557,0.7399919752442802,10,Monday,12
2013-12-16 10:30:00,2739.427999999992,2726.838988809686,12.589011190306337,12.589011190306337,158.48320274965818,0.4595488981753261,10,Monday,12
2013-12-16 11:00:00,2816.612000000005,2734.41780072635,82.19419927365516,82.19419927365516,6755.886394237335,2.9181938894549555,11,Monday,12
2013-12-16 11:30:00,2929.6920000000023,2826.6709525911983,103.02104740880395,103.02104740880395,10613.336209207031,3.5164463502922447,11,Monday,12
2013-12-16 12:00:00,3019.8479999999977,3025.367621274724,-5.519621274726433,5.519621274726433,30.466219016412648,0.18277811581001552,12,Monday,12
2013-12-16 12:30:00,3043.654000000013,3120.5705324246023,-76.91653242458915,76.91653242458915,5916.152960222874,2.527111571308329,12,Monday,12
2013-12-16 13:00:00,3004.377999999983,3096.090950784547,-91.71295078456433,91.71295078456433,8411.26534161192,3.0526435350200556,13,Monday,12
2013-12-16 13:30:00,3040.006000000009,3030.5352680254723,9.470731974536648,9.470731974536648,89.69476413351083,0.3115366211295839,13,Monday,12
2013-12-16 14:00:00,3078.449999999996,3058.433591414006,20.01640858599012,20.01640858599012,400.656612681299,0.6502106120284605,14,Monday,12
2013-12-16 14:30:00,3166.061999999993,3105.1644268274504,60.89757317254271,60.89757317254271,3708.514418305193,1.9234485355164503,14,Monday,12
2013-12-16 15:00:00,3315.4039999999954,3329.810542329365,-14.406542329369586,14.406542329369586,207.54846188791765,0.434533538880016,15,Monday,12
2013-12-16 15:30:00,3567.424000000009,3473.8930142142863,93.5309857857228,93.5309857857228,8748.045302049082,2.621807382181725,15,Monday,12
2013-12-16 16:00:00,3769.435999999985,3947.1687120833335,-177.73271208334836,177.73271208334836,31588.916944502405,4.715100935082836,16,Monday,12
2013-12-16 16:30:00,4012.754000000001,4058.8448189285687,-46.09081892856784,46.09081892856784,2124.3635895060274,1.1486081361720115,16,Monday,12
2013-12-16 17:00:00,4205.481999999993,4285.920359443724,-80.43835944373131,80.43835944373131,6470.329669998919,1.9127025022038249,17,Monday,12
2013-12-16 17:30:00,4447.049999999994,4511.14090836508,-64.09090836508585,64.09090836508585,4107.644535061831,1.441200534401141,17,Monday,12
2013-12-16 18:00:00,4559.416000000005,4609.624269253968,-50.20826925396341,50.20826925396341,2520.8703014784874,1.1011995670928767,18,Monday,12
2013-12-16 18:30:00,4511.208000000006,4581.016364654763,-69.80836465475659,69.80836465475659,4873.207775771469,1.5474428280575068,18,Monday,12
2013-12-16 19:00:00,4421.466000000001,4428.200564599204,-6.734564599202713,6.734564599202713,45.3543603408344,0.15231519589210257,19,Monday,12
2013-12-16 19:30:00,4532.545999999988,4327.033832734125,205.51216726586335,205.51216726586335,42235.250894312194,4.534144105009941,19,Monday,12
2013-12-16 20:00:00,4574.679999999991,4511.037367880956,63.642632119035625,63.642632119035625,4050.384623038905,1.3911930915175652,20,Monday,12
2013-12-16 20:30:00,4335.414,4492.477793559525,-157.06379355952504,157.06379355952504,24669.0352473091,3.6228095761909946,20,Monday,12
2013-12-16 21:00:00,4076.2320000000063,4094.0942714761886,-17.862271476182286,17.862271476182286,319.0607422888353,0.43820546711232966,21,Monday,12
2013-12-16 21:30:00,3745.5479999999934,3778.456208873015,-32.90820887302152,32.90820887302152,1082.9502112304124,0.8785953049599572,21,Monday,12
2013-12-16 22:00:00,3371.9440000000022,3373.440388269841,-1.496388269838917,1.496388269838917,2.2391778541115075,0.04437761332450705,22,Monday,12
2013-12-16 22:30:00,3027.0019999999868,3027.1187819761903,-0.11678197620358333,0.11678197620358333,0.013638029966014303,0.003858007897040829,22,Monday,12
2013-12-16 23:00:00,2678.976000000011,2724.713577690476,-45.73757769046506,45.73757769046506,2091.9260129913273,1.707278366452886,23,Monday,12
2013-12-16 23:30:00,2431.59200000001,2410.7394937499994,20.85250625001072,20.85250625001072,434.8270169067361,0.857565999970827,23,Monday,12
2013-12-17 00:00:00,2238.3520000000067,2223.082518444444,15.269481555562834,15.269481555562834,233.1570669756736,0.682175169748225,0,Tuesday,12
2013-12-17 00:30:00,2102.531999999998,2092.934079476189,9.59792052380908,9.59792052380908,92.12007838135557,0.4564934338126168,0,Tuesday,12
2013-12-17 01:00:00,1998.307999999996,1974.83857281746,23.46942718253581,23.46942718253581,550.8140122763508,1.174464956479975,1,Tuesday,12
2013-12-17 01:30:00,1939.2480000000005,1923.5731781547613,15.674821845239194,15.674821845239194,245.70003987998786,0.808293825505515,1,Tuesday,12
2013-12-17 02:00:00,1903.6699999999985,1885.998989166666,17.671010833332502,17.671010833332502,312.2646238717547,0.9282601939061138,2,Tuesday,12
2013-12-17 02:30:00,1851.926000000004,1843.8021067499983,8.123893250005722,8.123893250005722,65.99764153748853,0.4386726710465593,2,Tuesday,12
2013-12-17 03:00:00,1826.648,1809.6460326309516,17.001967369048316,17.001967369048316,289.0668944181837,0.9307741485523383,3,Tuesday,12
2013-12-17 03:30:00,1809.309999999996,1842.829033819624,-33.51903381962802,33.51903381962802,1123.525628201367,1.8525865561804276,3,Tuesday,12
2013-12-17 04:00:00,1827.782000000004,1853.110184944443,-25.328184944439045,25.328184944439045,641.5169525797087,1.3857333612235478,4,Tuesday,12
2013-12-17 04:30:00,1948.409999999997,1906.0397789704189,42.37022102957803,42.37022102957803,1795.2356300952965,2.1746049871217097,4,Tuesday,12
2013-12-17 05:00:00,2054.0000000000005,2090.448811805555,-36.44881180555467,36.44881180555467,1328.5158820367415,1.7745283254895161,5,Tuesday,12
2013-12-17 05:30:00,2260.924000000002,2288.361016218253,-27.4370162182513,27.4370162182513,752.789858960585,1.2135311146350465,5,Tuesday,12
2013-12-17 06:00:00,2471.680000000002,2560.72310876984,-89.043108769838,89.043108769838,7928.675219397201,3.60253385429497,6,Tuesday,12
2013-12-17 06:30:00,2775.5819999999885,2771.8525738571443,3.729426142844204,3.729426142844204,13.908619354929797,0.13436555442585446,6,Tuesday,12
2013-12-17 07:00:00,2989.3720000000067,3009.1979578015867,-19.82595780157999,19.82595780157999,393.06860275003044,0.6632148090495242,7,Tuesday,12
2013-12-17 07:30:00,2914.2040000000115,3132.104001119049,-217.90000111903737,217.90000111903737,47480.41048767649,7.477170476707756,7,Tuesday,12
2013-12-17 08:00:00,2790.968000000001,2920.9179975561083,-129.94999755610706,129.94999755610706,16887.001864832233,4.656090559121674,8,Tuesday,12
2013-12-17 08:30:00,2722.174000000001,2745.058968815474,-22.884968815473258,22.884968815473258,523.7217976851834,0.8406872160072518,8,Tuesday,12
2013-12-17 09:00:00,2767.781999999996,2684.461694920912,83.32030507908394,83.32030507908394,6942.27323847162,3.0103637164734813,9,Tuesday,12
2013-12-17 09:30:00,2688.810000000002,2692.9676476666664,-4.157647666664161,4.157647666664161,17.286034120117943,0.15462779693113896,9,Tuesday,12
2013-12-17 10:00:00,2708.048,2680.051644928236,27.9963550717639,27.9963550717639,783.7958973042803,1.033820488845246,10,Tuesday,12
2013-12-17 10:30:00,2748.9840000000063,2716.04742328407,32.9365767159361,32.9365767159361,1084.818085764744,1.198136355683992,10,Tuesday,12
2013-12-17 11:00:00,2785.0800000000054,2752.9892507747736,32.090749225231775,32.090749225231775,1029.8161858367139,1.1522379689356037,11,Tuesday,12
2013-12-17 11:30:00,2893.914000000006,2824.7424584384903,69.17154156151582,69.17154156151582,4784.702161996511,2.3902417819436126,11,Tuesday,12
2013-12-17 12:00:00,2920.6079999999943,2988.1774015238084,-67.56940152381412,67.56940152381412,4565.624022286414,2.313538876967202,12,Tuesday,12
2013-12-17 12:30:00,2919.354000000004,2928.877438249636,-9.523438249631909,9.523438249631909,90.69587609455208,0.32621731553048705,12,Tuesday,12
2013-12-17 13:00:00,2976.941999999998,2906.410444555192,70.53155544480614,70.53155544480614,4974.700313463763,2.369261995860389,13,Tuesday,12
2013-12-17 13:30:00,3074.0179999999928,3050.284190725354,23.73380927463859,23.73380927463859,563.2937026849206,0.7720777586415773,13,Tuesday,12
2013-12-17 14:00:00,3152.237999999993,3131.91402700677,20.323972993222924,20.323972993222924,413.0638782292548,0.6447474141617152,14,Tuesday,12
2013-12-17 14:30:00,3241.386000000003,3202.6664464285727,38.719553571430424,38.719553571430424,1499.2038287708706,1.1945369533721188,14,Tuesday,12
2013-12-17 15:00:00,3448.746000000003,3392.9647948214274,55.78120517857542,55.78120517857542,3111.5428511743294,1.6174344291686131,15,Tuesday,12
2013-12-17 15:30:00,3659.6999999999903,3657.1700800357135,2.5299199642768144,2.5299199642768144,6.400495025646398,0.06912916261652106,15,Tuesday,12
2013-12-17 16:00:00,3817.855999999993,3989.066025523808,-171.21002552381515,171.21002552381515,29312.872839865435,4.484454770526061,16,Tuesday,12
2013-12-17 16:30:00,4154.6000000000095,4124.4206780079385,30.17932199207098,30.17932199207098,910.7914759010991,0.7264074036506742,16,Tuesday,12
2013-12-17 17:00:00,4281.387999999992,4506.310978476193,-224.92297847620102,224.92297847620102,50590.346246605586,5.25350607037254,17,Tuesday,12
2013-12-17 17:30:00,4540.810000000002,4561.71635288095,-20.906352880947452,20.906352880947452,437.0755907826998,0.46041021053396736,17,Tuesday,12
2013-12-17 18:00:00,4678.276000000006,4740.565245575397,-62.28924557539085,62.28924557539085,3879.9501143513485,1.3314572627906256,18,Tuesday,12
2013-12-17 18:30:00,4598.906000000002,4670.629434829367,-71.72343482936503,71.72343482936503,5144.251103722173,1.5595760128466423,18,Tuesday,12
2013-12-17 19:00:00,4444.894000000008,4546.004405964288,-101.11040596427938,101.11040596427938,10223.314194261384,2.27475404282485,19,Tuesday,12
2013-12-17 19:30:00,4451.2239999999965,4329.97651999206,121.24748000793625,121.24748000793625,14700.9514082749,2.723913242917821,19,Tuesday,12
2013-12-17 20:00:00,4613.545999999994,4346.337406205881,267.20859379411286,267.20859379411286,71400.4325974272,5.791826802943185,20,Tuesday,12
2013-12-17 20:30:00,4488.490000000013,4540.723327913535,-52.23332791352186,52.23332791352186,2728.320544921502,1.1637171501667978,20,Tuesday,12
2013-12-17 21:00:00,4213.089999999996,4263.962868586834,-50.872868586838194,50.872868586838194,2588.0487582537085,1.207495415166499,21,Tuesday,12
2013-12-17 21:30:00,3918.356000000003,3917.3809400634905,0.9750599365124799,0.9750599365124799,0.9507418797917213,0.024884414190861653,21,Tuesday,12
2013-12-17 22:00:00,3543.680000000002,3545.745996964287,-2.06599696428475,2.06599696428475,4.2683434564338025,0.058300889591744995,22,Tuesday,12
2013-12-17 22:30:00,3125.034000000004,3163.7202238333325,-38.68622383332831,38.68622383332831,1496.6239144823796,1.2379456938173556,22,Tuesday,12
2013-12-17 23:00:00,2778.8279999999945,2799.5740790555515,-20.746079055556947,20.746079055556947,430.3997961794186,0.7465765803265617,23,Tuesday,12
2013-12-17 23:30:00,2517.934,2509.0385285476164,8.895471452383845,8.895471452383845,79.12941236017595,0.35328453614685074,23,Tuesday,12
2013-12-18 00:00:00,2322.2479999999905,2288.324357555553,33.92364244443752,33.92364244443752,1150.8135166980428,1.4608104924382606,0,Wednesday,12
2013-12-18 00:30:00,2197.413999999992,2157.6905290595246,39.72347094046745,39.72347094046745,1577.954143558162,1.807737228417931,0,Wednesday,12
2013-12-18 01:00:00,2092.511999999999,2068.973646150794,23.538353849204668,23.538353849204668,554.0541019303682,1.1248850113741131,1,Wednesday,12
2013-12-18 01:30:00,1999.2800000000032,1998.9241858809507,0.3558141190524111,0.3558141190524111,0.12660368731704338,0.017797112913269304,1,Wednesday,12
2013-12-18 02:00:00,1957.208,1927.0660114047607,30.141988595239354,30.141988595239354,908.5394764755393,1.5400503469860818,2,Wednesday,12
2013-12-18 02:30:00,1918.7419999999968,1894.6367425119024,24.105257488094367,24.105257488094367,581.0634385673295,1.2563053025416866,2,Wednesday,12
2013-12-18 03:00:00,1893.8019999999983,1874.453531488096,19.34846851190241,19.34846851190241,374.36323375607907,1.021673253692964,3,Wednesday,12
2013-12-18 03:30:00,1877.355999999996,1855.223278857143,22.132721142852915,22.132721142852915,489.85734518728844,1.1789304289038927,3,Wednesday,12
2013-12-18 04:00:00,1878.0679999999995,1891.367186369047,-13.299186369047447,13.299186369047447,176.86835807865742,0.7081312481255977,4,Wednesday,12
2013-12-18 04:30:00,1992.972000000001,1952.668780607144,40.30321939285682,40.30321939285682,1624.3494934287498,2.0222672166421205,4,Wednesday,12
2013-12-18 05:00:00,2125.735999999998,2153.0005699999992,-27.264570000001186,27.264570000001186,743.3567772849647,1.2825943579071537,5,Wednesday,12
2013-12-18 05:30:00,2345.974000000004,2381.6251381904767,-35.65113819047292,35.65113819047292,1271.0036542761968,1.5196732014281855,5,Wednesday,12
2013-12-18 06:00:00,2491.605999999996,2663.543839293651,-171.9378392936551,171.9378392936551,29562.620580970764,6.900683306014487,6,Wednesday,12
2013-12-18 06:30:00,2836.734000000001,2808.92068939286,27.81331060714092,27.81331060714092,773.5802469292976,0.9804694626687208,6,Wednesday,12
2013-12-18 07:00:00,3051.0519999999988,3049.121123158728,1.930876841270674,1.930876841270674,3.7282853761554158,0.06328560907092619,7,Wednesday,12
2013-12-18 07:30:00,3021.2439999999992,3114.4409673253963,-93.19696732539705,93.19696732539705,8685.674718651126,3.0847216353726172,7,Wednesday,12
2013-12-18 08:00:00,2828.924000000003,2930.463977730161,-101.53997773015772,101.53997773015772,10310.367077440926,3.589349792718277,8,Wednesday,12
2013-12-18 08:30:00,2765.7220000000043,2774.30931776074,-8.587317760735914,8.587317760735914,73.74202632385047,0.3104909951447,8,Wednesday,12
2013-12-18 09:00:00,2738.950000000008,2699.713735220924,39.236264779084195,39.236264779084195,1539.484473814403,1.4325294283971624,9,Wednesday,12
2013-12-18 09:30:00,2761.823999999993,2691.295476137363,70.52852386262975,70.52852386262975,4974.272678241535,2.5536936409644473,9,Wednesday,12
2013-12-18 10:00:00,2744.592,2700.051174149712,44.540825850288,44.540825850288,1983.885167425684,1.6228578182217248,10,Wednesday,12
2013-12-18 10:30:00,2813.2760000000017,2741.8534288808355,71.42257111916615,71.42257111916615,5101.183665272347,2.5387687208495047,10,Wednesday,12
2013-12-18 11:00:00,2838.3279999999963,2832.464133661544,5.863866338452226,5.863866338452226,34.384928435233114,0.20659579648484014,11,Wednesday,12
2013-12-18 11:30:00,2943.306,2872.2502763451694,71.05572365483067,71.05572365483067,5048.915864111663,2.414146665512545,11,Wednesday,12
2013-12-18 12:00:00,3001.684,2973.5805968787845,28.103403121215706,28.103403121215706,789.8012669935567,0.9362545531513545,12,Wednesday,12
2013-12-18 12:30:00,3003.8479999999954,3061.2192656703987,-57.37126567040332,57.37126567040332,3291.462124623998,1.9099257242844312,12,Wednesday,12
2013-12-18 13:00:00,3056.428000000001,3049.747353634919,6.680646365081884,6.680646365081884,44.631035855281795,0.2185769259109615,13,Wednesday,12
2013-12-18 13:30:00,3110.769999999989,3114.459771042485,-3.689771042495977,3.689771042495977,13.614410346041847,0.11861278855383041,13,Wednesday,12
2013-12-18 14:00:00,3102.003999999995,3138.6958630039694,-36.691863003974504,36.691863003974504,1346.292810702433,1.1828438326957207,14,Wednesday,12
2013-12-18 14:30:00,3205.7140000000063,3137.0504484127,68.6635515873063,68.6635515873063,4714.683316582674,2.1419113366727713,14,Wednesday,12
2013-12-18 15:00:00,3420.421999999999,3382.540153666664,37.881846333335034,37.881846333335034,1435.034281622409,1.107519666676657,15,Wednesday,12
2013-12-18 15:30:00,3670.8680000000086,3583.223750416666,87.64424958334257,87.64424958334257,7681.5144850272445,2.3875620039549874,15,Wednesday,12
2013-12-18 16:00:00,3863.624000000009,3996.434274801586,-132.81027480157718,132.81027480157718,17638.569092870446,3.437453406479949,16,Wednesday,12
2013-12-18 16:30:00,4123.227999999994,4182.9318493174615,-59.70384931746776,59.70384931746776,3564.549623322895,1.4479880646296506,16,Wednesday,12
2013-12-18 17:00:00,4290.955999999997,4435.419634761903,-144.46363476190527,144.46363476190527,20869.741768621163,3.366700445353095,17,Wednesday,12
2013-12-18 17:30:00,4455.7260000000015,4571.322347916666,-115.59634791666485,115.59634791666485,13362.515651670627,2.5943325042128897,17,Wednesday,12
2013-12-18 18:00:00,4474.231999999986,4621.800049373015,-147.56804937302877,147.56804937302877,21776.329195760656,3.298176075201939,18,Wednesday,12
2013-12-18 18:30:00,4400.611999999993,4476.822305849206,-76.210305849213,76.210305849213,5808.010717630589,1.73181152642435,18,Wednesday,12
2013-12-18 19:00:00,4339.916000000009,4338.13287611111,1.783123888899354,1.783123888899354,3.1795308031635554,0.041086599116189115,19,Wednesday,12
2013-12-18 19:30:00,4297.067999999988,4272.982822672864,24.085177327124256,24.085177327124256,580.0957668790203,0.5605025875113989,19,Wednesday,12
2013-12-18 20:00:00,4492.693999999986,4193.767043589167,298.926956410819,298.926956410819,89357.32526903569,6.653623781428691,20,Wednesday,12
2013-12-18 20:30:00,4379.7660000000005,4480.2846054761885,-100.51860547618799,100.51860547618799,10103.990046877529,2.295067943725486,20,Wednesday,12
2013-12-18 21:00:00,4158.899999999996,4208.362648730159,-49.46264873016298,49.46264873016298,2446.5536194034935,1.1893204628666962,21,Wednesday,12
2013-12-18 21:30:00,3878.666000000008,3937.375734944084,-58.70973494407599,58.70973494407599,3446.8329772036573,1.5136579159967851,21,Wednesday,12
2013-12-18 22:00:00,3562.041999999996,3550.2693439444474,11.772656055548396,11.772656055548396,138.5954306022403,0.33050301078843003,22,Wednesday,12
2013-12-18 22:30:00,3175.917999999995,3231.1479369365056,-55.22993693651051,55.22993693651051,3050.345934010928,1.7390227624425632,22,Wednesday,12
2013-12-18 23:00:00,2815.255999999987,2835.235735638888,-19.97973563890082,19.97973563890082,399.1898362003636,0.7096951623191963,23,Wednesday,12
2013-12-18 23:30:00,2558.2460000000024,2516.729697940474,41.51630205952824,41.51630205952824,1723.603336697989,1.6228424498475988,23,Wednesday,12
2013-12-19 00:00:00,2338.907999999999,2341.311850416666,-2.4038504166669554,2.4038504166669554,5.778496825709896,0.10277661270417461,0,Thursday,12
2013-12-19 00:30:00,2177.6420000000026,2167.478373333334,10.163626666668733,10.163626666668733,103.29930701941979,0.46672624180966027,0,Thursday,12
2013-12-19 01:00:00,2051.4240000000013,2064.934218103176,-13.510218103174793,13.510218103174793,182.5259931953519,0.6585775589626905,1,Thursday,12
2013-12-19 01:30:00,1985.8739999999927,1959.0290799682532,26.844920031739548,26.844920031739548,720.6497315104913,1.3517937206358333,1,Thursday,12
2013-12-19 02:00:00,1924.0299999999927,1914.4126477142852,9.617352285707511,9.617352285707511,92.4934649874035,0.4998545909215318,2,Thursday,12
2013-12-19 02:30:00,1913.4239999999927,1885.2784192976185,28.145580702374218,28.145580702374218,792.17371307386,1.4709536779289025,2,Thursday,12
2013-12-19 03:00:00,1876.892,1877.56860470238,-0.6766047023800184,0.6766047023800184,0.4577939232827532,0.03604920807270841,3,Thursday,12
2013-12-19 03:30:00,1861.634000000004,1857.5361574761907,4.0978425238133696,4.0978425238133696,16.792313349973128,0.220120739297486,3,Thursday,12
2013-12-19 04:00:00,1885.295999999992,1886.7383033214292,-1.4423033214370662,1.4423033214370662,2.080238871028393,0.07650275189875076,4,Thursday,12
2013-12-19 04:30:00,1986.173999999998,1947.832213845238,38.34178615476003,38.34178615476003,1470.0925655373478,1.9304344007503909,4,Thursday,12
2013-12-19 05:00:00,2128.4559999999974,2149.786305444444,-21.33030544444682,21.33030544444682,454.98193035339773,1.0021492313887084,5,Thursday,12
2013-12-19 05:30:00,2275.2560000000035,2380.080912047619,-104.82491204761573,104.82491204761573,10988.262185790372,4.607170008456875,5,Thursday,12
2013-12-19 06:00:00,2506.706000000004,2522.99858954762,-16.29258954761599,16.29258954761599,265.4484741670858,0.6499601288549978,6,Thursday,12
2013-12-19 06:30:00,2710.643999999997,2822.6836536904784,-112.03965369048137,112.03965369048137,12552.883999082997,4.133322328217261,6,Thursday,12
2013-12-19 07:00:00,2922.1420000000044,2981.6485219285714,-59.506521928567054,59.506521928567054,3541.026152035032,2.036400761104935,7,Thursday,12
2013-12-19 07:30:00,2887.614000000005,3097.775897531744,-210.16189753173876,210.16189753173876,44168.02317414106,7.278046772585893,7,Thursday,12
2013-12-19 08:00:00,2864.500000000003,2947.206234288599,-82.70623428859562,82.70623428859562,6840.32119020007,2.887283445229378,8,Thursday,12
2013-12-19 08:30:00,2818.763999999998,2848.6131514230765,-29.849151423078638,29.849151423078638,890.9718406778775,1.058944680117905,8,Thursday,12
2013-12-19 09:00:00,2865.234000000009,2766.6990717124804,98.5349282875286,98.5349282875286,9709.132092628404,3.4389836323151366,9,Thursday,12
2013-12-19 09:30:00,2933.606000000006,2842.416208880951,91.18979111905492,91.18979111905492,8315.578004336867,3.1084539341361697,9,Thursday,12
2013-12-19 10:00:00,2938.227999999992,2901.9149246309494,36.31307536904251,36.31307536904251,1318.6394427577618,1.2358835110496058,10,Thursday,12
2013-12-19 10:30:00,3006.157999999999,2903.589389047617,102.56861095238219,102.56861095238219,10520.319952701135,3.411950102169687,10,Thursday,12
2013-12-19 11:00:00,3064.3659999999995,3070.80262890476,-6.436628904760255,6.436628904760255,41.4301916575952,0.21004765438463474,11,Thursday,12
2013-12-19 11:30:00,3134.088000000001,3123.740356121848,10.347643878153121,10.347643878153121,107.07373382907977,0.33016443310312654,11,Thursday,12
2013-12-19 12:00:00,3227.0540000000024,3172.84197390832,54.21202609168222,54.21202609168222,2938.9437729652336,1.6799231153765068,12,Thursday,12
2013-12-19 12:30:00,3313.45400000001,3273.1662814443016,40.28771855570858,40.28771855570858,1623.1002664239854,1.215882838744961,12,Thursday,12
2013-12-19 13:00:00,3399.444000000011,3408.1311593957416,-8.68715939573076,8.68715939573076,75.46673836683321,0.2555464774748674,13,Thursday,12
2013-12-19 13:30:00,3449.3280000000027,3458.53419103878,-9.206191038777433,9.206191038777433,84.75395344246591,0.2668981041749995,13,Thursday,12
2013-12-19 14:00:00,3589.0139999999933,3518.98020696123,70.03379303876318,70.03379303876318,4904.732167396314,1.9513379730132931,14,Thursday,12
2013-12-19 14:30:00,3727.578000000001,3715.7853202853535,11.79267971464742,11.79267971464742,139.06729485225677,0.3163630570479657,14,Thursday,12
2013-12-19 15:00:00,3884.250000000002,3858.27274357215,25.9772564278519,25.9772564278519,674.8178515183728,0.6687843580575886,15,Thursday,12
2013-12-19 15:30:00,4109.705999999991,4138.066821924605,-28.360821924614356,28.360821924614356,804.3362202396863,0.6900936934324358,15,Thursday,12
2013-12-19 16:00:00,4321.497999999997,4386.916349561689,-65.41834956169168,65.41834956169168,4279.560459375686,1.5137887270037318,16,Thursday,12
2013-12-19 16:30:00,4605.551999999981,4581.140676837301,24.411323162679764,24.411323162679764,595.9126985527855,0.5300412016340249,16,Thursday,12
2013-12-19 17:00:00,4800.201999999988,4838.893802067458,-38.691802067469325,38.691802067469325,1497.0555472282235,0.8060452886663815,17,Thursday,12
2013-12-19 17:30:00,4916.248000000013,4942.159985420636,-25.91198542062284,25.91198542062284,671.4309884385707,0.5270683134907509,17,Thursday,12
2013-12-19 18:00:00,4895.26400000001,4945.806213964287,-50.542213964276925,50.542213964276925,2554.5153924107494,1.0324716698481802,18,Thursday,12
2013-12-19 18:30:00,4843.405999999995,4851.42993128968,-8.023931289684697,8.023931289684697,64.38347334158112,0.16566712123007454,18,Thursday,12
2013-12-19 19:00:00,4758.939999999989,4703.041483347296,55.898516652692706,55.898516652692706,3124.644163971364,1.1746001557635282,19,Thursday,12
2013-12-19 19:30:00,4781.821999999982,4617.099714377456,164.72228562252621,164.72228562252621,27133.431380709106,3.4447598765183405,19,Thursday,12
2013-12-19 20:00:00,4848.466000000002,4635.972938078216,212.49306192178574,212.49306192178574,45153.301364895866,4.382686439830364,20,Thursday,12
2013-12-19 20:30:00,4672.234000000004,4666.089299037812,6.144700962191564,6.144700962191564,37.75734991475793,0.13151526576347758,20,Thursday,12
2013-12-19 21:00:00,4447.750000000005,4410.717126710318,37.032873289686904,37.032873289686904,1371.4337040900057,0.8326203876046736,21,Thursday,12
2013-12-19 21:30:00,4128.6640000000125,4174.413444920637,-45.74944492062423,45.74944492062423,2093.01171054523,1.108093197233393,21,Thursday,12
2013-12-19 22:00:00,3795.4920000000047,3766.659477118688,28.83252288131689,28.83252288131689,831.314375701662,0.7596517890517713,22,Thursday,12
2013-12-19 22:30:00,3396.4320000000016,3450.599074880952,-54.16707488095017,54.16707488095017,2934.0720011584626,1.5948228871047658,22,Thursday,12
2013-12-19 23:00:00,3035.095999999993,3031.4159041071425,3.680095892850659,3.680095892850659,13.543105780576289,0.12125138357569801,23,Thursday,12
2013-12-19 23:30:00,2748.635999999996,2742.3740288968243,6.261971103171618,6.261971103171618,39.21228209695637,0.22782103935084994,23,Thursday,12
2013-12-20 00:00:00,2539.6459999999943,2503.742615396824,35.90338460317025,35.90338460317025,1289.0530259631628,1.4137161085903442,0,Friday,12
2013-12-20 00:30:00,2360.084000000005,2352.3664014166657,7.717598583339168,7.717598583339168,59.56132789355873,0.3270052499546267,0,Friday,12
2013-12-20 01:00:00,2235.065999999993,2231.1396954404768,3.926304559516211,3.926304559516211,15.415867494077789,0.17566839455820202,1,Friday,12
2013-12-20 01:30:00,2106.9019999999937,2120.137360023807,-13.235360023813428,13.235360023813428,175.1747549599586,0.6281905861693362,1,Friday,12
2013-12-20 02:00:00,2054.5339999999965,2014.5513639880944,39.98263601190206,39.98263601190206,1598.6111824602474,1.9460683547657096,2,Friday,12
2013-12-20 02:30:00,2015.9920000000025,1991.472816401516,24.519183598486507,24.519183598486507,601.1903643362897,1.216234171489097,2,Friday,12
2013-12-20 03:00:00,1962.9079999999983,1969.3669175079367,-6.458917507938395,6.458917507938395,41.71761537435312,0.32904840715603584,3,Friday,12
2013-12-20 03:30:00,1981.159999999997,1924.7706292619037,56.38937073809325,56.38937073809325,3179.761132238127,2.8462804992071984,3,Friday,12
2013-12-20 04:00:00,1969.6760000000004,1983.7117010396812,-14.035701039680816,14.035701039680816,197.00090367529714,0.712589331427139,4,Friday,12
2013-12-20 04:30:00,2063.136000000008,1992.67776638023,70.45823361977818,70.45823361977818,4964.362684819241,3.415103687773269,4,Friday,12
2013-12-20 05:00:00,2182.954,2182.7093672738074,0.24463272619277632,0.24463272619277632,0.059845170724509865,0.01120649936704009,5,Friday,12
2013-12-20 05:30:00,2339.285999999998,2430.417869515513,-91.13186951551506,91.13186951551506,8305.017641392864,3.895713030194476,5,Friday,12
2013-12-20 06:00:00,2509.232000000004,2596.108181452379,-86.87618145237502,86.87618145237502,7547.47090374599,3.4622618176547597,6,Friday,12
2013-12-20 06:30:00,2774.4839999999954,2812.3877868452414,-37.90378684524603,37.90378684524603,1436.6970572098462,1.3661562598755694,6,Friday,12
2013-12-20 07:00:00,2926.4919999999925,3084.407750301584,-157.91575030159174,157.91575030159174,24937.384193314672,5.396076609865743,7,Friday,12
2013-12-20 07:30:00,2999.992000000001,3086.697791416665,-86.70579141666394,86.70579141666394,7517.894265190034,2.890200754424142,7,Friday,12
2013-12-20 08:00:00,3069.712000000001,3032.0775808095223,37.63441919047864,37.63441919047864,1416.349507804667,1.225991858209455,8,Friday,12
2013-12-20 08:30:00,3167.385999999998,3024.64717005952,142.73882994047835,142.73882994047835,20374.3735727768,4.506518306909181,8,Friday,12
2013-12-20 09:00:00,3241.4199999999832,3145.947363928571,95.47263607141213,95.47263607141213,9115.024238424303,2.9453954153245374,9,Friday,12
2013-12-20 09:30:00,3483.056,3233.6510263246746,249.40497367532544,249.40497367532544,62202.84089398977,7.1605214982281495,9,Friday,12
2013-12-20 10:00:00,3690.0360000000073,3563.338640290402,126.69735970960528,126.69735970960528,16052.22095738511,3.433499285904122,10,Friday,12
2013-12-20 10:30:00,3996.2840000000015,3784.5267599213576,211.75724007864392,211.75724007864392,44841.12872572444,5.298853636994864,10,Friday,12
2013-12-20 11:00:00,4336.360000000003,4200.828028918831,135.53197108117274,135.53197108117274,18368.915185147845,3.1254778450399097,11,Friday,12
2013-12-20 11:30:00,4740.488000000013,4502.097465519842,238.39053448017057,238.39053448017057,56830.046929741395,5.028818435573931,11,Friday,12
2013-12-20 12:00:00,5113.707999999997,5011.021732738092,102.6862672619045,102.6862672619045,10544.46948418328,2.0080588735591585,12,Friday,12
2013-12-20 12:30:00,5487.177999999977,5355.638649976193,131.5393500237842,131.5393500237842,17302.600604679617,2.397213103416451,12,Friday,12
2013-12-20 13:00:00,5838.586,5781.175842051586,57.41015794841405,57.41015794841405,3295.926235661849,0.9832887269008976,13,Friday,12
2013-12-20 13:30:00,6101.882000000002,6047.654725702379,54.2272742976229,54.2272742976229,2940.597277749633,0.8886975247574909,13,Friday,12
2013-12-20 14:00:00,6457.559999999979,6165.76583678571,291.79416321426834,291.79416321426834,85143.83368591507,4.518644243557463,14,Friday,12
2013-12-20 14:30:00,6746.403999999981,6657.95707145239,88.4469285475916,88.4469285475916,7822.8591695027735,1.311023302897245,14,Friday,12
2013-12-20 15:00:00,7188.85400000001,7288.881969514073,-100.02796951406253,100.02796951406253,10005.594685106224,1.3914313674204872,15,Friday,12
2013-12-20 15:30:00,7537.218000000016,7591.65012150217,-54.43212150215368,54.43212150215368,2962.8558512252207,0.7221778844946977,15,Friday,12
2013-12-20 16:00:00,7824.706000000007,7741.473875476198,83.23212452380903,83.23212452380903,6927.586552746853,1.0637092885510198,16,Friday,12
2013-12-20 16:30:00,8161.936000000021,7882.706036285717,279.22996371430327,279.22996371430327,77969.37263589112,3.4211241513570134,16,Friday,12
2013-12-20 17:00:00,8442.223999999975,8372.373709384914,69.85029061506066,69.85029061506066,4879.063099008431,0.8273920546891538,17,Friday,12
2013-12-20 17:30:00,8605.955999999998,8492.40797113095,113.54802886904872,113.54802886904872,12893.154860046321,1.3194121474598375,17,Friday,12
2013-12-20 18:00:00,8568.169999999998,8740.574370999992,-172.40437099999326,172.40437099999326,29723.267139903317,2.0121492804180274,18,Friday,12
2013-12-20 18:30:00,8430.604,8681.778248833327,-251.1742488333275,251.1742488333275,63088.503276986325,2.979314991349701,18,Friday,12
2013-12-20 19:00:00,8137.230000000006,8032.795457019837,104.43454298016877,104.43454298016877,10906.573767476719,1.2834163834642587,19,Friday,12
2013-12-20 19:30:00,8012.138000000012,7790.333642511902,221.80435748810942,221.80435748810942,49197.17300071304,2.7683541832168777,19,Friday,12
2013-12-20 20:00:00,7972.577999999973,7713.106629380951,259.4713706190223,259.4713706190223,67325.39217091403,3.2545479093340095,20,Friday,12
2013-12-20 20:30:00,7715.24800000001,7681.117830023811,34.130169976198886,34.130169976198886,1164.8685026042278,0.4423729473919548,20,Friday,12
2013-12-20 21:00:00,7297.782000000008,7224.6049085119075,73.17709148810081,73.17709148810081,5354.886718657876,1.002730576058599,21,Friday,12
2013-12-20 21:30:00,6757.926000000016,6801.691313428568,-43.76531342855196,43.76531342855196,1915.4026594993907,0.6476145703364,21,Friday,12
2013-12-20 22:00:00,6119.879999999988,6063.567916626984,56.3120833730045,56.3120833730045,3171.0507338082098,0.9201501234175279,22,Friday,12
2013-12-20 22:30:00,5487.889999999987,5381.274399119048,106.61560088093847,106.61560088093847,11366.886351203568,1.9427430375051018,22,Friday,12
2013-12-20 23:00:00,4916.716000000019,4758.783076404766,157.93292359525367,157.93292359525367,24942.808355344234,3.2121628256595063,23,Friday,12
2013-12-20 23:30:00,4387.569999999986,4333.579684619047,53.99031538093914,53.99031538093914,2914.954154933273,1.23052886634149,23,Friday,12
2013-12-21 00:00:00,4013.562000000001,3866.242635785714,147.3193642142869,147.3193642142869,21702.99507250172,3.670539142394882,0,Saturday,12
2013-12-21 00:30:00,3715.187999999988,3618.16298056349,97.02501943649804,97.02501943649804,9413.854396652823,2.611577649273694,0,Saturday,12
2013-12-21 01:00:00,3481.6060000000075,3368.206095785713,113.39990421429457,113.39990421429457,12859.538275811183,3.257114797432401,1,Saturday,12
2013-12-21 01:30:00,3319.980000000005,3227.8624160753984,92.1175839246066,92.1175839246066,8485.649268106941,2.7746427365407764,1,Saturday,12
2013-12-21 02:00:00,3172.3120000000054,3087.625452579364,84.68654742064155,84.68654742064155,7171.8113140285695,2.6695529134789204,2,Saturday,12
2013-12-21 02:30:00,3080.6179999999968,3003.6833100555527,76.93468994444402,76.93468994444402,5918.946516847735,2.497378446287209,2,Saturday,12
2013-12-21 03:00:00,2965.8820000000014,2913.4311897222187,52.45081027778269,52.45081027778269,2751.0874987959546,1.7684725918894504,3,Saturday,12
2013-12-21 03:30:00,2856.4559999999983,2831.012293123014,25.44370687698438,25.44370687698438,647.3822196419022,0.8907438755221294,3,Saturday,12
2013-12-21 04:00:00,2763.3459999999995,2744.176767998169,19.16923200183055,19.16923200183055,367.4594555400045,0.6936964101430134,4,Saturday,12
2013-12-21 04:30:00,2755.4719999999943,2695.804240166668,59.66775983332627,59.66775983332627,3560.2415635275042,2.1654279133784122,4,Saturday,12
2013-12-21 05:00:00,2786.512,2756.732459821428,29.779540178572006,29.779540178572006,886.8210132471844,1.0687031018912534,5,Saturday,12
2013-12-21 05:30:00,2765.0920000000096,2842.8508112301583,-77.7588112301487,77.7588112301487,6046.432723925899,2.8121600015532366,5,Saturday,12
2013-12-21 06:00:00,2874.466000000003,2818.379927297619,56.08607270238417,56.08607270238417,3145.6475511771228,1.951182330992404,6,Saturday,12
2013-12-21 06:30:00,3032.1880000000056,2992.920002321432,39.267997678573465,39.267997678573465,1541.9756416844511,1.295038357732878,6,Saturday,12
2013-12-21 07:00:00,3218.562000000009,3181.7710995476173,36.790900452391725,36.790900452391725,1353.5703560977977,1.1430850315262413,7,Saturday,12
2013-12-21 07:30:00,3337.2859999999973,3474.815393166662,-137.5293931666647,137.5293931666647,18914.33398479104,4.120995118987849,7,Saturday,12
2013-12-21 08:00:00,3497.942000000002,3444.734184261902,53.207815738099725,53.207815738099725,2831.071655619573,1.521117724024575,8,Saturday,12
2013-12-21 08:30:00,3677.128000000004,3803.406414785712,-126.27841478570826,126.27841478570826,15946.238040791384,3.434158799631346,8,Saturday,12
2013-12-21 09:00:00,3784.078000000001,3937.3707440000017,-153.29274400000077,153.29274400000077,23498.66536304977,4.050993240625609,9,Saturday,12
2013-12-21 09:30:00,3969.292000000008,3946.9189159696994,22.373084030308746,22.373084030308746,500.55488902725625,0.563654274624006,9,Saturday,12
2013-12-21 10:00:00,4032.120000000007,4100.970070418828,-68.8500704188209,68.8500704188209,4740.332196676598,1.7075402125636334,10,Saturday,12
2013-12-21 10:30:00,4136.755999999994,4058.60081063095,78.15518936904391,78.15518936904391,6108.233625311114,1.889286904256476,10,Saturday,12
2013-12-21 11:00:00,4355.224000000007,4309.011971392855,46.212028607152206,46.212028607152206,2135.5515879882537,1.0610712240553444,11,Saturday,12
2013-12-21 11:30:00,4415.203999999996,4478.190881880952,-62.98688188095548,62.98688188095548,3967.3472890854378,1.4265905240381993,11,Saturday,12
2013-12-21 12:00:00,4566.771999999996,4462.2966332976175,104.47536670237878,104.47536670237878,10915.102247596516,2.2877289845514266,12,Saturday,12
2013-12-21 12:30:00,4532.705999999994,4539.412709154761,-6.706709154766941,6.706709154766941,44.97994768663469,0.14796258911932408,12,Saturday,12
2013-12-21 13:00:00,4572.343999999989,4437.78333815476,134.56066184522933,134.56066184522933,18106.571716226157,2.942925157101689,13,Saturday,12
2013-12-21 13:30:00,4683.572000000001,4502.953595809521,180.61840419047985,180.61840419047985,32623.007932315548,3.856424203374685,13,Saturday,12
2013-12-21 14:00:00,4850.962000000005,4623.008751011902,227.95324898810304,227.95324898810304,51962.6837242321,4.69913491361307,14,Saturday,12
2013-12-21 14:30:00,4921.939999999995,4849.834932158729,72.10506784126574,72.10506784126574,5199.140808393534,1.4649725076141888,14,Saturday,12
2013-12-21 15:00:00,4938.39999999999,4936.594942634917,1.805057365072571,1.805057365072571,3.258232091202733,0.03655146130472572,15,Saturday,12
2013-12-21 15:30:00,5031.553999999989,4943.947873047616,87.60612695237342,87.60612695237342,7674.833479595368,1.7411345868964856,15,Saturday,12
2013-12-21 16:00:00,5071.714000000015,5367.182446238093,-295.4684462380774,295.4684462380774,87301.60272234362,5.82581049006463,16,Saturday,12
2013-12-21 16:30:00,5130.544000000004,5376.853712928568,-246.30971292856339,246.30971292856339,60668.4746829513,4.80084983051628,16,Saturday,12
2013-12-21 17:00:00,5163.330000000005,5363.904831833333,-200.57483183332806,200.57483183332806,40230.26316496783,3.884602220530701,17,Saturday,12
2013-12-21 17:30:00,5100.966000000004,5442.254986238093,-341.2889862380889,341.2889862380889,116478.17212742244,6.690673614332828,17,Saturday,12
2013-12-21 18:00:00,5014.766,5250.316655285714,-235.55065528571413,235.55065528571413,55484.11120552933,4.697141507414586,18,Saturday,12
2013-12-21 18:30:00,4895.179999999998,4993.989704095236,-98.80970409523889,98.80970409523889,9763.357623388669,2.0185101282330566,18,Saturday,12
2013-12-21 19:00:00,4759.145999999994,4817.006724539682,-57.86072453968791,57.86072453968791,3347.8634442576426,1.2157795650666734,19,Saturday,12
2013-12-21 19:30:00,4670.280000000007,4659.822365821426,10.45763417858143,10.45763417858143,109.36211261303448,0.22391878385410327,19,Saturday,12
2013-12-21 20:00:00,4664.371999999991,4484.96142909524,179.41057090475078,179.41057090475078,32188.152952368608,3.8464035652548967,20,Saturday,12
2013-12-21 20:30:00,4584.361999999999,4514.237945690476,70.12405430952276,70.12405430952276,4917.382992804898,1.5296360607980517,20,Saturday,12
2013-12-21 21:00:00,4429.288000000006,4391.361146341271,37.926853658735126,37.926853658735126,1438.44622845111,0.8562742738502231,21,Saturday,12
2013-12-21 21:30:00,4260.272000000001,4215.9350760595225,44.3369239404783,44.3369239404783,1965.7628245037579,1.0407064135923314,21,Saturday,12
2013-12-21 22:00:00,3999.084000000011,4077.312865464285,-78.2288654642739,78.2288654642739,6119.755391827465,1.9561695994451147,22,Saturday,12
2013-12-21 22:30:00,3725.32999999999,3716.380530904758,8.949469095231962,8.949469095231962,80.09299708651199,0.24023292151922074,22,Saturday,12
2013-12-21 23:00:00,3409.3999999999965,3440.6928676507914,-31.29286765079496,31.29286765079496,979.2435658101697,0.9178409001817033,23,Saturday,12
2013-12-21 23:30:00,3139.057999999995,3131.680924285715,7.377075714280181,7.377075714280181,54.42124609422245,0.23500921978122716,23,Saturday,12
2013-12-22 00:00:00,2876.4160000000047,2895.7056421825387,-19.289642182533953,19.289642182533953,372.09029553019326,0.6706137840470197,0,Sunday,12
2013-12-22 00:30:00,2746.4879999999966,2677.895197847403,68.59280215259378,68.59280215259378,4704.972507144874,2.497473214978324,0,Sunday,12
2013-12-22 01:00:00,2586.483999999999,2585.679074702381,0.804925297617956,0.804925297617956,0.6479047347453549,0.031120443722750895,1,Sunday,12
2013-12-22 01:30:00,2449.7320000000004,2457.159581642857,-7.427581642856694,7.427581642856694,55.168969061301745,0.30319976400915255,1,Sunday,12
2013-12-22 02:00:00,2388.980000000007,2340.742598559522,48.23740144048497,48.23740144048497,2326.846897730502,2.01916305035977,2,Sunday,12
2013-12-22 02:30:00,2329.506,2310.714179700217,18.791820299783012,18.791820299783012,353.1325101793369,0.8066869241711768,2,Sunday,12
2013-12-22 03:00:00,2247.434,2268.8124883466808,-21.37848834668057,21.37848834668057,457.03976398915694,0.9512398738597247,3,Sunday,12
2013-12-22 03:30:00,2196.8439999999946,2184.329336726191,12.514663273803762,12.514663273803762,156.6167968566927,0.5696655417409607,3,Sunday,12
2013-12-22 04:00:00,2189.6939999999986,2169.906352392857,19.78764760714148,19.78764760714148,391.5509978244119,0.9036718193108942,4,Sunday,12
2013-12-22 04:30:00,2175.323999999994,2173.6995745000004,1.6244254999937766,1.6244254999937766,2.6387582050300313,0.07467510586900071,4,Sunday,12
2013-12-22 05:00:00,2191.3,2245.23777823016,-53.93777823015989,53.93777823015989,2909.2839204059105,2.461451112588869,5,Sunday,12
2013-12-22 05:30:00,2263.621999999995,2285.307035599208,-21.68503559921328,21.68503559921328,470.24076893914724,0.9579795389518801,5,Sunday,12
2013-12-22 06:00:00,2432.666000000002,2414.8672960238077,17.798703976194247,17.798703976194247,316.7938632321929,0.7316542417329067,6,Sunday,12
2013-12-22 06:30:00,2612.737999999997,2693.6760077619024,-80.93800776190528,80.93800776190528,6550.96110046624,3.0978233470751895,6,Sunday,12
2013-12-22 07:00:00,2849.501999999998,2896.4135349285707,-46.911534928572564,46.911534928572564,2200.692109354684,1.64630643981203,7,Sunday,12
2013-12-22 07:30:00,3155.7119999999923,3121.5924618214285,34.119538178563744,34.119538178563744,1164.1428855184688,1.0811993673238822,7,Sunday,12
2013-12-22 08:00:00,3308.581999999999,3365.671432246032,-57.089432246033084,57.089432246033084,3259.203274174402,1.7254954613799236,8,Sunday,12
2013-12-22 08:30:00,3504.367999999992,3408.094140198413,96.27385980157942,96.27385980157942,9268.65608109417,2.747253136701957,8,Sunday,12
2013-12-22 09:00:00,3719.657999999991,3571.5912419880938,148.06675801189704,148.06675801189704,21923.764828153675,3.980655157326222,9,Sunday,12
2013-12-22 09:30:00,3925.082000000009,3854.907126905488,70.17487309452099,70.17487309452099,4924.512813832126,1.7878575044934304,9,Sunday,12
2013-12-22 10:00:00,4243.827999999999,4166.354122095239,77.47387790475932,77.47387790475932,6002.201757601554,1.8255659254983787,10,Sunday,12
2013-12-22 10:30:00,4685.647999999984,4388.960558034462,296.68744196552143,296.68744196552143,88023.43822004464,6.3318337605710555,10,Sunday,12
2013-12-22 11:00:00,5100.442000000004,4781.653708107145,318.788291892859,318.788291892859,101625.97504796665,6.250209136636761,11,Sunday,12
2013-12-22 11:30:00,5611.508000000002,5109.701570666668,501.80642933333365,501.80642933333365,251809.69252026998,8.942452355647243,11,Sunday,12
2013-12-22 12:00:00,6170.728000000001,5853.018431079365,317.70956892063623,317.70956892063623,100939.37018373651,5.148656186444065,12,Sunday,12
2013-12-22 12:30:00,6491.226000000009,6267.910895492058,223.3151045079503,223.3151045079503,49869.63590139677,3.4402608152597063,12,Sunday,12
2013-12-22 13:00:00,6828.937999999993,6763.905899309528,65.03210069046509,65.03210069046509,4229.17412021479,0.9523018175075708,13,Sunday,12
2013-12-22 13:30:00,7087.231999999996,7275.567616198413,-188.33561619841657,188.33561619841657,35470.30432883727,2.657393128917138,13,Sunday,12
2013-12-22 14:00:00,7254.061999999995,7581.480479626988,-327.41847962699285,327.41847962699285,107202.86080125153,4.513588105905257,14,Sunday,12
2013-12-22 14:30:00,7464.936000000001,7541.439417654766,-76.50341765476514,76.50341765476514,5852.772912859431,1.024836886140285,14,Sunday,12
2013-12-22 15:00:00,7537.568000000012,7665.618692440481,-128.050692440469,128.050692440469,16396.979834483584,1.6988329981297519,15,Sunday,12
2013-12-22 15:30:00,7782.375999999972,7756.094087718256,26.28191228171636,26.28191228171636,690.7389131838332,0.3377106462308741,15,Sunday,12
2013-12-22 16:00:00,8003.671999999997,7844.728982150801,158.9430178491957,158.9430178491957,25262.882923009747,1.9858762059364223,16,Sunday,12
2013-12-22 16:30:00,8142.918000000021,8112.943201190476,29.974798809544154,29.974798809544154,898.4885636726497,0.36810881319870936,16,Sunday,12
2013-12-22 17:00:00,8260.485999999977,8218.80835528571,41.677644714267444,41.677644714267444,1737.026068928705,0.5045422837623302,17,Sunday,12
2013-12-22 17:30:00,8412.591999999975,8371.504032373014,41.08796762696147,41.08796762696147,1688.2210837142338,0.4884103214200997,17,Sunday,12
2013-12-22 18:00:00,8372.304000000004,8566.731982142852,-194.42798214284812,194.42798214284812,37802.24024013967,2.3222757098027977,18,Sunday,12
2013-12-22 18:30:00,8141.97199999999,8523.600832226186,-381.6288322261962,381.6288322261962,145640.56558633022,4.687179374065603,18,Sunday,12
2013-12-22 19:00:00,7888.794000000009,7804.107077999994,84.68692200001533,84.68692200001533,7171.87475783668,1.0735091067153641,19,Sunday,12
2013-12-22 19:30:00,7794.268000000008,7626.464810682536,167.80318931747206,167.80318931747206,28157.910345115368,2.152905049165257,19,Sunday,12
2013-12-22 20:00:00,7799.367999999979,7555.630443357139,243.73755664284,243.73755664284,59407.99651822163,3.125093682498898,20,Sunday,12
2013-12-22 20:30:00,7544.415999999983,7560.315462952377,-15.89946295239406,15.89946295239406,252.79292217455125,0.21074478067479438,20,Sunday,12
2013-12-22 21:00:00,7147.278000000003,7207.512118686511,-60.23411868650783,60.23411868650783,3628.149053940311,0.8427560630285796,21,Sunday,12
2013-12-22 21:30:00,6564.877999999975,6632.426282880952,-67.54828288097724,67.54828288097724,4562.770520168523,1.028934321109661,21,Sunday,12
2013-12-22 22:00:00,5969.892000000006,5987.0671849881,-17.17518498809386,17.17518498809386,294.9869793752447,0.2876967454033313,22,Sunday,12
2013-12-22 22:30:00,5346.190000000012,5248.762422301586,97.42757769842592,97.42757769842592,9492.13289618282,1.8223740214699757,22,Sunday,12
2013-12-22 23:00:00,4727.61000000001,4630.077493,97.5325070000099,97.5325070000099,9512.58992170698,2.0630404580752155,23,Sunday,12
2013-12-22 23:30:00,4152.968000000003,4167.610880476187,-14.642880476184473,14.642880476184473,214.4139486398244,0.3525883290259993,23,Sunday,12
2013-12-23 00:00:00,3793.812000000002,3660.283717773807,133.5282822261952,133.5282822261952,17829.802154278434,3.5196336093141967,0,Monday,12
2013-12-23 00:30:00,3535.6859999999915,3477.8786656071406,57.80733439285086,57.80733439285086,3341.6879096068783,1.634967991864973,0,Monday,12
2013-12-23 01:00:00,3335.781999999997,3227.7801945119054,108.00180548809158,108.00180548809158,11664.389988687568,3.23767576802356,1,Monday,12
2013-12-23 01:30:00,3176.044000000008,3047.5795006428552,128.46449935715282,128.46449935715282,16503.127595083915,4.044795958656508,1,Monday,12
2013-12-23 02:00:00,3044.808000000004,2991.912036464284,52.89596353572006,52.89596353572006,2797.9829583722258,1.737251200591958,2,Monday,12
2013-12-23 02:30:00,2929.800000000004,2882.985645749998,46.814354250005636,46.814354250005636,2191.5837638450207,1.597868600245941,2,Monday,12
2013-12-23 03:00:00,2833.978000000005,2788.3554356746013,45.6225643254038,45.6225643254038,2081.4183756256075,1.6098418662884368,3,Monday,12
2013-12-23 03:30:00,2744.045999999988,2716.0531890457864,27.99281095420156,27.99281095420156,783.5974651176668,1.02012907051127,3,Monday,12
2013-12-23 04:00:00,2673.1059999999925,2656.6960594404773,16.409940559515235,16.409940559515235,269.2861491668232,0.6138903791886772,4,Monday,12
2013-12-23 04:30:00,2684.616,2593.325495394688,91.29050460531198,91.29050460531198,8333.956231092488,3.400505122718183,4,Monday,12
2013-12-23 05:00:00,2690.733999999993,2778.645740158729,-87.91174015873594,87.91174015873594,7728.474057737105,3.267202932684396,5,Monday,12
2013-12-23 05:30:00,2723.199999999999,2799.291869119658,-76.0918691196589,76.0918691196589,5789.972546123299,2.7942078848288383,5,Monday,12
2013-12-23 06:00:00,2849.3760000000048,2830.3130392545777,19.062960745427063,19.062960745427063,363.3964723816931,0.6690222963002086,6,Monday,12
2013-12-23 06:30:00,3169.913999999996,2995.5969734404766,174.3170265595195,174.3170265595195,30386.425748552225,5.4991090155606654,6,Monday,12
2013-12-23 07:00:00,3341.216000000001,3493.365378202378,-152.1493782023772,152.1493782023772,23149.43328737001,4.553712726216358,7,Monday,12
2013-12-23 07:30:00,3471.595999999995,3422.232953226188,49.36304677380713,49.36304677380713,2436.71038679307,1.4219121917932616,7,Monday,12
2013-12-23 08:00:00,3709.770000000007,3784.943118090908,-75.17311809090097,75.17311809090097,5650.997683508543,2.026355221237458,8,Monday,12
2013-12-23 08:30:00,3965.486000000005,3998.072361166669,-32.58636116666412,32.58636116666412,1061.8709340842754,0.821749494681461,8,Monday,12
2013-12-23 09:00:00,4129.653999999995,4299.028551797619,-169.374551797624,169.374551797624,28687.73879664602,4.101422341862641,9,Monday,12
2013-12-23 09:30:00,4434.425999999992,4398.360425214287,36.065574785705394,36.065574785705394,1300.7256846233088,0.8133087526030529,9,Monday,12
2013-12-23 10:00:00,4664.638000000009,4596.822055773812,67.81594422619673,67.81594422619673,4599.002291290626,1.453830805867392,10,Monday,12
2013-12-23 10:30:00,4898.798000000004,4662.893207416667,235.90479258333744,235.90479258333744,55651.071163787456,4.815564809639778,10,Monday,12
2013-12-23 11:00:00,5209.264000000003,4788.686469944445,420.5775300555579,420.5775300555579,176885.4587876337,8.073645913425729,11,Monday,12
2013-12-23 11:30:00,5472.336000000025,5304.6192874761855,167.7167125238393,167.7167125238393,28128.895659804155,3.0648102112852453,11,Monday,12
2013-12-23 12:00:00,5648.786000000005,5580.672152654764,68.11384734524017,68.11384734524017,4639.496200170682,1.2058139101966354,12,Monday,12
2013-12-23 12:30:00,5764.068000000012,5753.437773722224,10.630226277788097,10.630226277788097,113.00171071697658,0.18442229130170004,12,Monday,12
2013-12-23 13:00:00,6015.5959999999895,5783.590500091272,232.00549990871787,232.00549990871787,53826.55198789408,3.8567333961376105,13,Monday,12
2013-12-23 13:30:00,6267.781999999995,6146.032262230157,121.74973776983734,121.74973776983734,14822.998647024157,1.9424692462156061,13,Monday,12
2013-12-23 14:00:00,6376.506000000003,6356.6414893372985,19.86451066270456,19.86451066270456,394.5987838687032,0.3115265736863504,14,Monday,12
2013-12-23 14:30:00,6466.316000000021,6391.797601869051,74.51839813097013,74.51839813097013,5552.991660005772,1.1524088542992623,14,Monday,12
2013-12-23 15:00:00,6561.988000000003,6893.740181781745,-331.75218178174237,331.75218178174237,110059.51011694623,5.055665779665282,15,Monday,12
2013-12-23 15:30:00,6649.52399999999,7172.250049162696,-522.7260491627057,522.7260491627057,273242.52247325145,7.861104782277746,15,Monday,12
2013-12-23 16:00:00,6791.707999999999,7367.648763769846,-575.9407637698469,575.9407637698469,331707.76337179454,8.480057796504898,16,Monday,12
2013-12-23 16:30:00,6949.434000000009,7385.182643964288,-435.7486439642789,435.7486439642789,189876.8807167079,6.270275305359808,16,Monday,12
2013-12-23 17:00:00,7230.336000000009,7683.311337976196,-452.9753379761869,452.9753379761869,205186.65681464074,6.264927908968357,17,Monday,12
2013-12-23 17:30:00,7267.0440000000035,7675.948836746038,-408.90483674603456,408.90483674603456,167203.1655143012,5.626838598280599,17,Monday,12
2013-12-23 18:00:00,7319.793999999994,7821.538750408736,-501.7447504087413,501.7447504087413,251747.79456273012,6.854629384498276,18,Monday,12
2013-12-23 18:30:00,7230.913999999973,7802.225840361112,-571.3118403611388,571.3118403611388,326397.21893683134,7.900963009118085,18,Monday,12
2013-12-23 19:00:00,7108.932000000004,6883.688393031742,225.2436069682626,225.2436069682626,50734.68248007316,3.168459157694327,19,Monday,12
2013-12-23 19:30:00,7005.611999999998,6805.750306380951,199.8616936190474,199.8616936190474,39944.69657627397,2.8528798571637632,19,Monday,12
2013-12-23 20:00:00,6897.016000000014,6711.178904492063,185.83709550795083,185.83709550795083,34535.42606683124,2.694456494054102,20,Monday,12
2013-12-23 20:30:00,6458.95599999998,6627.487082222223,-168.53108222224273,168.53108222224273,28402.72567500034,2.6092619646618314,20,Monday,12
2013-12-23 21:00:00,5904.2980000000025,6141.67683548413,-237.3788354841272,237.3788354841272,56348.71153580032,4.020441303676188,21,Monday,12
2013-12-23 21:30:00,5291.832000000007,5554.812966916667,-262.9809669166607,262.9809669166607,69158.98896042179,4.969563790321771,21,Monday,12
2013-12-23 22:00:00,4715.960000000002,5045.955974190474,-329.9959741904722,329.9959741904722,108897.34298191882,6.997429456366723,22,Monday,12
2013-12-23 22:30:00,4194.8299999999845,4363.024141083335,-168.1941410833506,168.1941410833506,28289.26909476604,4.009557981690586,22,Monday,12
2013-12-23 23:00:00,3733.556000000005,3710.3006210952367,23.25537890476835,23.25537890476835,540.8126480043447,0.6228747849173367,23,Monday,12
2013-12-23 23:30:00,3343.737999999996,3362.8663459206305,-19.128345920634274,19.128345920634274,365.89361765944585,0.5720647347559616,23,Monday,12
2013-12-24 00:00:00,3068.455999999997,3028.030698047616,40.42530195238078,40.42530195238078,1634.2050379411612,1.317447665939509,0,Tuesday,12
2013-12-24 00:30:00,2888.4160000000047,2864.144651488094,24.271348511910674,24.271348511910674,589.0983585866285,0.840299614456873,0,Tuesday,12
2013-12-24 01:00:00,2741.554000000009,2741.3951001547616,0.15889984524756073,0.15889984524756073,0.02524916081969875,0.0057959772175766085,1,Tuesday,12
2013-12-24 01:30:00,2618.504000000006,2622.5662124484106,-4.062212448404807,4.062212448404807,16.501569975974977,0.15513485747605496,1,Tuesday,12
2013-12-24 02:00:00,2514.9539999999943,2540.605288797617,-25.651288797622783,25.651288797622783,657.9886169790481,1.019950615304409,2,Tuesday,12
2013-12-24 02:30:00,2400.8720000000053,2460.89277638095,-60.02077638094488,60.02077638094488,3602.493597371391,2.499957364696858,2,Tuesday,12
2013-12-24 03:00:00,2327.162000000008,2348.100756164499,-20.938756164491224,20.938756164491224,438.4315097160192,0.8997549875982485,3,Tuesday,12
2013-12-24 03:30:00,2276.873999999996,2311.955934761903,-35.08193476190672,35.08193476190672,1230.7421466386793,1.5407938586811032,3,Tuesday,12
2013-12-24 04:00:00,2271.668000000004,2286.0550046071394,-14.387004607135168,14.387004607135168,206.98590156572854,0.6333233820758641,4,Tuesday,12
2013-12-24 04:30:00,2277.953999999996,2299.1974358928533,-21.24343589285718,21.24343589285718,451.2835685339327,0.9325665001513295,4,Tuesday,12
2013-12-24 05:00:00,2328.187999999995,2360.1845465000006,-31.99654650000548,31.99654650000548,1023.7789879270128,1.3743111166282769,5,Tuesday,12
2013-12-24 05:30:00,2411.473999999997,2509.5248730238072,-98.05087302381025,98.05087302381025,9613.973700731362,4.066014106882776,5,Tuesday,12
2013-12-24 06:00:00,2566.1520000000014,2646.339825746032,-80.18782574603074,80.18782574603074,6430.08739787579,3.1248275918975454,6,Tuesday,12
2013-12-24 06:30:00,2785.374,2841.624470946608,-56.2504709466084,56.2504709466084,3164.115481715236,2.0194943640103054,6,Tuesday,12
2013-12-24 07:00:00,3009.955999999993,3130.162176011901,-120.20617601190816,120.20617601190816,14449.524751405843,3.993619043331811,7,Tuesday,12
2013-12-24 07:30:00,3159.187999999984,3375.298521904762,-216.11052190477767,216.11052190477767,46703.757677955386,6.840698366313709,7,Tuesday,12
2013-12-24 08:00:00,3249.332,3380.292398238091,-130.96039823809133,130.96039823809133,17150.625906679474,4.030379112940485,8,Tuesday,12
2013-12-24 08:30:00,3349.8359999999907,3301.648155531745,48.18784446824566,48.18784446824566,2322.068354495834,1.4385135412075634,8,Tuesday,12
2013-12-24 09:00:00,3349.904000000007,3378.834229261903,-28.93022926189633,28.93022926189633,836.9581651458826,0.8636136815232995,9,Tuesday,12
2013-12-24 09:30:00,3354.7960000000044,3263.861958714283,90.93404128572138,90.93404128572138,8268.99986455328,2.7105684305609423,9,Tuesday,12
2013-12-24 10:00:00,3356.401999999998,3283.3286740238086,73.07332597618961,73.07332597618961,5339.710969222467,2.177132714620884,10,Tuesday,12
2013-12-24 10:30:00,3405.679999999993,3308.413450904762,97.26654909523086,97.26654909523086,9460.781572894955,2.8560096396382235,10,Tuesday,12
2013-12-24 11:00:00,3452.1119999999955,3446.326178104667,5.785821895328354,5.785821895328354,33.47573500446099,0.16760238066807687,11,Tuesday,12
2013-12-24 11:30:00,3480.9639999999954,3554.3726412341243,-73.40864123412894,73.40864123412894,5388.828607841055,2.1088595352933566,11,Tuesday,12
2013-12-24 12:00:00,3456.181999999996,3577.202149797616,-121.02014979761998,121.02014979761998,14645.87665703838,3.5015560464587834,12,Tuesday,12
2013-12-24 12:30:00,3371.3459999999977,3513.724051865077,-142.37805186507921,142.37805186507921,20271.509652895187,4.223181241708188,12,Tuesday,12
2013-12-24 13:00:00,3303.638000000008,3330.197876245571,-26.55987624556292,26.55987624556292,705.4270261796174,0.8039584314492948,13,Tuesday,12
2013-12-24 13:30:00,3267.528,3254.454964898808,13.073035101191635,13.073035101191635,170.90424675698858,0.4000894591015482,13,Tuesday,12
2013-12-24 14:00:00,3334.337999999997,3204.074426821734,130.26357317826296,130.26357317826296,16968.59849716867,3.906729707014198,14,Tuesday,12
2013-12-24 14:30:00,3387.9640000000013,3309.866319103175,78.0976808968262,78.0976808968262,6099.247761462493,2.305150848616637,14,Tuesday,12
2013-12-24 15:00:00,3453.716000000002,3495.3768493928565,-41.66084939285429,41.66084939285429,1735.6263721340874,1.2062615858644505,15,Tuesday,12
2013-12-24 15:30:00,3505.1220000000008,3606.701299384919,-101.57929938491816,101.57929938491816,10318.354063530835,2.8980246446462674,15,Tuesday,12
2013-12-24 16:00:00,3629.631999999994,3799.497228376985,-169.86522837699067,169.86522837699067,28854.1958115672,4.679957317353136,16,Tuesday,12
2013-12-24 16:30:00,3797.392000000005,3932.9785972619047,-135.5865972618999,135.5865972618999,18383.72535706064,3.5705188524624196,16,Tuesday,12
2013-12-24 17:00:00,3959.867999999998,4123.984295547618,-164.11629554761976,164.11629554761976,26934.158464273678,4.144489047302077,17,Tuesday,12
2013-12-24 17:30:00,4012.290000000005,4302.332162769841,-290.0421627698356,290.0421627698356,84124.45618420381,7.228843447752661,17,Tuesday,12
2013-12-24 18:00:00,4089.866000000001,4267.580193222223,-177.7141932222221,177.7141932222221,31582.334472625287,4.345232660977696,18,Tuesday,12
2013-12-24 18:30:00,4049.808,4215.0055832658745,-165.19758326587453,165.19758326587453,27290.241516885548,4.079146054970372,18,Tuesday,12
2013-12-24 19:00:00,4039.642,4031.502336007936,8.139663992064015,8.139663992064015,66.2541299037035,0.20149468670897114,19,Tuesday,12
2013-12-24 19:30:00,4024.604000000001,4001.1912055793623,23.412794420638875,23.412794420638875,548.1589425830988,0.5817415681304016,19,Tuesday,12
2013-12-24 20:00:00,3995.103999999999,3935.82520397619,59.27879602380881,59.27879602380881,3513.975658032331,1.4837860547262054,20,Tuesday,12
2013-12-24 20:30:00,3935.594000000005,3924.3442358888888,11.249764111116292,11.249764111116292,126.55719255576014,0.2858466628192918,20,Tuesday,12
2013-12-24 21:00:00,3901.302000000002,3859.914377773809,41.38762222619289,41.38762222619289,1712.9352735380555,1.0608669163831168,21,Tuesday,12
2013-12-24 21:30:00,3684.967999999998,3867.17832793651,-182.21032793651193,182.21032793651193,33200.60360673122,4.944692272402692,21,Tuesday,12
2013-12-24 22:00:00,3541.0959999999923,3470.075704571428,71.02029542856417,71.02029542856417,5043.8823627605325,2.005602091232893,22,Tuesday,12
2013-12-24 22:30:00,3275.4100000000085,3325.0794169880933,-49.66941698808478,49.66941698808478,2467.0509839362444,1.5164335758907939,22,Tuesday,12
2013-12-24 23:00:00,2955.9019999999987,2993.9183942182544,-38.016394218255755,38.016394218255755,1445.2462293578296,1.286118221045751,23,Tuesday,12
2013-12-24 23:30:00,2672.895999999996,2672.7429017777777,0.15309822221843206,0.15309822221843206,0.023439065646444403,0.005727803184951165,23,Tuesday,12
2013-12-25 00:00:00,2491.740000000005,2415.077322694445,76.66267730556001,76.66267730556001,5877.166091656426,3.076672417891107,0,Wednesday,12
2013-12-25 00:30:00,2305.819999999989,2310.265451666666,-4.4454516666774,4.4454516666774,19.76204052076487,0.1927926579992116,0,Wednesday,12
2013-12-25 01:00:00,2185.988000000003,2167.382554984127,18.60544501587583,18.60544501587583,346.1625842387788,0.8511229254632598,1,Wednesday,12
2013-12-25 01:30:00,2049.994000000002,2077.347097055556,-27.353097055553917,27.353097055553917,748.1919185305524,1.334301322616256,1,Wednesday,12
2013-12-25 02:00:00,1974.267999999999,1963.6938798809508,10.574120119048075,10.574120119048075,111.81201629205728,0.5355969969147086,2,Wednesday,12
2013-12-25 02:30:00,1915.8939999999952,1914.1523086706352,1.7416913293600373,1.7416913293600373,3.0334886867679343,0.09090749954642802,2,Wednesday,12
2013-12-25 03:00:00,1873.9420000000007,1875.561899135642,-1.6198991356413899,1.6198991356413899,2.624073209651722,0.08644339769541369,3,Wednesday,12
2013-12-25 03:30:00,1829.492000000008,1836.35646113961,-6.864461139602099,6.864461139602099,47.12082673710735,0.3752113231215042,3,Wednesday,12
2013-12-25 04:00:00,1861.4379999999992,1844.7717691529583,16.66623084704088,16.66623084704088,277.76325064685693,0.8953417114639803,4,Wednesday,12
2013-12-25 04:30:00,1875.8479999999984,1895.572843023809,-19.724843023810536,19.724843023810536,389.0694323139672,1.0515160622721325,4,Wednesday,12
2013-12-25 05:00:00,1931.9740000000031,1979.738951261904,-47.76495126190093,47.76495126190093,2281.4905690517717,2.472339237582952,5,Wednesday,12
2013-12-25 05:30:00,2108.2559999999994,2065.463493345237,42.79250665476229,42.79250665476229,1831.1986257978751,2.029758561330422,5,Wednesday,12
2013-12-25 06:00:00,2351.488000000002,2358.2113462716457,-6.72334627164355,6.72334627164355,45.20338508842322,0.285918799995728,6,Wednesday,12
2013-12-25 06:30:00,2665.9999999999936,2679.115410714285,-13.115410714291556,13.115410714291556,172.01399820455376,0.4919508895083117,6,Wednesday,12
2013-12-25 07:00:00,3028.8919999999976,2953.7125194177474,75.17948058225011,75.17948058225011,5651.954300616921,2.4820786143002183,7,Wednesday,12
2013-12-25 07:30:00,3422.985999999995,3174.4930606190464,248.49293938094843,248.49293938094843,61748.74092218371,7.259537122878937,7,Wednesday,12
2013-12-25 08:00:00,3719.8060000000014,3584.024778222222,135.7812217777796,135.7812217777796,18436.540187466566,3.6502232045913026,8,Wednesday,12
2013-12-25 08:30:00,3873.147999999992,3748.3853643134903,124.76263568650165,124.76263568650165,15565.715263442737,3.221220456499517,8,Wednesday,12
2013-12-25 09:00:00,4038.1699999999823,3876.206813940477,161.96318605950546,161.96318605950546,26232.073638545982,4.010806530173474,9,Wednesday,12
2013-12-25 09:30:00,4000.3220000000097,3946.7087715238094,53.61322847620022,53.61322847620022,2874.378267641246,1.3402228239676728,9,Wednesday,12
2013-12-25 10:00:00,4003.625999999988,3978.676013023809,24.949986976178934,24.949986976178934,622.5018501114985,0.6231847574218723,10,Wednesday,12
2013-12-25 10:30:00,4071.478000000015,3992.2191229444434,79.2588770555717,79.2588770555717,6281.96959211023,1.9466856275674682,10,Wednesday,12
2013-12-25 11:00:00,3992.8860000000063,4003.168185480159,-10.282185480152748,10.282185480152748,105.723338248264,0.25751262320418694,11,Wednesday,12
2013-12-25 11:30:00,3878.677999999995,3996.990930980159,-118.31293098016431,118.31293098016431,13997.949637117124,3.050341662292267,11,Wednesday,12
2013-12-25 12:00:00,3761.994000000002,3870.7923100714265,-108.79831007142457,108.79831007142457,11837.072274397844,2.8920383730389925,12,Wednesday,12
2013-12-25 12:30:00,3574.3279999999963,3670.8947987470992,-96.5667987471029,96.5667987471029,9325.146620263473,2.7016770354344364,12,Wednesday,12
2013-12-25 13:00:00,3373.3439999999973,3481.3355736626963,-107.99157366269901,107.99157366269901,11662.179982146146,3.201321112305745,13,Wednesday,12
2013-12-25 13:30:00,3184.845999999992,3287.326680649756,-102.48068064976405,102.48068064976405,10502.289906438924,3.2177593720313107,13,Wednesday,12
2013-12-25 14:00:00,3151.640000000002,3113.614651642856,38.02534835714596,38.02534835714596,1445.9271176823029,1.206525756658309,14,Wednesday,12
2013-12-25 14:30:00,3191.0479999999934,3133.595467354999,57.452532644994335,57.452532644994335,3300.7935073241397,1.8004283434468693,14,Wednesday,12
2013-12-25 15:00:00,3162.6900000000014,3259.243331146464,-96.55333114646237,96.55333114646237,9322.54575547842,3.052886345056339,15,Wednesday,12
2013-12-25 15:30:00,3146.921999999996,3190.5274393733744,-43.60543937337843,43.60543937337843,1901.434342945382,1.3856536442078478,15,Wednesday,12
2013-12-25 16:00:00,3183.711999999999,3331.7246391385256,-148.01263913852654,148.01263913852654,21907.741344751677,4.649058681769161,16,Wednesday,12
2013-12-25 16:30:00,3323.434000000001,3394.6150984711385,-71.18109847113737,71.18109847113737,5066.748779557755,2.141793652924576,16,Wednesday,12
2013-12-25 17:00:00,3367.723999999986,3569.258647809524,-201.534647809538,201.534647809538,40616.21426771452,5.984298232561184,17,Wednesday,12
2013-12-25 17:30:00,3499.6439999999984,3665.437203047618,-165.7932030476195,165.7932030476195,27487.386176789187,4.7374305228651705,17,Wednesday,12
2013-12-25 18:00:00,3595.241999999993,3791.258032666666,-196.01603266667325,196.01603266667325,38422.28506238232,5.452095649379753,18,Wednesday,12
2013-12-25 18:30:00,3641.510000000009,3957.9367866309535,-316.42678663094466,316.42678663094466,100125.91129758538,8.689438903942152,18,Wednesday,12
2013-12-25 19:00:00,3677.323999999992,3935.552014646827,-258.22801464683516,258.22801464683516,66681.70754844611,7.022171955662208,19,Wednesday,12
2013-12-25 19:30:00,3610.587999999994,3932.4330669801584,-321.8450669801646,321.8450669801646,103584.24713946662,8.913923908797267,19,Wednesday,12
2013-12-25 20:00:00,3651.3540000000016,3847.7663920476166,-196.41239204761496,196.41239204761496,38577.827749866,5.379165976446405,20,Wednesday,12
2013-12-25 20:30:00,3592.238000000002,3888.863171123016,-296.62517112301384,296.62517112301384,87986.49214375725,8.257391941263737,20,Wednesday,12
2013-12-25 21:00:00,3475.3520000000044,3554.7163343892503,-79.36433438924587,79.36433438924587,6298.697573048034,2.2836344171538814,21,Wednesday,12
2013-12-25 21:30:00,3311.377999999996,3513.5401888452384,-202.16218884524233,202.16218884524233,40869.55059869942,6.10507736794901,21,Wednesday,12
2013-12-25 22:00:00,3094.376,3175.2023905238107,-80.82639052381046,80.82639052381046,6532.905405107517,2.612041669267421,22,Wednesday,12
2013-12-25 22:30:00,2872.392000000001,2842.0499326507943,30.3420673492069,30.3420673492069,920.6410510238074,1.0563344887886783,22,Wednesday,12
2013-12-25 23:00:00,2604.661999999997,2624.040567511905,-19.37856751190793,19.37856751190793,375.52887881357356,0.7439954785652785,23,Wednesday,12
2013-12-25 23:30:00,2367.558,2380.1285666071435,-12.570566607143519,12.570566607143519,158.01914482463172,0.5309507351939644,23,Wednesday,12
2013-12-26 00:00:00,2211.125999999998,2213.849138825397,-2.723138825399019,2.723138825399019,7.415485062395549,0.12315620301145305,0,Thursday,12
2013-12-26 00:30:00,2083.3900000000044,2083.73599254762,-0.345992547615424,0.345992547615424,0.11971084300541142,0.016607190569956812,0,Thursday,12
2013-12-26 01:00:00,2004.431999999999,1968.2875481428557,36.144451857143395,36.144451857143395,1306.4214000533566,1.8032266426171308,1,Thursday,12
2013-12-26 01:30:00,1948.84,1927.471798273809,21.36820172619082,21.36820172619082,456.6000450111843,1.0964574683499322,1,Thursday,12
2013-12-26 02:00:00,1884.4839999999988,1905.030193214284,-20.546193214285267,20.546193214285267,422.14605559874195,1.0902821787972348,2,Thursday,12
2013-12-26 02:30:00,1833.868000000003,1846.5971140436504,-12.729114043647542,12.729114043647542,162.03034433618507,0.6941128829145566,2,Thursday,12
2013-12-26 03:00:00,1811.3039999999985,1846.2361279148608,-34.93212791486235,34.93212791486235,1220.2535606603053,1.9285624011685714,3,Thursday,12
2013-12-26 03:30:00,1776.873999999996,1827.674703022005,-50.800703022008975,50.800703022008975,2580.7114275303516,2.858992985547039,3,Thursday,12
2013-12-26 04:00:00,1766.318000000003,1790.3708693809522,-24.052869380949232,24.052869380949232,578.5405254570051,1.3617519258111614,4,Thursday,12
2013-12-26 04:30:00,1758.7859999999976,1806.1721068690472,-47.38610686904963,47.38610686904963,2245.4431242049923,2.694250856502707,4,Thursday,12
2013-12-26 05:00:00,1776.219999999994,1848.0692285357131,-71.84922853571925,71.84922853571925,5162.311641178013,4.045063592106805,5,Thursday,12
2013-12-26 05:30:00,1858.6879999999944,1915.7695576666663,-57.08155766667187,57.08155766667187,3258.304225653586,3.0710672079806853,5,Thursday,12
2013-12-26 06:00:00,1970.779999999992,2004.446075900792,-33.666075900800024,33.666075900800024,1133.404666558428,1.7082614954891038,6,Thursday,12
2013-12-26 06:30:00,2186.699999999998,2114.8951468690466,71.80485313095141,71.80485313095141,5155.9369331575035,3.283708470798531,6,Thursday,12
2013-12-26 07:00:00,2446.613999999991,2483.2596603412694,-36.64566034127847,36.64566034127847,1342.9044218483498,1.4978112747363748,7,Thursday,12
2013-12-26 07:30:00,2697.612000000002,2750.987213353173,-53.37521335317115,53.37521335317115,2848.9134004965395,1.978609724199444,7,Thursday,12
2013-12-26 08:00:00,3008.621999999997,2997.8406290793664,10.781370920630707,10.781370920630707,116.23795892822142,0.35834913527291623,8,Thursday,12
2013-12-26 08:30:00,3184.543999999997,3260.143025226191,-75.59902522619404,75.59902522619404,5715.212615150724,2.373935647495972,8,Thursday,12
2013-12-26 09:00:00,3320.0300000000016,3378.6424641587296,-58.61246415872802,58.61246415872802,3435.4209547581763,1.7654197148437811,9,Thursday,12
2013-12-26 09:30:00,3462.8679999999936,3402.365157523808,60.50284247618538,60.50284247618538,3660.5939476981016,1.7471888179447064,9,Thursday,12
2013-12-26 10:00:00,3475.0559999999964,3556.3223052698404,-81.266305269844,81.266305269844,6604.212372211474,2.3385610266379615,10,Thursday,12
2013-12-26 10:30:00,3388.807999999992,3552.119611277776,-163.31161127778432,163.31161127778432,26670.68237814613,4.819146179948368,10,Thursday,12
2013-12-26 11:00:00,3443.585999999995,3352.023853664193,91.56214633580157,91.56214633580157,8383.62664161874,2.658918532477531,11,Thursday,12
2013-12-26 11:30:00,3442.283999999993,3455.4852657222204,-13.201265722227618,13.201265722227618,174.27341666886187,0.3835030962647953,11,Thursday,12
2013-12-26 12:00:00,3407.1420000000057,3452.206245262513,-45.064245262507484,45.064245262507484,2030.786201079428,1.322640654909816,12,Thursday,12
2013-12-26 12:30:00,3355.202,3354.796808920152,0.4051910798480094,0.4051910798480094,0.16417981118839592,0.012076503287969229,12,Thursday,12
2013-12-26 13:00:00,3319.9800000000014,3308.055175138887,11.924824861114303,11.924824861114303,142.20144796824974,0.3591836354771504,13,Thursday,12
2013-12-26 13:30:00,3338.0220000000054,3267.7743230079377,70.24767699206768,70.24767699206768,4934.736122781876,2.1044701620321127,13,Thursday,12
2013-12-26 14:00:00,3348.425999999992,3307.2464721666665,41.179527833325665,41.179527833325665,1695.753512575643,1.2298174674705595,14,Thursday,12
2013-12-26 14:30:00,3359.266000000008,3345.851653269481,13.414346730526631,13.414346730526631,179.94469820679052,0.3993237430595434,14,Thursday,12
2013-12-26 15:00:00,3389.589999999992,3447.822612059525,-58.23261205953304,58.23261205953304,3391.0371072760727,1.7179839467172484,15,Thursday,12
2013-12-26 15:30:00,3428.4639999999954,3477.646845960317,-49.18284596032163,49.18284596032163,2418.9523367567253,1.4345446229075673,15,Thursday,12
2013-12-26 16:00:00,3537.2899999999927,3644.642143710315,-107.35214371032225,107.35214371032225,11524.48275920168,3.0348697367284694,16,Thursday,12
2013-12-26 16:30:00,3701.988000000008,3757.453620059524,-55.46562005951591,55.46562005951591,3076.435008586574,1.49826579825531,16,Thursday,12
2013-12-26 17:00:00,3726.285999999989,3944.372990178572,-218.0869901785827,218.0869901785827,47561.93528515323,5.852663756313481,17,Thursday,12
2013-12-26 17:30:00,3812.8760000000057,3936.123481646827,-123.24748164682114,123.24748164682114,15189.941732283514,3.232402041053026,17,Thursday,12
2013-12-26 18:00:00,3850.555999999998,4025.3819785753954,-174.82597857539713,174.82597857539713,30564.122784845218,4.5402788214324685,18,Thursday,12
2013-12-26 18:30:00,3790.7420000000016,4032.463790869047,-241.72179086904544,241.72179086904544,58429.424180938535,6.37663525687175,18,Thursday,12
2013-12-26 19:00:00,3823.9079999999954,3927.386503797617,-103.47850379762167,103.47850379762167,10707.800748194402,2.706092923721538,19,Thursday,12
2013-12-26 19:30:00,3954.475999999996,3906.692617166667,47.78338283332914,47.78338283332914,2283.2516749964943,1.208336650249722,19,Thursday,12
2013-12-26 20:00:00,3998.931999999998,4027.604135309523,-28.672135309524947,28.672135309524947,822.0913432077073,0.7169948203551588,20,Thursday,12
2013-12-26 20:30:00,3933.818000000004,3992.584047690477,-58.76604769047299,58.76604769047299,3453.4483611589458,1.4938679850077694,20,Thursday,12
2013-12-26 21:00:00,3763.400000000001,3882.141286071428,-118.74128607142711,118.74128607142711,14099.49301789649,3.1551598573477992,21,Thursday,12
2013-12-26 21:30:00,3570.6280000000056,3602.0448865555545,-31.4168865555489,31.4168865555489,987.0207608442291,0.8798700552269475,21,Thursday,12
2013-12-26 22:00:00,3296.866000000008,3307.637498761902,-10.771498761893781,10.771498761893781,116.02518557747926,0.32671933775572787,22,Thursday,12
2013-12-26 22:30:00,3026.815999999989,3016.7281331547624,10.087866845226472,10.087866845226472,101.76505748701949,0.3332831214459851,22,Thursday,12
2013-12-26 23:00:00,2722.5180000000014,2749.7740238492056,-27.25602384920421,27.25602384920421,742.8908360683888,1.0011329162637015,23,Thursday,12
2013-12-26 23:30:00,2478.297999999992,2493.581956226192,-15.283956226199734,15.283956226199734,233.59931792438962,0.6167118008487996,23,Thursday,12
2013-12-27 00:00:00,2334.4559999999947,2275.421008440474,59.03499155952068,59.03499155952068,3485.1302284326775,2.5288543266405883,0,Friday,12
2013-12-27 00:30:00,2200.5439999999994,2170.0986962738093,30.445303726190104,30.445303726190104,926.9165189799651,1.3835353315448413,0,Friday,12
2013-12-27 01:00:00,2087.193999999992,2067.420253305557,19.773746694434976,19.773746694434976,391.0010583356781,0.9473842246784464,1,Friday,12
2013-12-27 01:30:00,2008.8699999999967,1999.1271460833316,9.742853916665126,9.742853916665126,94.92320244147699,0.48499175738923583,1,Friday,12
2013-12-27 02:00:00,1948.3519999999992,1926.206485392856,22.14551460714324,22.14551460714324,490.4238172151947,1.1366280121427366,2,Friday,12
2013-12-27 02:30:00,1880.8079999999948,1890.2786205753955,-9.470620575400744,9.470620575400744,89.69265408320392,0.5035399985219529,2,Friday,12
2013-12-27 03:00:00,1882.145999999997,1835.523880276556,46.622119723441074,46.622119723441074,2173.622047506873,2.4770724334584644,3,Friday,12
2013-12-27 03:30:00,1840.8179999999963,1880.397251849206,-39.57925184920964,39.57925184920964,1566.5171769431647,2.1500904407285084,3,Friday,12
2013-12-27 04:00:00,1810.801999999995,1863.138343253965,-52.3363432539702,52.3363432539702,2739.092825197392,2.890230033651959,4,Friday,12
2013-12-27 04:30:00,1860.702000000001,1857.0918336904772,3.61016630952372,3.61016630952372,13.033300782420115,0.1940217353194503,4,Friday,12
2013-12-27 05:00:00,1904.3500000000008,1975.1678271904757,-70.81782719047487,70.81782719047487,5015.164647979962,3.7187401050476456,5,Friday,12
2013-12-27 05:30:00,2003.662,2040.9783800984835,-37.31638009848348,37.31638009848348,1392.5122236544937,1.8624089341657164,5,Friday,12
2013-12-27 06:00:00,2054.3340000000003,2224.476621170636,-170.14262117063572,170.14262117063572,28948.51153881446,8.282130421374308,6,Friday,12
2013-12-27 06:30:00,2275.5000000000005,2257.4207234642854,18.079276535715053,18.079276535715053,326.8602400548569,0.7945188545688882,6,Friday,12
2013-12-27 07:00:00,2524.284,2530.7590445238097,-6.475044523809629,6.475044523809629,41.92620158531707,0.2565101440174572,7,Friday,12
2013-12-27 07:30:00,2688.491999999996,2816.961337452384,-128.46933745238812,128.46933745238812,16504.37066545557,4.778490598163889,7,Friday,12
2013-12-27 08:00:00,2856.8039999999883,2965.8779713452386,-109.07397134525036,109.07397134525036,11897.131225024496,3.818041816843256,8,Friday,12
2013-12-27 08:30:00,2961.2079999999983,3017.577937809523,-56.3699378095248,56.3699378095248,3177.5698886496934,1.9036129109986477,8,Friday,12
2013-12-27 09:00:00,3077.0240000000013,3118.494762920633,-41.47076292063184,41.47076292063184,1719.8241772192528,1.34775558853723,9,Friday,12
2013-12-27 09:30:00,3123.0260000000058,3177.234331416666,-54.20833141666026,54.20833141666026,2938.5431949784756,1.7357630521378995,9,Friday,12
2013-12-27 10:00:00,3046.224,3158.912735801177,-112.68873580117679,112.68873580117679,12698.751176467424,3.6992924946155235,10,Friday,12
2013-12-27 10:30:00,3095.2240000000056,3056.4344136038744,38.7895863961312,38.7895863961312,1504.6320127829265,1.2532077289440482,10,Friday,12
2013-12-27 11:00:00,3142.1279999999947,3087.925422924911,54.20257707508381,54.20257707508381,2937.919361580401,1.7250276588058764,11,Friday,12
2013-12-27 11:30:00,3222.447999999989,3176.194411249998,46.25358874999074,46.25358874999074,2139.39447225327,1.435355628701872,11,Friday,12
2013-12-27 12:00:00,3221.275999999994,3274.360390240256,-53.08439024026211,53.08439024026211,2817.952487180435,1.6479305169834007,12,Friday,12
2013-12-27 12:30:00,3225.3460000000064,3237.6713398523016,-12.325339852295201,12.325339852295201,151.91400247457628,0.38214008209646894,12,Friday,12
2013-12-27 13:00:00,3214.259999999993,3228.960352435635,-14.70035243564189,14.70035243564189,216.10036173208243,0.45734795678140294,13,Friday,12
2013-12-27 13:30:00,3209.9779999999973,3216.7614656942937,-6.78346569429641,6.78346569429641,46.01540682569628,0.21132436715442957,13,Friday,12
2013-12-27 14:00:00,3295.884000000008,3233.206102218102,62.67789778190627,62.67789778190627,3928.5188703590907,1.901702177076199,14,Friday,12
2013-12-27 14:30:00,3352.4139999999893,3378.1217829404736,-25.70778294048432,25.70778294048432,660.8901037150567,0.7668439202462585,14,Friday,12
2013-12-27 15:00:00,3424.2720000000018,3460.7623959761904,-36.490395976188665,36.490395976188665,1331.5489984990459,1.065639527940206,15,Friday,12
2013-12-27 15:30:00,3572.096000000009,3517.322234376985,54.77376562302425,54.77376562302425,3000.165400525993,1.5333788795996555,15,Friday,12
2013-12-27 16:00:00,3697.490000000007,3857.9735777658734,-160.48357776586636,160.48357776586636,25754.978732532876,4.340338385387548,16,Friday,12
2013-12-27 16:30:00,3831.533999999997,3926.819807694442,-95.28580769444488,95.28580769444488,9079.385147982732,2.486884044209055,16,Friday,12
2013-12-27 17:00:00,4018.585999999998,4047.97789989286,-29.391899892862057,29.391899892862057,863.8837793120246,0.7313990516281615,17,Friday,12
2013-12-27 17:30:00,4059.395999999989,4203.452064428571,-144.05606442858243,144.05606442858243,20752.149698651894,3.548706862513114,17,Friday,12
2013-12-27 18:00:00,4082.442000000005,4160.270343452383,-77.8283434523778,77.8283434523778,6057.251044541277,1.9064163912770276,18,Friday,12
2013-12-27 18:30:00,3970.2600000000016,4155.234681761907,-184.97468176190569,184.97468176190569,34215.632892918286,4.659006759303059,18,Friday,12
2013-12-27 19:00:00,3921.987999999998,3973.985114595237,-51.997114595239054,51.997114595239054,2703.699926230422,1.3257846427688988,19,Friday,12
2013-12-27 19:30:00,3938.8340000000094,3909.429514785712,29.404485214297438,29.404485214297438,864.6237507178366,0.7465276580403584,19,Friday,12
2013-12-27 20:00:00,4015.776,3915.275784595237,100.50021540476291,100.50021540476291,10100.293296403745,2.502634992707833,20,Friday,12
2013-12-27 20:30:00,3920.920000000013,3996.262253714286,-75.34225371427328,75.34225371427328,5676.455194745927,1.9215452933054753,20,Friday,12
2013-12-27 21:00:00,3775.276,3851.861969238095,-76.585969238095,76.585969238095,5865.410684138435,2.0286190794552508,21,Friday,12
2013-12-27 21:30:00,3544.979999999996,3622.6134009841257,-77.63340098412982,77.63340098412982,6026.9449483626895,2.189953144563013,21,Friday,12
2013-12-27 22:00:00,3333.2579999999857,3297.302346023808,35.95565397617793,35.95565397617793,1292.8090528546397,1.078693997769692,22,Friday,12
2013-12-27 22:30:00,3033.6119999999955,3054.706878416664,-21.094878416668507,21.094878416668507,444.99389541402684,0.6953716697016143,22,Friday,12
2013-12-27 23:00:00,2773.708000000003,2777.291895146825,-3.583895146822215,3.583895146822215,12.844304423415824,0.12920953275623143,23,Friday,12
2013-12-27 23:30:00,2530.813999999995,2535.2139393492057,-4.399939349210854,4.399939349210854,19.359466276734032,0.17385471035053793,23,Friday,12
2013-12-28 00:00:00,2354.624000000002,2318.519823202378,36.10417679762395,36.10417679762395,1303.5115822340877,1.533330875656747,0,Saturday,12
2013-12-28 00:30:00,2252.538000000007,2204.9477195,47.590280500006884,47.590280500006884,2264.8347980693356,2.112740406599433,0,Saturday,12
2013-12-28 01:00:00,2128.5320000000065,2130.995804238094,-2.463804238087505,2.463804238087505,6.070331323617951,0.11575133651208896,1,Saturday,12
2013-12-28 01:30:00,2030.01,2029.9336230714275,0.07637692857247202,0.07637692857247202,0.005833435218164494,0.0037623917405565505,1,Saturday,12
2013-12-28 02:00:00,1983.8839999999973,1953.1624073221487,30.721592677848548,30.721592677848548,943.8162566636375,1.5485579135598952,2,Saturday,12
2013-12-28 02:30:00,1912.1959999999983,1931.5873131785715,-19.391313178573228,19.391313178573228,376.02302678950775,1.0140860653705606,2,Saturday,12
2013-12-28 03:00:00,1897.8819999999987,1870.6632714999996,27.218728499999088,27.218728499999088,740.8591811566625,1.4341633726437737,3,Saturday,12
2013-12-28 03:30:00,1860.693999999999,1879.7478145158725,-19.053814515873455,19.053814515873455,363.04784760531,1.0240165505920622,3,Saturday,12
2013-12-28 04:00:00,1849.419999999994,1875.769787075397,-26.34978707540313,26.34978707540313,694.3112789190817,1.424759496242239,4,Saturday,12
2013-12-28 04:30:00,1835.654000000003,1922.514057055555,-86.86005705555203,86.86005705555203,7544.669511693754,4.7318316553964905,4,Saturday,12
2013-12-28 05:00:00,1892.2380000000005,1961.6488780952384,-69.41087809523788,69.41087809523788,4817.869997951973,3.6681896302282198,5,Saturday,12
2013-12-28 05:30:00,1942.008,2029.2776063769832,-87.26960637698312,87.26960637698312,7615.984197193573,4.49378202236979,5,Saturday,12
2013-12-28 06:00:00,2076.827999999992,2078.847233230157,-2.019233230165355,2.019233230165355,4.077302837804014,0.0972267915381227,6,Saturday,12
2013-12-28 06:30:00,2246.091999999999,2344.5444553311686,-98.4524553311694,98.4524553311694,9692.885960735906,4.383277948150362,6,Saturday,12
2013-12-28 07:00:00,2456.5699999999947,2532.424823230157,-75.85482323016231,75.85482323016231,5753.954207279172,3.087834795269928,7,Saturday,12
2013-12-28 07:30:00,2678.9880000000067,2750.620093690477,-71.63209369047036,71.63209369047036,5131.156846480323,2.673848994115322,7,Saturday,12
2013-12-28 08:00:00,2886.5999999999976,2939.7304628888883,-53.130462888890634,53.130462888890634,2822.8460867877848,1.8405897210867692,8,Saturday,12
2013-12-28 08:30:00,3006.1399999999862,3078.290432039682,-72.15043203969572,72.15043203969572,5205.68484351475,2.4001021921698937,8,Saturday,12
2013-12-28 09:00:00,3044.365999999995,3107.68871634127,-63.32271634127483,63.32271634127483,4009.766404837554,2.0799968315660773,9,Saturday,12
2013-12-28 09:30:00,3055.5300000000007,3081.618183325397,-26.08818332539613,26.08818332539613,680.5933092194767,0.8538022315407188,9,Saturday,12
2013-12-28 10:00:00,3061.138000000004,3063.6403278095245,-2.502327809520466,2.502327809520466,6.261644466299494,0.08174501801357739,10,Saturday,12
2013-12-28 10:30:00,3049.6779999999944,3071.0582141789323,-21.380214178937877,21.380214178937877,457.1135583372562,0.7010646428553413,10,Saturday,12
2013-12-28 11:00:00,3105.1679999999974,3049.276862048318,55.89113795167941,55.89113795167941,3123.8193015336587,1.799939260989404,11,Saturday,12
2013-12-28 11:30:00,3187.8080000000014,3126.2478318571443,61.56016814285704,61.56016814285704,3789.6543017768304,1.9311127942102226,11,Saturday,12
2013-12-28 12:00:00,3205.271999999995,3214.286065448859,-9.01406544886413,9.01406544886413,81.2533759164061,0.2812262250711997,12,Saturday,12
2013-12-28 12:30:00,3227.57000000001,3245.2565059477743,-17.68650594776409,17.68650594776409,312.8124926402945,0.5479821025652126,12,Saturday,12
2013-12-28 13:00:00,3315.0560000000046,3247.912747133113,67.14325286689154,67.14325286689154,4508.2164055473395,2.0254032772565966,13,Saturday,12
2013-12-28 13:30:00,3420.027999999997,3398.4225473084384,21.60545269155864,21.60545269155864,466.79558600717843,0.6317332107093467,13,Saturday,12
2013-12-28 14:00:00,3469.1619999999884,3458.1008943492047,11.061105650783702,11.061105650783702,122.34805821779915,0.31884085121374384,14,Saturday,12
2013-12-28 14:30:00,3572.990000000008,3510.571907103174,62.41809289683397,62.41809289683397,3896.0183208777953,1.7469428377027036,14,Saturday,12
2013-12-28 15:00:00,3726.8940000000057,3713.075254666669,13.818745333336665,13.818745333336665,190.95772258761386,0.3707845013390948,15,Saturday,12
2013-12-28 15:30:00,3866.805999999999,3838.008399810244,28.79760018975503,28.79760018975503,829.301776688979,0.7447386858755013,15,Saturday,12
2013-12-28 16:00:00,4015.4620000000136,4068.5509907857136,-53.088990785699934,53.088990785699934,2818.4409426441325,1.3221141374442034,16,Saturday,12
2013-12-28 16:30:00,4207.4180000000015,4216.897321166665,-9.479321166663794,9.479321166663794,89.85752978076025,0.22530019994837194,16,Saturday,12
2013-12-28 17:00:00,4286.030000000002,4402.982280960317,-116.95228096031587,116.95228096031587,13677.836021820664,2.7286855425724,17,Saturday,12
2013-12-28 17:30:00,4434.0580000000045,4430.600774516593,3.4572254834110936,3.4572254834110936,11.95240804314707,0.07796978486549093,17,Saturday,12
2013-12-28 18:00:00,4588.402000000011,4510.736544980159,77.66545501985183,77.66545501985183,6031.922903440628,1.6926471355354578,18,Saturday,12
2013-12-28 18:30:00,4534.724,4676.043318473662,-141.31931847366195,141.31931847366195,19971.149773860292,3.116381911526742,18,Saturday,12
2013-12-28 19:00:00,4450.002000000016,4570.129676801589,-120.12767680157322,120.12767680157322,14430.658733743232,2.699497141834381,19,Saturday,12
2013-12-28 19:30:00,4360.683999999981,4368.6468265952335,-7.962826595252409,7.962826595252409,63.40660738605907,0.18260499030088956,19,Saturday,12
2013-12-28 20:00:00,4408.407999999993,4171.217586418536,237.1904135814575,237.1904135814575,56259.29229494286,5.380409743868033,20,Saturday,12
2013-12-28 20:30:00,4275.838000000006,4358.120943146825,-82.28294314681898,82.28294314681898,6770.482732902645,1.9243699865808495,20,Saturday,12
2013-12-28 21:00:00,4069.899999999997,4015.380397130952,54.519602869044775,54.519602869044775,2972.3870969983554,1.339580895575931,21,Saturday,12
2013-12-28 21:30:00,3906.4800000000128,3773.356987944445,133.12301205556787,133.12301205556787,17721.73633874687,3.4077484603931785,21,Saturday,12
2013-12-28 22:00:00,3624.2040000000047,3585.135157095239,39.068842904765916,39.068842904765916,1526.374485917278,1.0779978970490034,22,Saturday,12
2013-12-28 22:30:00,3385.6059999999966,3323.839492424599,61.766507575397554,61.766507575397554,3815.1014580616434,1.8243855775124929,22,Saturday,12
2013-12-28 23:00:00,3113.183999999997,3101.1182970476198,12.06570295237725,12.06570295237725,145.5811877350051,0.38756793534777456,23,Saturday,12
2013-12-28 23:30:00,2827.784000000004,2830.8469694007904,-3.062969400786187,3.062969400786187,9.381781550152494,0.1083169506859853,23,Saturday,12
2013-12-29 00:00:00,2600.432000000002,2540.5319384166646,59.90006158333745,59.90006158333745,3588.0173776876186,2.303465792735107,0,Sunday,12
2013-12-29 00:30:00,2443.2619999999933,2391.5726688928585,51.689331107134876,51.689331107134876,2671.786950303021,2.1155869123792295,0,Sunday,12
2013-12-29 01:00:00,2334.711999999997,2260.095200956348,74.61679904364883,74.61679904364883,5567.666699520272,3.1959744518231337,1,Sunday,12
2013-12-29 01:30:00,2215.328000000003,2190.4321869047644,24.895813095238736,24.895813095238736,619.8015096730605,1.1237980603882902,1,Sunday,12
2013-12-29 02:00:00,2148.728,2091.6176188333343,57.110381166665775,57.110381166665775,3261.595637001853,2.657869268081664,2,Sunday,12
2013-12-29 02:30:00,2092.2839999999983,2057.4703642103177,34.813635789680575,34.813635789680575,1211.9892368965282,1.6639058459406373,2,Sunday,12
2013-12-29 03:00:00,2043.606000000002,2031.6128025,11.993197500001997,11.993197500001997,143.83678627405416,0.5868644689828659,3,Sunday,12
2013-12-29 03:30:00,1995.8860000000009,1982.985653023809,12.90034697619194,12.90034697619194,166.41895210614453,0.6463468843507061,3,Sunday,12
2013-12-29 04:00:00,1953.764,1994.940684436508,-41.17668443650814,41.17668443650814,1695.5193411837718,2.1075567180328916,4,Sunday,12
2013-12-29 04:30:00,1993.224,1949.1142259047608,44.10977409523912,44.10977409523912,1945.672170733028,2.212986302354332,4,Sunday,12
2013-12-29 05:00:00,1987.492000000004,2085.207954297618,-97.71595429761396,97.71595429761396,9548.40772429338,4.9165457922655165,5,Sunday,12
2013-12-29 05:30:00,2019.4699999999968,2082.3158784126977,-62.84587841270081,62.84587841270081,3949.604433463974,3.1119986141265237,5,Sunday,12
2013-12-29 06:00:00,2136.357999999995,2124.400698916665,11.957301083330094,11.957301083330094,142.97704919740704,0.559704931632719,6,Sunday,12
2013-12-29 06:30:00,2335.533999999989,2363.875412813491,-28.341412813501847,28.341412813501847,803.2356802653267,1.213487485667174,6,Sunday,12
2013-12-29 07:00:00,2508.6400000000026,2603.0113272619024,-94.37132726189975,94.37132726189975,8905.947409172582,3.761852129516378,7,Sunday,12
2013-12-29 07:30:00,2759.8200000000106,2816.470764904764,-56.65076490475349,56.65076490475349,3209.3091642936492,2.052697817421182,7,Sunday,12
2013-12-29 08:00:00,2979.484000000011,2999.5721210952383,-20.088121095227507,20.088121095227507,403.53260913652434,0.6742147665578145,8,Sunday,12
2013-12-29 08:30:00,3095.252000000007,3123.098103989899,-27.84610398989207,27.84610398989207,775.4055074158831,0.8996393182168047,8,Sunday,12
2013-12-29 09:00:00,3200.801999999994,3138.7268730833325,62.0751269166617,62.0751269166617,3853.3213817196583,1.9393616636287347,9,Sunday,12
2013-12-29 09:30:00,3273.9199999999946,3260.0777502644173,13.842249735577298,13.842249735577298,191.60787774208976,0.4228035424071853,9,Sunday,12
2013-12-29 10:00:00,3247.742000000003,3321.6914649365062,-73.94946493650332,73.94946493650332,5468.523364395133,2.276950106766586,10,Sunday,12
2013-12-29 10:30:00,3275.6220000000008,3201.2346431079955,74.3873568920053,74.3873568920053,5533.478865378568,2.270938371155319,10,Sunday,12
2013-12-29 11:00:00,3323.0359999999987,3295.879921172268,27.156078827730653,27.156078827730653,737.452617297921,0.817206880326625,11,Sunday,12
2013-12-29 11:30:00,3402.397999999994,3340.589350801589,61.80864919840542,61.80864919840542,3820.309115731543,1.8166201954740606,11,Sunday,12
2013-12-29 12:00:00,3382.890000000004,3414.960160170276,-32.070160170272175,32.070160170272175,1028.4951733469118,0.9480107295913299,12,Sunday,12
2013-12-29 12:30:00,3353.7939999999994,3353.3898647979577,0.40413520204174347,0.40413520204174347,0.1633252615293208,0.01205009019760139,12,Sunday,12
2013-12-29 13:00:00,3235.736000000002,3332.182464908732,-96.44646490872992,96.44646490872992,9301.920593390872,2.980665447018232,13,Sunday,12
2013-12-29 13:30:00,3143.528000000002,3154.839969477123,-11.311969477120783,11.311969477120783,127.96065345131224,0.35984949003542444,13,Sunday,12
2013-12-29 14:00:00,3142.335999999997,3122.0189198065527,20.317080193444326,20.317080193444326,412.7837475868477,0.6465597629739259,14,Sunday,12
2013-12-29 14:30:00,3165.3160000000007,3131.544191057208,33.77180894279263,33.77180894279263,1140.5350792684883,1.0669332522500952,14,Sunday,12
2013-12-29 15:00:00,3179.912000000001,3217.3112553001997,-37.39925530019855,37.39925530019855,1398.7042970094292,1.1761097571315977,15,Sunday,12
2013-12-29 15:30:00,3179.745999999994,3285.374863117963,-105.62886311796865,105.62886311796865,11157.456723594558,3.3219276985636226,15,Sunday,12
2013-12-29 16:00:00,3313.1260000000007,3362.072231689753,-48.946231689752494,48.946231689752494,2395.733596626931,1.4773428988137633,16,Sunday,12
2013-12-29 16:30:00,3495.689999999996,3507.843912626985,-12.15391262698904,12.15391262698904,147.71759214448363,0.34768279301050875,16,Sunday,12
2013-12-29 17:00:00,3681.6620000000016,3781.4126987976174,-99.75069879761577,99.75069879761577,9950.201910612665,2.7093931707369046,17,Sunday,12
2013-12-29 17:30:00,3796.771999999998,3999.647243805556,-202.87524380555806,202.87524380555806,41158.364549164624,5.343361250176681,17,Sunday,12
2013-12-29 18:00:00,3825.7259999999937,4111.353869099209,-285.62786909921533,285.62786909921533,81583.27960615848,7.465978198627288,18,Sunday,12
2013-12-29 18:30:00,3789.882,4094.038377658732,-304.1563776587318,304.1563776587318,92511.10207048108,8.025484108970458,18,Sunday,12
2013-12-29 19:00:00,3764.636,3968.980768452382,-204.34476845238214,204.34476845238214,41756.78439385767,5.428008669427327,19,Sunday,12
2013-12-29 19:30:00,3797.167999999999,3914.8476068809528,-117.67960688095354,117.67960688095354,13848.489875655769,3.0991414359584186,19,Sunday,12
2013-12-29 20:00:00,3890.595999999996,3883.515988119048,7.08001188094795,7.08001188094795,50.12656823436413,0.18197756541537485,20,Sunday,12
2013-12-29 20:30:00,3810.359999999994,3969.886937500005,-159.52693750001072,159.52693750001072,25448.843788132326,4.186663136816756,20,Sunday,12
2013-12-29 21:00:00,3634.6280000000015,3705.24573875,-70.61773874999835,70.61773874999835,4986.865026163019,1.9429151690351345,21,Sunday,12
2013-12-29 21:30:00,3406.629999999998,3521.0189129880937,-114.38891298809585,114.38891298809585,13084.823414598164,3.357832021325942,21,Sunday,12
2013-12-29 22:00:00,3162.151999999998,3169.2531327857123,-7.101132785714071,7.101132785714071,50.42608684034329,0.22456645935154526,22,Sunday,12
2013-12-29 22:30:00,2869.2900000000086,2895.270181190474,-25.980181190465373,25.980181190465373,674.9698146894108,0.9054567921146102,22,Sunday,12
2013-12-29 23:00:00,2629.1720000000028,2624.499936750001,4.672063250001884,4.672063250001884,21.828175012018164,0.17770093588406838,23,Sunday,12
2013-12-29 23:30:00,2405.289999999998,2413.297354416668,-8.007354416669841,8.007354416669841,64.11772475416201,0.3329059870813851,23,Sunday,12
2013-12-30 00:00:00,2217.789999999994,2229.5258114206345,-11.735811420640403,11.735811420640403,137.7292697008337,0.5291669373854347,0,Monday,12
2013-12-30 00:30:00,2104.841999999999,2078.945763071429,25.896236928570033,25.896236928570033,670.6150870606343,1.2303173790987658,0,Monday,12
2013-12-30 01:00:00,2021.7779999999968,1991.051005591269,30.726994408727933,30.726994408727933,944.1481853939977,1.5198006115769378,1,Monday,12
2013-12-30 01:30:00,1933.9779999999985,1946.269203085496,-12.2912030854975,12.2912030854975,151.07367328894327,0.6355399640273834,1,Monday,12
2013-12-30 02:00:00,1885.1499999999992,1889.1069300238075,-3.9569300238083542,3.9569300238083542,15.657295213315983,0.20990000921986876,2,Monday,12
2013-12-30 02:30:00,1827.6900000000023,1835.5424567579355,-7.852456757933169,7.852456757933169,61.66107713521029,0.4296383280497874,2,Monday,12
2013-12-30 03:00:00,1802.106000000001,1804.974737297618,-2.8687372976171446,2.8687372976171446,8.229653682739718,0.15918804430023223,3,Monday,12
2013-12-30 03:30:00,1769.053999999991,1799.549498960317,-30.495498960325904,30.495498960325904,929.9754568392383,1.7238308700766658,3,Monday,12
2013-12-30 04:00:00,1769.521999999995,1785.0130442619038,-15.491044261908883,15.491044261908883,239.97245232442012,0.8754366581432119,4,Monday,12
2013-12-30 04:30:00,1805.4180000000003,1815.117431079364,-9.699431079363649,9.699431079363649,94.07896326332548,0.5372401892173251,4,Monday,12
2013-12-30 05:00:00,1875.614000000003,1908.7194012222212,-33.105401222218234,33.105401222218234,1095.9675900840484,1.7650434056377367,5,Monday,12
2013-12-30 05:30:00,1960.4639999999988,2030.7729140476167,-70.30891404761792,70.30891404761792,4943.343394555324,3.586340481009494,5,Monday,12
2013-12-30 06:00:00,2102.639999999993,2106.374856789684,-3.7348567896910936,3.7348567896910936,13.949155239501662,0.17762702077821718,6,Monday,12
2013-12-30 06:30:00,2326.235999999998,2400.338291378788,-74.10229137879014,74.10229137879014,5491.149587587116,3.1855018742204235,6,Monday,12
2013-12-30 07:00:00,2545.1579999999963,2603.7556219166663,-58.59762191667005,58.59762191667005,3433.68129428901,2.3023176524471225,7,Monday,12
2013-12-30 07:30:00,2672.574000000004,2844.721208416668,-172.14720841666394,172.14720841666394,29634.661365650332,6.441251333608113,7,Monday,12
2013-12-30 08:00:00,2740.987999999992,2916.014861317461,-175.02686131746896,175.02686131746896,30634.40218264451,6.385539131053089,8,Monday,12
2013-12-30 08:30:00,2863.4139999999925,2932.97433213492,-69.56033213492765,69.56033213492765,4838.639806721448,2.4292795989307807,8,Monday,12
2013-12-30 09:00:00,2918.968000000006,2990.4456621984123,-71.47766219840605,71.47766219840605,5109.0561933494455,2.4487305855496153,9,Monday,12
2013-12-30 09:30:00,2929.539999999992,2993.9263154797936,-64.38631547980185,64.38631547980185,4145.597621064571,2.1978302218028096,9,Monday,12
2013-12-30 10:00:00,2918.8639999999955,2952.6424095216416,-33.778409521646154,33.778409521646154,1140.9809498120355,1.1572450625190556,10,Monday,12
2013-12-30 10:30:00,2967.0120000000047,2892.5489359321755,74.46306406782924,74.46306406782924,5544.747910369641,2.5096987834167543,10,Monday,12
2013-12-30 11:00:00,2930.353999999996,3019.576785797617,-89.22278579762087,89.22278579762087,7960.705505488137,3.044778405531243,11,Monday,12
2013-12-30 11:30:00,2944.589999999993,2917.619926360749,26.970073639243765,26.970073639243765,727.3848721062315,0.9159194875770084,11,Monday,12
2013-12-30 12:00:00,2956.853999999997,2945.7734369025943,11.080563097402774,11.080563097402774,122.77887855552414,0.374741637476953,12,Monday,12
2013-12-30 12:30:00,2943.7760000000108,2974.1213360432885,-30.34533604327771,30.34533604327771,920.8394195794494,1.0308303363869262,12,Monday,12
2013-12-30 13:00:00,2972.6839999999943,2942.725263688309,29.958736311685243,29.958736311685243,897.525881393088,1.0078009069139302,13,Monday,12
2013-12-30 13:30:00,2972.76,3030.13075110714,-57.37075110713977,57.37075110713977,3291.4030825973787,1.9298816960380174,13,Monday,12
2013-12-30 14:00:00,3007.7140000000027,3017.627932083331,-9.913932083328291,9.913932083328291,98.28604935284602,0.32961684798914664,14,Monday,12
2013-12-30 14:30:00,3024.1600000000026,3053.444459234126,-29.28445923412346,29.28445923412346,857.5795526350388,0.9683501942398363,14,Monday,12
2013-12-30 15:00:00,3139.1339999999977,3115.211371380954,23.922628619043735,23.922628619043735,572.2921600446904,0.762077331488358,15,Monday,12
2013-12-30 15:30:00,3298.289999999997,3273.3638058534784,24.926194146518355,24.926194146518355,621.3151546299259,0.7557308225328391,15,Monday,12
2013-12-30 16:00:00,3402.944000000004,3504.0033546904747,-101.05935469047063,101.05935469047063,10212.993170454347,2.969762496546241,16,Monday,12
2013-12-30 16:30:00,3661.392000000004,3699.685419642857,-38.29341964285322,38.29341964285322,1466.385987943657,1.0458705225458838,16,Monday,12
2013-12-30 17:00:00,3929.714000000009,3979.000214519843,-49.286214519834175,49.286214519834175,2429.130941695113,1.2541934227232328,17,Monday,12
2013-12-30 17:30:00,4082.3160000000007,4200.7474741309525,-118.43147413095176,118.43147413095176,14026.014064830295,2.901085416487889,17,Monday,12
2013-12-30 18:00:00,4192.997999999992,4233.44075884524,-40.442758845248136,40.442758845248136,1635.6167430148964,0.9645308403497499,18,Monday,12
2013-12-30 18:30:00,4103.584,4339.0694310873005,-235.48543108730064,235.48543108730064,55453.38825437182,5.7385307840000515,18,Monday,12
2013-12-30 19:00:00,3940.985999999992,4120.997025404762,-180.01102540476995,180.01102540476995,32403.969267276734,4.567664675915376,19,Monday,12
2013-12-30 19:30:00,3926.520000000002,3873.056386357144,53.46361364285758,53.46361364285758,2858.3579837527473,1.3616029879602691,19,Monday,12
2013-12-30 20:00:00,4040.017999999997,3829.759945035716,210.25805496428075,210.25805496428075,44208.4496773625,5.204384113246053,20,Monday,12
2013-12-30 20:30:00,4016.7999999999984,3953.705740035714,63.09425996428445,63.09425996428445,3980.8856404407074,1.5707593100050903,20,Monday,12
2013-12-30 21:00:00,3747.783999999995,3916.628374007936,-168.84437400794104,168.84437400794104,28508.422634133476,4.50517890059676,21,Monday,12
2013-12-30 21:30:00,3566.691999999999,3581.816239781744,-15.124239781745018,15.124239781745018,228.7426289757186,0.4240410941495656,21,Monday,12
2013-12-30 22:00:00,3268.969999999997,3308.5323718412687,-39.56237184127167,39.56237184127167,1565.1812657070454,1.210239673085764,22,Monday,12
2013-12-30 22:30:00,2964.965999999998,2969.5441982738093,-4.578198273811267,4.578198273811267,20.95989943432847,0.15440980685145364,22,Monday,12
2013-12-30 23:00:00,2666.612000000004,2670.727598285712,-4.11559828570762,4.11559828570762,16.938149249319498,0.15433809964507822,23,Monday,12
2013-12-30 23:30:00,2482.5160000000024,2416.709731253968,65.80626874603422,65.80626874603422,4330.46500627528,2.650789309959499,23,Monday,12
2013-12-31 00:00:00,2294.0959999999945,2280.336725444443,13.759274555551656,13.759274555551656,189.31763629505122,0.5997689092152938,0,Tuesday,12
2013-12-31 00:30:00,2159.449999999993,2144.6636542261904,14.786345773802623,14.786345773802623,218.63602134245068,0.684727396966944,0,Tuesday,12
2013-12-31 01:00:00,2049.681999999999,2035.337092714285,14.344907285713816,14.344907285713816,205.77636503572532,0.6998601385831473,1,Tuesday,12
2013-12-31 01:30:00,1976.9979999999985,1963.5104666767677,13.487533323230764,13.487533323230764,181.9135551452603,0.6822229118709667,1,Tuesday,12
2013-12-31 02:00:00,1913.3679999999952,1914.3904202976205,-1.022420297625331,1.022420297625331,1.0453432649962704,0.053435632749441485,2,Tuesday,12
2013-12-31 02:30:00,1874.838000000001,1854.677711814935,20.160288185066065,20.160288185066065,406.43721970491436,1.0753082765052797,2,Tuesday,12
2013-12-31 03:00:00,1806.1279999999988,1824.2837076190483,-18.155707619049508,18.155707619049508,329.62971914841233,1.005228179788449,3,Tuesday,12
2013-12-31 03:30:00,1792.0160000000026,1810.7928422222217,-18.776842222219102,18.776842222219102,352.56980383811,1.0478055007443614,3,Tuesday,12
2013-12-31 04:00:00,1818.939999999997,1788.0510631984116,30.888936801585487,30.888936801585487,954.1264167323422,1.6981833816170702,4,Tuesday,12
2013-12-31 04:30:00,1827.368,1866.8375467857145,-39.469546785714556,39.469546785714556,1557.8451234697102,2.1599123321473592,4,Tuesday,12
2013-12-31 05:00:00,1863.0379999999984,1942.5292619523816,-79.49126195238318,79.49126195238318,6318.860726782403,4.266754728158162,5,Tuesday,12
2013-12-31 05:30:00,1938.2440000000013,2012.4087470329648,-74.16474703296353,74.16474703296353,5500.409702463473,3.826388578164745,5,Tuesday,12
2013-12-31 06:00:00,2058.0359999999964,2082.892875277777,-24.856875277780546,24.856875277780546,617.8642485751377,1.2077959412653902,6,Tuesday,12
2013-12-31 06:30:00,2264.943999999997,2293.8332824404765,-28.889282440479747,28.889282440479747,834.5906399258114,1.275496543865093,6,Tuesday,12
2013-12-31 07:00:00,2454.2259999999974,2552.0345949087296,-97.80859490873218,97.80859490873218,9566.52123802047,3.98531328853709,7,Tuesday,12
2013-12-31 07:30:00,2682.041999999992,2715.7097767619066,-33.66777676191441,33.66777676191441,1133.519192090104,1.2553038603390443,7,Tuesday,12
2013-12-31 08:00:00,2836.6360000000004,2931.409774115079,-94.7737741150786,94.7737741150786,8982.068260015942,3.3410622341068286,8,Tuesday,12
2013-12-31 08:30:00,2969.5320000000056,2969.312258634918,0.21974136508742959,0.21974136508742959,0.048286267530487016,0.007399865200557837,8,Tuesday,12
2013-12-31 09:00:00,3030.6099999999915,3017.878447333335,12.731552666656626,12.731552666656626,162.09243330385144,0.4200986820031829,9,Tuesday,12
2013-12-31 09:30:00,3077.416,3068.0515915476194,9.364408452380758,9.364408452380758,87.69214566302018,0.30429452671919416,9,Tuesday,12
2013-12-31 10:00:00,3048.3900000000035,3100.556012,-52.1660119999965,52.1660119999965,2721.292807983779,1.7112643723406924,10,Tuesday,12
2013-12-31 10:30:00,3164.599999999991,3065.6775074729226,98.92249252706824,98.92249252706824,9785.659527767872,3.125908251503145,10,Tuesday,12
2013-12-31 11:00:00,3226.334000000008,3192.726745850134,33.607254149873825,33.607254149873825,1129.4475314942115,1.041654526464828,11,Tuesday,12
2013-12-31 11:30:00,3268.06,3269.1597759650326,-1.099775965032677,1.099775965032677,1.209507173263556,0.03365225745649337,11,Tuesday,12
2013-12-31 12:00:00,3378.184000000002,3301.18482683225,76.9991731677519,76.9991731677519,5928.872668517445,2.2793066679539025,12,Tuesday,12
2013-12-31 12:30:00,3452.0539999999933,3447.911876616596,4.14212338339712,4.14212338339712,17.157186123285204,0.11999010975486271,12,Tuesday,12
2013-12-31 13:00:00,3518.581999999991,3501.077727844769,17.50427215522177,17.50427215522177,306.39954368407217,0.4974808645989156,13,Tuesday,12
2013-12-31 13:30:00,3662.9680000000058,3596.117480587301,66.85051941270467,66.85051941270467,4468.991945748404,1.8250369485265656,13,Tuesday,12
2013-12-31 14:00:00,3733.682000000002,3817.56786728968,-83.88586728967812,83.88586728967812,7036.838730941489,2.2467330450123515,14,Tuesday,12
2013-12-31 14:30:00,3821.2440000000015,3786.955348365797,34.2886516342046,34.2886516342046,1175.7116308918417,0.8973164664230964,14,Tuesday,12
2013-12-31 15:00:00,3933.870000000016,3900.740137408729,33.12986259128684,33.12986259128684,1097.587795317547,0.8421697359416225,15,Tuesday,12
2013-12-31 15:30:00,4078.788000000011,4111.623616575394,-32.83561657538348,32.83561657538348,1078.1777158855984,0.8050336662602566,15,Tuesday,12
2013-12-31 16:00:00,4240.400000000004,4220.482087559528,19.917912440476357,19.917912440476357,396.72323598648285,0.4697177728628511,16,Tuesday,12
2013-12-31 16:30:00,4356.387999999984,4486.3321492976165,-129.94414929763298,129.94414929763298,16885.48193668553,2.982841503044115,16,Tuesday,12
2013-12-31 17:00:00,4318.1559999999945,4574.8998238373,-256.7438238373052,256.7438238373052,65917.3910786012,5.945681995678375,17,Tuesday,12
2013-12-31 17:30:00,4219.595999999983,4456.136656071427,-236.54065607144366,236.54065607144366,55951.481974709,5.605765482559103,17,Tuesday,12
2013-12-31 18:00:00,4129.199999999999,4266.311502642857,-137.1115026428579,137.1115026428579,18799.564156982426,3.320534307925456,18,Tuesday,12
2013-12-31 18:30:00,3984.259999999992,4152.171403785716,-167.91140378572436,167.91140378572436,28194.23952129257,4.214368635222718,18,Tuesday,12
2013-12-31 19:00:00,3855.269999999999,3983.375800988095,-128.10580098809578,128.10580098809578,16411.0962468016,3.32287494748995,19,Tuesday,12
2013-12-31 19:30:00,3768.096000000002,3796.29743554762,-28.201435547618075,28.201435547618075,795.3209669464565,0.7484266735141053,19,Tuesday,12
2013-12-31 20:00:00,3682.107999999987,3862.598827678569,-180.4908276785818,180.4908276785818,32576.938876099513,4.90183415800358,20,Tuesday,12
2013-12-31 20:30:00,3565.4459999999904,3881.2737244404734,-315.82772444048305,315.82772444048305,99747.15152525369,8.858014521619003,20,Tuesday,12
2013-12-31 21:00:00,3495.94200000001,3503.7288951269834,-7.786895126973377,7.786895126973377,60.635735718481726,0.22274097015835376,21,Tuesday,12
2013-12-31 21:30:00,3362.641999999996,3493.6252764007927,-130.9832764007965,130.9832764007965,17156.618696687456,3.8952489263143883,21,Tuesday,12
2013-12-31 22:00:00,3274.724000000008,3186.509453301589,88.21454669841887,88.21454669841887,7781.806249207524,2.693800964552086,22,Tuesday,12
2013-12-31 22:30:00,3184.9939999999883,3080.4214871309528,104.57251286903556,104.57251286903556,10935.410447744609,3.2832875939181028,22,Tuesday,12
2013-12-31 23:00:00,3027.585999999996,2952.0729628293657,75.51303717063047,75.51303717063047,5702.218782733019,2.494166546239498,23,Tuesday,12
2013-12-31 23:30:00,2782.694000000004,2753.889420531746,28.804579468257998,28.804579468257998,829.7037983431902,1.0351328413493528,23,Tuesday,12
